IPV6 address detected. We split the IPV4 address as 10.102.35.9
IP Head: 10.102.35.9:6379
Starting HEAD at gpu-b10-2
[2025-11-28 15:36:44,063 I 672498 672498] (gcs_server) gcs_server_main.cc:89: Ray cluster metadata ray_version=2.52.0 ray_commit=9527a555280fb9837ce73dabf01559c20656a456
[2025-11-28 15:36:44,065 I 672498 672498] (gcs_server) event.cc:499: Ray Event initialized for GCS
[2025-11-28 15:36:44,065 I 672498 672498] (gcs_server) event.cc:499: Ray Event initialized for EXPORT_NODE
[2025-11-28 15:36:44,066 I 672498 672498] (gcs_server) event.cc:499: Ray Event initialized for EXPORT_ACTOR
[2025-11-28 15:36:44,066 I 672498 672498] (gcs_server) event.cc:499: Ray Event initialized for EXPORT_DRIVER_JOB
[2025-11-28 15:36:44,066 I 672498 672498] (gcs_server) event.cc:332: Set ray event level to warning
[2025-11-28 15:36:44,087 I 672498 672498] (gcs_server) event_aggregator_client.h:50: Initiating the local event aggregator client with port: 49341
[2025-11-28 15:36:44,097 I 672498 672498] (gcs_server) gcs_server.cc:150: GCS storage type is StorageType::IN_MEMORY
[2025-11-28 15:36:44,098 I 672498 672498] (gcs_server) gcs_init_data.cc:46: Loading job table data.
[2025-11-28 15:36:44,098 I 672498 672498] (gcs_server) gcs_init_data.cc:56: Loading node table data.
[2025-11-28 15:36:44,098 I 672498 672498] (gcs_server) gcs_init_data.cc:76: Loading actor table data.
[2025-11-28 15:36:44,098 I 672498 672498] (gcs_server) gcs_init_data.cc:87: Loading actor task spec table data.
[2025-11-28 15:36:44,098 I 672498 672498] (gcs_server) gcs_init_data.cc:66: Loading placement group table data.
[2025-11-28 15:36:44,098 I 672498 672498] (gcs_server) gcs_init_data.cc:50: Finished loading job table data, size = 0
[2025-11-28 15:36:44,098 I 672498 672498] (gcs_server) gcs_init_data.cc:60: Finished loading node table data, size = 0
[2025-11-28 15:36:44,098 I 672498 672498] (gcs_server) gcs_init_data.cc:81: Finished loading actor table data, size = 0
[2025-11-28 15:36:44,098 I 672498 672498] (gcs_server) gcs_init_data.cc:91: Finished loading actor task spec table data, size = 0
[2025-11-28 15:36:44,098 I 672498 672498] (gcs_server) gcs_init_data.cc:70: Finished loading placement group table data, size = 0
[2025-11-28 15:36:44,098 I 672498 672498] (gcs_server) gcs_server.cc:241: Generated new cluster ID. cluster_id=d4da66abe1fdf6874baf490cb3dfca053f7d599e8a763dcd358fb57d
[2025-11-28 15:36:44,100 I 672498 672498] (gcs_server) gcs_server.cc:753: Autoscaler V2 enabled: 0
[2025-11-28 15:36:44,100 I 672498 672498] (gcs_server) metrics_agent_client.cc:42: Initializing exporter ...
[2025-11-28 15:36:44,102 I 672498 672498] (gcs_server) grpc_server.cc:143: GcsServer server started, listening on port 6379.
[2025-11-28 15:36:45,078 I 672498 672498] (gcs_server) gcs_server.cc:926: Gcs Debug state:

GcsNodeManager: 
- RegisterNode request count: 0
- DrainNode request count: 0
- GetAllNodeInfo request count: 0

GcsActorManager: 
- RegisterActor request count: 0
- CreateActor request count: 0
- GetActorInfo request count: 0
- GetNamedActorInfo request count: 0
- GetAllActorInfo request count: 0
- KillActor request count: 0
- ListNamedActors request count: 0
- Registered actors count: 0
- Destroyed actors count: 0
- Named actors count: 0
- Unresolved actors count: 0
- Pending actors count: 0
- Created actors count: 0
- owners_: 0
- actor_to_register_callbacks_: 0
- actor_to_restart_for_lineage_reconstruction_callbacks_: 0
- actor_to_create_callbacks_: 0
- sorted_destroyed_actor_list_: 0

GcsResourceManager: 
- GetAllAvailableResources request count: 0
- GetAllTotalResources request count: 0
- GetAllResourceUsage request count: 0

GcsPlacementGroupManager: 
- CreatePlacementGroup request count: 0
- RemovePlacementGroup request count: 0
- GetPlacementGroup request count: 0
- GetAllPlacementGroup request count: 0
- WaitPlacementGroupUntilReady request count: 0
- GetNamedPlacementGroup request count: 0
- Scheduling pending placement group count: 0
- Registered placement groups count: 0
- Named placement group count: 0
- Pending placement groups count: 0
- Infeasible placement groups count: 0

Publisher:

[runtime env manager] ID to URIs table:
[runtime env manager] URIs reference table:

GcsTaskManager: 
-Total num task events reported: 0
-Total num status task events dropped: 0
-Total num profile events dropped: 0
-Current num of task events stored: 0
-Total num of actor creation tasks: 0
-Total num of actor tasks: 0
-Total num of normal tasks: 0
-Total num of driver tasks: 0

GcsAutoscalerStateManager: 
- last_seen_autoscaler_state_version_: 0
- last_cluster_resource_state_version_: 0
- pending demands:



[2025-11-28 15:36:45,078 I 672498 672498] (gcs_server) gcs_server.cc:940: Main service Event stats:


Global stats: 32 total (13 active)
Queueing time: mean = 123.54ms, max = 978.61ms, min = 0.00ms, total = 3953.19ms
Execution time:  mean = 61.13ms, total = 1956.23ms
Event stats:
	GcsInMemoryStore.Put - 9 total (6 active), Execution time: mean = 108.35ms, total = 975.18ms, Queueing time: mean = 108.61ms, max = 977.34ms, min = 0.00ms, total = 977.52ms
	GcsInMemoryStore.GetAll - 5 total (0 active), Execution time: mean = 0.01ms, total = 0.07ms, Queueing time: mean = 0.07ms, max = 0.10ms, min = 0.05ms, total = 0.37ms
	PeriodicalRunner.RunFnPeriodically - 5 total (2 active, 1 running), Execution time: mean = 0.06ms, total = 0.31ms, Queueing time: mean = 392.11ms, max = 978.61ms, min = 3.95ms, total = 1960.57ms
	event_loop_lag_probe - 2 total (0 active), Execution time: mean = 0.01ms, total = 0.01ms, Queueing time: mean = 17.22ms, max = 34.33ms, min = 0.11ms, total = 34.44ms
	RayletLoadPulled - 1 total (1 active), Execution time: mean = 0.00ms, total = 0.00ms, Queueing time: mean = 0.00ms, max = -0.00ms, min = 9223372036854.78ms, total = 0.00ms
	GCSServer.deadline_timer.metrics_report - 1 total (1 active), Execution time: mean = 0.00ms, total = 0.00ms, Queueing time: mean = 0.00ms, max = -0.00ms, min = 9223372036854.78ms, total = 0.00ms
	GcsServer.GetOrGenerateClusterId.continuation - 1 total (0 active), Execution time: mean = 975.13ms, total = 975.13ms, Queueing time: mean = 0.00ms, max = 0.00ms, min = 0.00ms, total = 0.00ms
	MetricsAgentClient.WaitForServerReadyWithRetry - 1 total (1 active), Execution time: mean = 0.00ms, total = 0.00ms, Queueing time: mean = 0.00ms, max = -0.00ms, min = 9223372036854.78ms, total = 0.00ms
	NodeInfoGcsService.grpc_server.GetClusterId.HandleRequestImpl - 1 total (0 active), Execution time: mean = 3.79ms, total = 3.79ms, Queueing time: mean = 8.47ms, max = 8.47ms, min = 8.47ms, total = 8.47ms
	NodeInfoGcsService.grpc_server.GetClusterId - 1 total (1 active), Execution time: mean = 0.00ms, total = 0.00ms, Queueing time: mean = 0.00ms, max = -0.00ms, min = 9223372036854.78ms, total = 0.00ms
	ReporterService.grpc_client.HealthCheck.OnReplyReceived - 1 total (0 active), Execution time: mean = 0.07ms, total = 0.07ms, Queueing time: mean = 971.79ms, max = 971.79ms, min = 971.79ms, total = 971.79ms
	GcsInitData::AsyncLoad - 1 total (0 active), Execution time: mean = 0.01ms, total = 0.01ms, Queueing time: mean = 0.00ms, max = 0.00ms, min = 0.00ms, total = 0.00ms
	ClusterResourceManager.ResetRemoteNodeView - 1 total (1 active), Execution time: mean = 0.00ms, total = 0.00ms, Queueing time: mean = 0.00ms, max = -0.00ms, min = 9223372036854.78ms, total = 0.00ms
	GcsInMemoryStore.Get - 1 total (0 active), Execution time: mean = 0.02ms, total = 0.02ms, Queueing time: mean = 0.02ms, max = 0.02ms, min = 0.02ms, total = 0.02ms
	ReporterService.grpc_client.HealthCheck - 1 total (0 active), Execution time: mean = 1.64ms, total = 1.64ms, Queueing time: mean = 0.00ms, max = -0.00ms, min = 9223372036854.78ms, total = 0.00ms


[2025-11-28 15:36:45,078 I 672498 672498] (gcs_server) gcs_server.cc:944: task_io_context Event stats:


Global stats: 4 total (1 active)
Queueing time: mean = 0.16ms, max = 0.57ms, min = 0.02ms, total = 0.64ms
Execution time:  mean = 0.14ms, total = 0.57ms
Event stats:
	event_loop_lag_probe - 2 total (0 active), Execution time: mean = 0.28ms, total = 0.56ms, Queueing time: mean = 0.31ms, max = 0.57ms, min = 0.06ms, total = 0.63ms
	PeriodicalRunner.RunFnPeriodically - 1 total (0 active), Execution time: mean = 0.02ms, total = 0.02ms, Queueing time: mean = 0.02ms, max = 0.02ms, min = 0.02ms, total = 0.02ms
	GcsTaskManager.GcJobSummary - 1 total (1 active), Execution time: mean = 0.00ms, total = 0.00ms, Queueing time: mean = 0.00ms, max = -0.00ms, min = 9223372036854.78ms, total = 0.00ms


[2025-11-28 15:36:45,078 I 672498 672498] (gcs_server) gcs_server.cc:944: pubsub_io_context Event stats:


Global stats: 4 total (1 active)
Queueing time: mean = 0.20ms, max = 0.77ms, min = 0.02ms, total = 0.80ms
Execution time:  mean = 0.08ms, total = 0.33ms
Event stats:
	event_loop_lag_probe - 2 total (0 active), Execution time: mean = 0.16ms, total = 0.33ms, Queueing time: mean = 0.39ms, max = 0.77ms, min = 0.02ms, total = 0.79ms
	PeriodicalRunner.RunFnPeriodically - 1 total (0 active), Execution time: mean = 0.01ms, total = 0.01ms, Queueing time: mean = 0.02ms, max = 0.02ms, min = 0.02ms, total = 0.02ms
	Publisher.CheckDeadSubscribers - 1 total (1 active), Execution time: mean = 0.00ms, total = 0.00ms, Queueing time: mean = 0.00ms, max = -0.00ms, min = 9223372036854.78ms, total = 0.00ms


[2025-11-28 15:36:45,078 I 672498 672498] (gcs_server) gcs_server.cc:944: ray_syncer_io_context Event stats:


Global stats: 4 total (0 active)
Queueing time: mean = 0.35ms, max = 1.29ms, min = 0.02ms, total = 1.40ms
Execution time:  mean = 0.06ms, total = 0.23ms
Event stats:
	event_loop_lag_probe - 2 total (0 active), Execution time: mean = 0.11ms, total = 0.22ms, Queueing time: mean = 0.67ms, max = 1.29ms, min = 0.04ms, total = 1.34ms
	RaySyncerRegister - 2 total (0 active), Execution time: mean = 0.00ms, total = 0.01ms, Queueing time: mean = 0.03ms, max = 0.04ms, min = 0.02ms, total = 0.06ms


[2025-11-28 15:36:45,078 I 672498 672498] (gcs_server) gcs_server.cc:944: ray_event_io_context Event stats:


Global stats: 2 total (0 active)
Queueing time: mean = 0.57ms, max = 1.12ms, min = 0.03ms, total = 1.15ms
Execution time:  mean = 0.09ms, total = 0.18ms
Event stats:
	event_loop_lag_probe - 2 total (0 active), Execution time: mean = 0.09ms, total = 0.18ms, Queueing time: mean = 0.57ms, max = 1.12ms, min = 0.03ms, total = 1.15ms


2025-11-28 15:36:46,335	INFO (monitor) monitor.py:729 -- Starting monitor using ray installation: /scratch/zt1/project/cmsc848n/user/vla/cofa/verl/.venv/lib/python3.12/site-packages/ray/__init__.py
2025-11-28 15:36:46,336	INFO (monitor) monitor.py:730 -- Ray version: 2.52.0
2025-11-28 15:36:46,336	INFO (monitor) monitor.py:731 -- Ray commit: 9527a555280fb9837ce73dabf01559c20656a456
2025-11-28 15:36:46,336	INFO (monitor) monitor.py:732 -- Monitor started with command: ['/scratch/zt1/project/cmsc848n/user/vla/cofa/verl/.venv/lib/python3.12/site-packages/ray/autoscaler/_private/monitor.py', '--logs-dir=/tmp/ray/session_2025-11-28_15-36-43_993248_672415/logs', '--logging-rotate-bytes=536870912', '--logging-rotate-backup-count=5', '--gcs-address=10.102.35.9:6379', '--logging-filename=', '--logging-format=%(asctime)s\t%(levelname)s (monitor) %(filename)s:%(lineno)s -- %(message)s', '--monitor-ip=10.102.35.9']
2025-11-28 15:36:46,350	INFO (dashboard) utils.py:307 -- Get all modules by type: DashboardHeadModule
2025-11-28 15:36:46,354	INFO (monitor) monitor.py:161 -- session_name: session_2025-11-28_15-36-43_993248_672415
2025-11-28 15:36:46,355	INFO (monitor) monitor.py:193 -- Starting autoscaler metrics server on port 44217
2025-11-28 15:36:46,364	INFO (monitor) monitor.py:218 -- Monitor: Started
2025-11-28 15:36:46,394	INFO (monitor) autoscaler.py:280 -- disable_node_updaters:False
2025-11-28 15:36:46,394	INFO (monitor) autoscaler.py:289 -- disable_launch_config_check:True
2025-11-28 15:36:46,394	INFO (monitor) autoscaler.py:301 -- foreground_node_launch:False
2025-11-28 15:36:46,394	INFO (monitor) autoscaler.py:311 -- worker_liveness_check:True
2025-11-28 15:36:46,396	INFO (monitor) autoscaler.py:361 -- StandardAutoscaler: {'cluster_name': 'default', 'max_workers': 0, 'upscaling_speed': 1.0, 'docker': {}, 'idle_timeout_minutes': 0, 'provider': {'type': 'readonly', 'use_node_id_as_ip': True, 'disable_launch_config_check': True}, 'auth': {}, 'available_node_types': {'ray.head.default': {'resources': {}, 'node_config': {}, 'max_workers': 0}}, 'head_node_type': 'ray.head.default', 'file_mounts': {}, 'cluster_synced_files': [], 'file_mounts_sync_continuously': False, 'rsync_exclude': [], 'rsync_filter': [], 'initialization_commands': [], 'setup_commands': [], 'head_setup_commands': [], 'worker_setup_commands': [], 'head_start_ray_commands': [], 'worker_start_ray_commands': []}
2025-11-28 15:36:46,399	INFO (monitor) monitor.py:407 -- Autoscaler has not yet received load metrics. Waiting.
2025-11-28 15:36:46,587	INFO (dashboard) utils.py:318 -- Module ray.dashboard.modules.aggregator.aggregator_agent cannot be loaded because we cannot import all dependencies. Install this module using `pip install 'ray[default]'` for the full dashboard functionality. Error: No module named 'opentelemetry'
2025-11-28 15:36:46,592	INFO (dashboard) utils.py:318 -- Module ray.dashboard.modules.aggregator.multi_consumer_event_buffer cannot be loaded because we cannot import all dependencies. Install this module using `pip install 'ray[default]'` for the full dashboard functionality. Error: No module named 'opentelemetry'
2025-11-28 15:36:46,618	INFO (dashboard) utils.py:318 -- Module ray.dashboard.modules.aggregator.publisher.metrics cannot be loaded because we cannot import all dependencies. Install this module using `pip install 'ray[default]'` for the full dashboard functionality. Error: No module named 'opentelemetry'
2025-11-28 15:36:46,624	INFO (dashboard) utils.py:318 -- Module ray.dashboard.modules.aggregator.publisher.ray_event_publisher cannot be loaded because we cannot import all dependencies. Install this module using `pip install 'ray[default]'` for the full dashboard functionality. Error: No module named 'opentelemetry'
2025-11-28 15:36:46,754	INFO (dashboard) utils.py:318 -- Module ray.dashboard.modules.data.data_head cannot be loaded because we cannot import all dependencies. Install this module using `pip install 'ray[default]'` for the full dashboard functionality. Error: No module named 'aiohttp_cors'
2025-11-28 15:36:46,770	INFO (dashboard) utils.py:318 -- Module ray.dashboard.modules.event.event_head cannot be loaded because we cannot import all dependencies. Install this module using `pip install 'ray[default]'` for the full dashboard functionality. Error: No module named 'aiohttp_cors'
2025-11-28 15:36:46,937	INFO (dashboard) utils.py:318 -- Module ray.dashboard.modules.job.job_agent cannot be loaded because we cannot import all dependencies. Install this module using `pip install 'ray[default]'` for the full dashboard functionality. Error: No module named 'aiohttp_cors'
2025-11-28 15:36:46,953	INFO (dashboard) utils.py:318 -- Module ray.dashboard.modules.job.job_head cannot be loaded because we cannot import all dependencies. Install this module using `pip install 'ray[default]'` for the full dashboard functionality. Error: No module named 'aiohttp_cors'
2025-11-28 15:36:47,036	INFO (dashboard) utils.py:318 -- Module ray.dashboard.modules.log.log_agent cannot be loaded because we cannot import all dependencies. Install this module using `pip install 'ray[default]'` for the full dashboard functionality. Error: No module named 'aiohttp_cors'
2025-11-28 15:36:47,310	INFO server.py:899 -- Starting Ray Client server on 10.102.35.9:10001, args Namespace(host='10.102.35.9', port=10001, mode='proxy', address='10.102.35.9:6379', redis_username=None, redis_password=None, runtime_env_agent_address='http://10.102.35.9:59125')
2025-11-28 15:36:47,433	INFO (dashboard) utils.py:318 -- Module ray.dashboard.modules.metrics.metrics_head cannot be loaded because we cannot import all dependencies. Install this module using `pip install 'ray[default]'` for the full dashboard functionality. Error: No module named 'aiohttp_cors'
2025-11-28 15:36:47,451	INFO (dashboard) utils.py:318 -- Module ray.dashboard.modules.node.node_head cannot be loaded because we cannot import all dependencies. Install this module using `pip install 'ray[default]'` for the full dashboard functionality. Error: No module named 'aiohttp_cors'
2025-11-28 15:36:47,468	INFO (dashboard) utils.py:318 -- Module ray.dashboard.modules.reporter.healthz_agent cannot be loaded because we cannot import all dependencies. Install this module using `pip install 'ray[default]'` for the full dashboard functionality. Error: No module named 'aiohttp_cors'
2025-11-28 15:36:47,472	INFO (dashboard) utils.py:318 -- Module ray.dashboard.modules.reporter.reporter_agent cannot be loaded because we cannot import all dependencies. Install this module using `pip install 'ray[default]'` for the full dashboard functionality. Error: No module named 'opencensus'
2025-11-28 15:36:47,480	INFO (dashboard) utils.py:318 -- Module ray.dashboard.modules.reporter.reporter_head cannot be loaded because we cannot import all dependencies. Install this module using `pip install 'ray[default]'` for the full dashboard functionality. Error: No module named 'aiohttp_cors'
2025-11-28 15:36:47,504	INFO (dashboard) utils.py:318 -- Module ray.dashboard.modules.serve.serve_head cannot be loaded because we cannot import all dependencies. Install this module using `pip install 'ray[default]'` for the full dashboard functionality. Error: No module named 'aiohttp_cors'
2025-11-28 15:36:47,568	INFO (dashboard) utils.py:318 -- Module ray.dashboard.modules.state.state_head cannot be loaded because we cannot import all dependencies. Install this module using `pip install 'ray[default]'` for the full dashboard functionality. Error: No module named 'aiohttp_cors'
2025-11-28 15:36:47,580	INFO (dashboard) utils.py:318 -- Module ray.dashboard.modules.train.train_head cannot be loaded because we cannot import all dependencies. Install this module using `pip install 'ray[default]'` for the full dashboard functionality. Error: No module named 'aiohttp_cors'
2025-11-28 15:36:47,589	INFO (dashboard) utils.py:340 -- Available modules: [<class 'ray.dashboard.modules.usage_stats.usage_stats_head.UsageStatsHead'>]
2025-11-28 15:36:47,589	INFO (dashboard) head.py:235 -- DashboardHeadModules to load: {'UsageStatsHead'}.
2025-11-28 15:36:47,589	INFO (dashboard) head.py:238 -- Loading DashboardHeadModule: <class 'ray.dashboard.modules.usage_stats.usage_stats_head.UsageStatsHead'>.
2025-11-28 15:36:47,589	INFO (dashboard) head.py:242 -- Loaded 1 dashboard head modules: [<ray.dashboard.modules.usage_stats.usage_stats_head.UsageStatsHead object at 0x152ca9816810>].
2025-11-28 15:36:47,589	INFO (dashboard) head.py:257 -- Subprocess modules not loaded in minimal mode.
2025-11-28 15:36:47,590	INFO (dashboard) head.py:444 -- http server disabled.
[2025-11-28 15:36:47,951 I 672801 672801] (raylet) main.cc:271: Setting cluster ID to: d4da66abe1fdf6874baf490cb3dfca053f7d599e8a763dcd358fb57d
[2025-11-28 15:36:47,964 I 672801 672801] (raylet) main.cc:461: Per-worker process group cleanup is DISABLED, subreaper is DISABLED
[2025-11-28 15:36:47,964 I 672801 672801] (raylet) main.cc:595: Setting node ID node_id=fbb9841b3107256f006a4e24c5be7456a673f220f17e763ce1348e9e
[2025-11-28 15:36:47,965 I 672801 672801] (raylet) store_runner.cc:50: Allowing the Plasma store to use up to 160.946GB of memory.
[2025-11-28 15:36:47,965 I 672801 672801] (raylet) store_runner.cc:66: Starting object store with directory /dev/shm, fallback /tmp/ray/session_2025-11-28_15-36-43_993248_672415, and huge page support disabled
[2025-11-28 15:36:47,966 I 672801 672824] (raylet) dlmalloc.cc:324: Setting dlmalloc config: plasma_directory=/dev/shm, fallback_directory=/tmp/ray/session_2025-11-28_15-36-43_993248_672415, hugepage_enabled=0, fallback_enabled=1
[2025-11-28 15:36:47,966 I 672801 672824] (raylet) dlmalloc.cc:153: create_and_mmap_buffer(160946454536, /dev/shm/plasmaXXXXXX)
[2025-11-28 15:36:47,968 I 672801 672824] (raylet) store.cc:572: Plasma store debug dump: 
Current usage: 0 / 160.946 GB
- num bytes created total: 0
0 pending objects of total size 0MB
- objects spillable: 0
- bytes spillable: 0
- objects unsealed: 0
- bytes unsealed: 0
- objects in use: 0
- bytes in use: 0
- objects evictable: 0
- bytes evictable: 0

- objects created by worker: 0
- bytes created by worker: 0
- objects restored: 0
- bytes restored: 0
- objects received: 0
- bytes received: 0
- objects errored: 0
- bytes errored: 0

Start verl script
2025-11-28 15:36:48,961	INFO (log_monitor) log_monitor.py:169 -- Starting log monitor with [max open files=200], [is_autoscaler_v2=False]
[2025-11-28 15:36:48,970 I 672801 672801] (raylet) grpc_server.cc:143: ObjectManager server started, listening on port 44701.
[2025-11-28 15:36:48,974 I 672801 672801] (raylet) memory_monitor.cc:47: MemoryMonitor initialized with usage threshold at 513061453824 bytes (0.95 system memory), total system memory bytes: 540064702464
[2025-11-28 15:36:48,974 I 672801 672801] (raylet) node_manager.cc:241: Initializing NodeManager node_id=fbb9841b3107256f006a4e24c5be7456a673f220f17e763ce1348e9e
[2025-11-28 15:36:48,975 I 672801 672801] (raylet) grpc_server.cc:143: NodeManager server started, listening on port 42579.
[2025-11-28 15:36:48,985 I 672801 672899] (raylet) agent_manager.cc:81: Monitor agent process with name dashboard_agent
[2025-11-28 15:36:48,986 I 672801 672801] (raylet) metrics_agent_client.cc:42: Initializing exporter ...
[2025-11-28 15:36:48,986 I 672801 672901] (raylet) agent_manager.cc:81: Monitor agent process with name runtime_env_agent
[2025-11-28 15:36:48,986 I 672801 672801] (raylet) event.cc:499: Ray Event initialized for RAYLET
[2025-11-28 15:36:48,986 I 672801 672801] (raylet) event.cc:332: Set ray event level to warning
[2025-11-28 15:36:48,988 I 672498 672498] (gcs_server) gcs_node_manager.cc:106: Registering new node. node_id=fbb9841b3107256f006a4e24c5be7456a673f220f17e763ce1348e9e node_name=10.102.35.9 node_address=10.102.35.9
[2025-11-28 15:36:48,989 I 672801 672801] (raylet) node_manager.cc:292: Raylet of id, fbb9841b3107256f006a4e24c5be7456a673f220f17e763ce1348e9e started. Raylet consists of node_manager and object_manager. node_manager address: 10.102.35.9:0 object_manager address: 10.102.35.9:44701 hostname: gpu-b10-2.zaratan.umd.edu
[2025-11-28 15:36:48,991 I 672801 672801] (raylet) node_manager.cc:440: [state-dump] NodeManager:
[state-dump] Node ID: fbb9841b3107256f006a4e24c5be7456a673f220f17e763ce1348e9e
[state-dump] Node name: 10.102.35.9
[state-dump] InitialConfigResources: {accelerator_type:A100: 1, CPU: 1, memory: 3.75541e+11, GPU: 1, node:10.102.35.9: 1, object_store_memory: 1.60946e+11, node:__internal_head__: 1}
[state-dump] ClusterLeaseManager:
[state-dump] ========== Node: fbb9841b3107256f006a4e24c5be7456a673f220f17e763ce1348e9e =================
[state-dump] Infeasible queue length: 0
[state-dump] Schedule queue length: 0
[state-dump] Grant queue length: 0
[state-dump] num_waiting_for_resource: 0
[state-dump] num_waiting_for_plasma_memory: 0
[state-dump] num_waiting_for_remote_node_resources: 0
[state-dump] num_worker_not_started_by_job_config_not_exist: 0
[state-dump] num_worker_not_started_by_registration_timeout: 0
[state-dump] num_tasks_waiting_for_workers: 0
[state-dump] num_cancelled_leases: 0
[state-dump] cluster_resource_scheduler state: 
[state-dump] Local id: -6166997991266946165 Local resources: {"total":{GPU: [10000], node:10.102.35.9: [10000], CPU: [10000], node:__internal_head__: [10000], memory: [3755414892550000], object_store_memory: [1609463525370000], accelerator_type:A100: [10000]}}, "available": {GPU: [10000], node:10.102.35.9: [10000], CPU: [10000], node:__internal_head__: [10000], memory: [3755414892550000], object_store_memory: [1609463525370000], accelerator_type:A100: [10000]}}, "labels":{"ray.io/node-id":"fbb9841b3107256f006a4e24c5be7456a673f220f17e763ce1348e9e","ray.io/accelerator-type":"A100",} is_draining: 0 is_idle: 1 Cluster resources (at most 20 nodes are shown): node id: -6166997991266946165{"total":{accelerator_type:A100: 10000, memory: 3755414892550000, object_store_memory: 1609463525370000, GPU: 10000, node:10.102.35.9: 10000, node:__internal_head__: 10000, CPU: 10000}}, "available": {accelerator_type:A100: 10000, memory: 3755414892550000, object_store_memory: 1609463525370000, GPU: 10000, node:10.102.35.9: 10000, node:__internal_head__: 10000, CPU: 10000}}, "labels":{"ray.io/node-id":"fbb9841b3107256f006a4e24c5be7456a673f220f17e763ce1348e9e","ray.io/accelerator-type":"A100",}, "is_draining": 0, "draining_deadline_timestamp_ms": -1} { "placement group locations": [], "node to bundles": []}
[state-dump] Waiting leases size: 0
[state-dump] Number of granted lease arguments: 0
[state-dump] Number of pinned lease arguments: 0
[state-dump] Number of total spilled leases: 0
[state-dump] Number of spilled waiting leases: 0
[state-dump] Number of spilled unschedulable leases: 0
[state-dump] Resource usage {
[state-dump] }
[state-dump] Backlog Size per scheduling descriptor :{workerId: num backlogs}:
[state-dump] 
[state-dump] Granted leases by scheduling class:
[state-dump] ==================================================
[state-dump] 
[state-dump] ClusterResources:
[state-dump] LocalObjectManager:
[state-dump] - num pinned objects: 0
[state-dump] - pinned objects size: 0
[state-dump] - num objects pending restore: 0
[state-dump] - num objects pending spill: 0
[state-dump] - num bytes pending spill: 0
[state-dump] - num bytes currently spilled: 0
[state-dump] - cumulative spill requests: 0
[state-dump] - cumulative restore requests: 0
[state-dump] - spilled objects pending delete: 0
[state-dump] 
[state-dump] ObjectManager:
[state-dump] - num local objects: 0
[state-dump] - num unfulfilled push requests: 0
[state-dump] - num object pull requests: 0
[state-dump] - num chunks received total: 0
[state-dump] - num chunks received failed (all): 0
[state-dump] - num chunks received failed / cancelled: 0
[state-dump] - num chunks received failed / plasma error: 0
[state-dump] Event stats:
[state-dump] Global stats: 0 total (0 active)
[state-dump] Queueing time: mean = -nanms, max = -0.00ms, min = 9223372036854.78ms, total = 0.00ms
[state-dump] Execution time:  mean = -nanms, total = 0.00ms
[state-dump] Event stats:
[state-dump] PushManager:
[state-dump] - num pushes remaining: 0
[state-dump] - num chunks in flight: 0
[state-dump] - num chunks remaining: 0
[state-dump] - max chunks allowed: 409
[state-dump] OwnershipBasedObjectDirectory:
[state-dump] - num listeners: 0
[state-dump] - cumulative location updates: 0
[state-dump] - num location updates per second: 0.000
[state-dump] - num location lookups per second: 0.000
[state-dump] - num locations added per second: 0.000
[state-dump] - num locations removed per second: 0.000
[state-dump] BufferPool:
[state-dump] - create buffer state map size: 0
[state-dump] PullManager:
[state-dump] - num bytes available for pulled objects: 160946352537
[state-dump] - num bytes being pulled (all): 0
[state-dump] - num bytes being pulled / pinned: 0
[state-dump] - get request bundles: BundlePullRequestQueue{0 total, 0 active, 0 inactive, 0 unpullable}
[state-dump] - wait request bundles: BundlePullRequestQueue{0 total, 0 active, 0 inactive, 0 unpullable}
[state-dump] - task request bundles: BundlePullRequestQueue{0 total, 0 active, 0 inactive, 0 unpullable}
[state-dump] - first get request bundle: N/A
[state-dump] - first wait request bundle: N/A
[state-dump] - first task request bundle: N/A
[state-dump] - num objects queued: 0
[state-dump] - num objects actively pulled (all): 0
[state-dump] - num objects actively pulled / pinned: 0
[state-dump] - num bundles being pulled: 0
[state-dump] - num pull retries: 0
[state-dump] - max timeout seconds: 0
[state-dump] - max timeout request is already processed. No entry.
[state-dump] 
[state-dump] WorkerPool:
[state-dump] - registered jobs: 0
[state-dump] - process_failed_job_config_missing: 0
[state-dump] - process_failed_rate_limited: 0
[state-dump] - process_failed_pending_registration: 0
[state-dump] - process_failed_runtime_env_setup_failed: 0
[state-dump] - num JAVA workers: 0
[state-dump] - num JAVA drivers: 0
[state-dump] - num JAVA pending start requests: 0
[state-dump] - num JAVA pending registration requests: 0
[state-dump] - num object spill callbacks queued: 0
[state-dump] - num object restore queued: 0
[state-dump] - num util functions queued: 0
[state-dump] - num PYTHON workers: 0
[state-dump] - num PYTHON drivers: 0
[state-dump] - num PYTHON pending start requests: 0
[state-dump] - num PYTHON pending registration requests: 0
[state-dump] - num object spill callbacks queued: 0
[state-dump] - num object restore queued: 0
[state-dump] - num util functions queued: 0
[state-dump] - num idle workers: 0
[state-dump] LeaseDependencyManager:
[state-dump] - lease deps map size: 0
[state-dump] - get req map size: 0
[state-dump] - wait req map size: 0
[state-dump] - local objects map size: 0
[state-dump] WaitManager:
[state-dump] - num active wait requests: 0
[state-dump] Subscriber:
[state-dump] Channel WORKER_OBJECT_EVICTION
[state-dump] - cumulative subscribe requests: 0
[state-dump] - cumulative unsubscribe requests: 0
[state-dump] - active subscribed publishers: 0
[state-dump] - cumulative published messages: 0
[state-dump] - cumulative processed messages: 0
[state-dump] Channel WORKER_OBJECT_LOCATIONS_CHANNEL
[state-dump] - cumulative subscribe requests: 0
[state-dump] - cumulative unsubscribe requests: 0
[state-dump] - active subscribed publishers: 0
[state-dump] - cumulative published messages: 0
[state-dump] - cumulative processed messages: 0
[state-dump] Channel WORKER_REF_REMOVED_CHANNEL
[state-dump] - cumulative subscribe requests: 0
[state-dump] - cumulative unsubscribe requests: 0
[state-dump] - active subscribed publishers: 0
[state-dump] - cumulative published messages: 0
[state-dump] - cumulative processed messages: 0
[state-dump] num async plasma notifications: 0
[state-dump] Event stats:
[state-dump] Global stats: 35 total (15 active)
[state-dump] Queueing time: mean = 2.30ms, max = 15.84ms, min = 0.00ms, total = 80.33ms
[state-dump] Execution time:  mean = 29.47ms, total = 1031.40ms
[state-dump] Event stats:
[state-dump] 	PeriodicalRunner.RunFnPeriodically - 12 total (2 active, 1 running), Execution time: mean = 0.15ms, total = 1.84ms, Queueing time: mean = 5.65ms, max = 15.84ms, min = 0.04ms, total = 67.81ms
[state-dump] 	event_loop_lag_probe - 2 total (0 active), Execution time: mean = 0.12ms, total = 0.23ms, Queueing time: mean = 6.12ms, max = 12.24ms, min = 0.00ms, total = 12.25ms
[state-dump] 	ray::rpc::InternalKVGcsService.grpc_client.GetInternalConfig.OnReplyReceived - 1 total (0 active), Execution time: mean = 1023.30ms, total = 1023.30ms, Queueing time: mean = 0.01ms, max = 0.01ms, min = 0.01ms, total = 0.01ms
[state-dump] 	ray::rpc::InternalPubSubGcsService.grpc_client.GcsSubscriberCommandBatch - 1 total (0 active), Execution time: mean = 1.10ms, total = 1.10ms, Queueing time: mean = 0.00ms, max = -0.00ms, min = 9223372036854.78ms, total = 0.00ms
[state-dump] 	MemoryMonitor.CheckIsMemoryUsageAboveThreshold - 1 total (1 active), Execution time: mean = 0.00ms, total = 0.00ms, Queueing time: mean = 0.00ms, max = -0.00ms, min = 9223372036854.78ms, total = 0.00ms
[state-dump] 	NodeManager.CheckForUnexpectedWorkerDisconnects - 1 total (1 active), Execution time: mean = 0.00ms, total = 0.00ms, Queueing time: mean = 0.00ms, max = -0.00ms, min = 9223372036854.78ms, total = 0.00ms
[state-dump] 	NodeManager.deadline_timer.record_metrics - 1 total (1 active), Execution time: mean = 0.00ms, total = 0.00ms, Queueing time: mean = 0.00ms, max = -0.00ms, min = 9223372036854.78ms, total = 0.00ms
[state-dump] 	ClusterResourceManager.ResetRemoteNodeView - 1 total (1 active), Execution time: mean = 0.00ms, total = 0.00ms, Queueing time: mean = 0.00ms, max = -0.00ms, min = 9223372036854.78ms, total = 0.00ms
[state-dump] 	NodeManager.GCTaskFailureReason - 1 total (1 active), Execution time: mean = 0.00ms, total = 0.00ms, Queueing time: mean = 0.00ms, max = -0.00ms, min = 9223372036854.78ms, total = 0.00ms
[state-dump] 	ray::rpc::NodeInfoGcsService.grpc_client.RegisterNode - 1 total (0 active), Execution time: mean = 1.83ms, total = 1.83ms, Queueing time: mean = 0.00ms, max = -0.00ms, min = 9223372036854.78ms, total = 0.00ms
[state-dump] 	NodeManager.ScheduleAndGrantLeases - 1 total (1 active), Execution time: mean = 0.00ms, total = 0.00ms, Queueing time: mean = 0.00ms, max = -0.00ms, min = 9223372036854.78ms, total = 0.00ms
[state-dump] 	ReporterService.grpc_client.HealthCheck.OnReplyReceived - 1 total (0 active), Execution time: mean = 0.05ms, total = 0.05ms, Queueing time: mean = 0.24ms, max = 0.24ms, min = 0.24ms, total = 0.24ms
[state-dump] 	RayletWorkerPool.deadline_timer.kill_idle_workers - 1 total (1 active), Execution time: mean = 0.00ms, total = 0.00ms, Queueing time: mean = 0.00ms, max = -0.00ms, min = 9223372036854.78ms, total = 0.00ms
[state-dump] 	MetricsAgentClient.WaitForServerReadyWithRetry - 1 total (1 active), Execution time: mean = 0.00ms, total = 0.00ms, Queueing time: mean = 0.00ms, max = -0.00ms, min = 9223372036854.78ms, total = 0.00ms
[state-dump] 	NodeManager.deadline_timer.spill_objects_when_over_threshold - 1 total (1 active), Execution time: mean = 0.00ms, total = 0.00ms, Queueing time: mean = 0.00ms, max = -0.00ms, min = 9223372036854.78ms, total = 0.00ms
[state-dump] 	ray::rpc::InternalPubSubGcsService.grpc_client.GcsSubscriberPoll - 1 total (1 active), Execution time: mean = 0.00ms, total = 0.00ms, Queueing time: mean = 0.00ms, max = -0.00ms, min = 9223372036854.78ms, total = 0.00ms
[state-dump] 	NodeManager.deadline_timer.flush_free_objects - 1 total (1 active), Execution time: mean = 0.00ms, total = 0.00ms, Queueing time: mean = 0.00ms, max = -0.00ms, min = 9223372036854.78ms, total = 0.00ms
[state-dump] 	ObjectManager.UpdateAvailableMemory - 1 total (0 active), Execution time: mean = 0.00ms, total = 0.00ms, Queueing time: mean = 0.01ms, max = 0.01ms, min = 0.01ms, total = 0.01ms
[state-dump] 	NodeManager.deadline_timer.debug_state_dump - 1 total (1 active), Execution time: mean = 0.00ms, total = 0.00ms, Queueing time: mean = 0.00ms, max = -0.00ms, min = 9223372036854.78ms, total = 0.00ms
[state-dump] 	ray::rpc::InternalKVGcsService.grpc_client.GetInternalConfig - 1 total (0 active), Execution time: mean = 1.11ms, total = 1.11ms, Queueing time: mean = 0.00ms, max = -0.00ms, min = 9223372036854.78ms, total = 0.00ms
[state-dump] 	ray::rpc::NodeInfoGcsService.grpc_client.RegisterNode.OnReplyReceived - 1 total (0 active), Execution time: mean = 0.36ms, total = 0.36ms, Queueing time: mean = 0.01ms, max = 0.01ms, min = 0.01ms, total = 0.01ms
[state-dump] 	ReporterService.grpc_client.HealthCheck - 1 total (0 active), Execution time: mean = 1.59ms, total = 1.59ms, Queueing time: mean = 0.00ms, max = -0.00ms, min = 9223372036854.78ms, total = 0.00ms
[state-dump] 	ray::rpc::InternalPubSubGcsService.grpc_client.GcsSubscriberCommandBatch.OnReplyReceived - 1 total (1 active), Execution time: mean = 0.00ms, total = 0.00ms, Queueing time: mean = 0.00ms, max = -0.00ms, min = 9223372036854.78ms, total = 0.00ms
[state-dump] DebugString() time ms: 1
[state-dump] 
[state-dump] 
[2025-11-28 15:36:48,992 I 672801 672801] (raylet) accessor.cc:540: Received address and liveness notification for node, IsAlive = 1 node_id=fbb9841b3107256f006a4e24c5be7456a673f220f17e763ce1348e9e
2025-11-28 15:36:43,991	INFO usage_lib.py:473 -- Usage stats collection is enabled by default without user confirmation because this terminal is detected to be non-interactive. To disable this, add `--disable-usage-stats` to the command that starts the cluster, or run the following command: `ray disable-usage-stats` before starting the cluster. See https://docs.ray.io/en/master/cluster/usage-stats.html for more details.
2025-11-28 15:36:43,992	INFO scripts.py:919 -- Local node IP: 10.102.35.9
2025-11-28 15:36:49,028	SUCC scripts.py:963 -- --------------------
2025-11-28 15:36:49,028	SUCC scripts.py:964 -- Ray runtime started.
2025-11-28 15:36:49,029	SUCC scripts.py:965 -- --------------------
2025-11-28 15:36:49,029	INFO scripts.py:967 -- Next steps
2025-11-28 15:36:49,029	INFO scripts.py:970 -- To add another node to this Ray cluster, run
2025-11-28 15:36:49,029	INFO scripts.py:973 --   ray start --address='10.102.35.9:6379'
2025-11-28 15:36:49,029	INFO scripts.py:982 -- To connect to this Ray cluster:
2025-11-28 15:36:49,029	INFO scripts.py:984 -- import ray
2025-11-28 15:36:49,029	INFO scripts.py:985 -- ray.init(_node_ip_address='10.102.35.9')
2025-11-28 15:36:49,029	INFO scripts.py:1016 -- To terminate the Ray runtime, run
2025-11-28 15:36:49,029	INFO scripts.py:1017 --   ray stop
2025-11-28 15:36:49,029	INFO scripts.py:1020 -- To view the status of the cluster, use
2025-11-28 15:36:49,029	INFO scripts.py:1021 --   ray status
2025-11-28 15:36:49,029	INFO scripts.py:1139 -- --block
2025-11-28 15:36:49,029	INFO scripts.py:1140 -- This command will now block forever until terminated by a signal.
2025-11-28 15:36:49,029	INFO scripts.py:1143 -- Running subprocesses are monitored and a message will be printed if any of them terminate unexpectedly. Subprocesses exit with SIGTERM will be treated as graceful, thus NOT reported.
2025-11-28 15:36:49,029	INFO scripts.py:1148 -- Process exit logs will be saved to: /tmp/ray/session_2025-11-28_15-36-43_993248_672415/logs/ray_process_exit.log
2025-11-28 15:36:49,612	INFO (dashboard) usage_stats_head.py:204 -- Usage reporting is enabled.
2025-11-28 15:36:50,056	INFO (dashboard_agent) utils.py:307 -- Get all modules by type: DashboardAgentModule
2025-11-28 15:36:50,280	INFO (dashboard_agent) utils.py:318 -- Module ray.dashboard.modules.aggregator.aggregator_agent cannot be loaded because we cannot import all dependencies. Install this module using `pip install 'ray[default]'` for the full dashboard functionality. Error: No module named 'opentelemetry'
2025-11-28 15:36:50,286	INFO (dashboard_agent) utils.py:318 -- Module ray.dashboard.modules.aggregator.multi_consumer_event_buffer cannot be loaded because we cannot import all dependencies. Install this module using `pip install 'ray[default]'` for the full dashboard functionality. Error: No module named 'opentelemetry'
2025-11-28 15:36:50,298	INFO (dashboard_agent) utils.py:318 -- Module ray.dashboard.modules.aggregator.publisher.metrics cannot be loaded because we cannot import all dependencies. Install this module using `pip install 'ray[default]'` for the full dashboard functionality. Error: No module named 'opentelemetry'
2025-11-28 15:36:50,304	INFO (dashboard_agent) utils.py:318 -- Module ray.dashboard.modules.aggregator.publisher.ray_event_publisher cannot be loaded because we cannot import all dependencies. Install this module using `pip install 'ray[default]'` for the full dashboard functionality. Error: No module named 'opentelemetry'
2025-11-28 15:36:50,400	INFO (runtime_env_agent) runtime_env_agent.py:193 -- Starting runtime env agent at pid 672900
2025-11-28 15:36:50,400	INFO (runtime_env_agent) runtime_env_agent.py:194 -- Parent raylet pid is 672801
2025-11-28 15:36:50,401	INFO (runtime_env_agent) runtime_env_agent.py:250 -- Listening to address 10.102.35.9, port 59125
======== Running on http://10.102.35.9:59125 ========
(Press CTRL+C to quit)
2025-11-28 15:36:50,487	INFO (dashboard_agent) utils.py:318 -- Module ray.dashboard.modules.data.data_head cannot be loaded because we cannot import all dependencies. Install this module using `pip install 'ray[default]'` for the full dashboard functionality. Error: No module named 'aiohttp_cors'
2025-11-28 15:36:50,503	INFO (dashboard_agent) utils.py:318 -- Module ray.dashboard.modules.event.event_head cannot be loaded because we cannot import all dependencies. Install this module using `pip install 'ray[default]'` for the full dashboard functionality. Error: No module named 'aiohttp_cors'
2025-11-28 15:36:50,616	INFO (dashboard_agent) utils.py:318 -- Module ray.dashboard.modules.job.job_agent cannot be loaded because we cannot import all dependencies. Install this module using `pip install 'ray[default]'` for the full dashboard functionality. Error: No module named 'aiohttp_cors'
2025-11-28 15:36:50,632	INFO (dashboard_agent) utils.py:318 -- Module ray.dashboard.modules.job.job_head cannot be loaded because we cannot import all dependencies. Install this module using `pip install 'ray[default]'` for the full dashboard functionality. Error: No module named 'aiohttp_cors'
2025-11-28 15:36:50,715	INFO (dashboard_agent) utils.py:318 -- Module ray.dashboard.modules.log.log_agent cannot be loaded because we cannot import all dependencies. Install this module using `pip install 'ray[default]'` for the full dashboard functionality. Error: No module named 'aiohttp_cors'
2025-11-28 15:36:51,017	INFO (dashboard_agent) utils.py:318 -- Module ray.dashboard.modules.metrics.metrics_head cannot be loaded because we cannot import all dependencies. Install this module using `pip install 'ray[default]'` for the full dashboard functionality. Error: No module named 'aiohttp_cors'
2025-11-28 15:36:51,036	INFO (dashboard_agent) utils.py:318 -- Module ray.dashboard.modules.node.node_head cannot be loaded because we cannot import all dependencies. Install this module using `pip install 'ray[default]'` for the full dashboard functionality. Error: No module named 'aiohttp_cors'
2025-11-28 15:36:51,051	INFO (dashboard_agent) utils.py:318 -- Module ray.dashboard.modules.reporter.healthz_agent cannot be loaded because we cannot import all dependencies. Install this module using `pip install 'ray[default]'` for the full dashboard functionality. Error: No module named 'aiohttp_cors'
2025-11-28 15:36:51,054	INFO (dashboard_agent) utils.py:318 -- Module ray.dashboard.modules.reporter.reporter_agent cannot be loaded because we cannot import all dependencies. Install this module using `pip install 'ray[default]'` for the full dashboard functionality. Error: No module named 'opencensus'
2025-11-28 15:36:51,062	INFO (dashboard_agent) utils.py:318 -- Module ray.dashboard.modules.reporter.reporter_head cannot be loaded because we cannot import all dependencies. Install this module using `pip install 'ray[default]'` for the full dashboard functionality. Error: No module named 'aiohttp_cors'
2025-11-28 15:36:51,087	INFO (dashboard_agent) utils.py:318 -- Module ray.dashboard.modules.serve.serve_head cannot be loaded because we cannot import all dependencies. Install this module using `pip install 'ray[default]'` for the full dashboard functionality. Error: No module named 'aiohttp_cors'
2025-11-28 15:36:51,107	INFO (dashboard_agent) utils.py:318 -- Module ray.dashboard.modules.state.state_head cannot be loaded because we cannot import all dependencies. Install this module using `pip install 'ray[default]'` for the full dashboard functionality. Error: No module named 'aiohttp_cors'
2025-11-28 15:36:51,119	INFO (dashboard_agent) utils.py:318 -- Module ray.dashboard.modules.train.train_head cannot be loaded because we cannot import all dependencies. Install this module using `pip install 'ray[default]'` for the full dashboard functionality. Error: No module named 'aiohttp_cors'
2025-11-28 15:36:51,128	INFO (dashboard_agent) utils.py:340 -- Available modules: []
2025-11-28 15:36:51,128	INFO (dashboard_agent) agent.py:165 -- Loaded 0 modules.
2025-11-28 15:36:51,132	INFO (dashboard_agent) process_watcher.py:45 -- raylet pid is 672801
2025-11-28 15:36:51,132	INFO (dashboard_agent) process_watcher.py:65 -- check_parent_via_pipe
2025-11-28 15:36:51,404	INFO (monitor) autoscaler.py:147 -- The autoscaler took 0.0 seconds to fetch the list of non-terminated nodes.
2025-11-28 15:36:51,404	INFO (monitor) autoscaler.py:408 -- 
======== Autoscaler status: 2025-11-28 15:36:51.404875 ========
Node status
---------------------------------------------------------------
Active:
 1 node_fbb9841b3107256f006a4e24c5be7456a673f220f17e763ce1348e9e
Pending:
 (no pending nodes)
Recent failures:
 (no failures)

Resources
---------------------------------------------------------------
Total Usage:
 0.0/1.0 CPU
 0.0/1.0 GPU
 0B/349.75GiB memory
 0B/149.89GiB object_store_memory

From request_resources:
 (none)
Pending Demands:
 (no resource demands)
2025-11-28 15:36:51,405	INFO (monitor) autoscaler.py:463 -- The autoscaler took 0.001 seconds to complete the update iteration.
2025-11-28 15:36:56,408	INFO (monitor) autoscaler.py:147 -- The autoscaler took 0.0 seconds to fetch the list of non-terminated nodes.
2025-11-28 15:36:56,408	INFO (monitor) autoscaler.py:408 -- 
======== Autoscaler status: 2025-11-28 15:36:56.408406 ========
Node status
---------------------------------------------------------------
Active:
 1 node_fbb9841b3107256f006a4e24c5be7456a673f220f17e763ce1348e9e
Pending:
 (no pending nodes)
Recent failures:
 (no failures)

Resources
---------------------------------------------------------------
Total Usage:
 0.0/1.0 CPU
 0.0/1.0 GPU
 0B/349.75GiB memory
 0B/149.89GiB object_store_memory

From request_resources:
 (none)
Pending Demands:
 (no resource demands)
2025-11-28 15:36:56,409	INFO (monitor) autoscaler.py:463 -- The autoscaler took 0.001 seconds to complete the update iteration.
2025-11-28 15:37:01,411	INFO (monitor) autoscaler.py:147 -- The autoscaler took 0.0 seconds to fetch the list of non-terminated nodes.
2025-11-28 15:37:01,411	INFO (monitor) autoscaler.py:408 -- 
======== Autoscaler status: 2025-11-28 15:37:01.411258 ========
Node status
---------------------------------------------------------------
Active:
 1 node_fbb9841b3107256f006a4e24c5be7456a673f220f17e763ce1348e9e
Pending:
 (no pending nodes)
Recent failures:
 (no failures)

Resources
---------------------------------------------------------------
Total Usage:
 0.0/1.0 CPU
 0.0/1.0 GPU
 0B/349.75GiB memory
 0B/149.89GiB object_store_memory

From request_resources:
 (none)
Pending Demands:
 (no resource demands)
2025-11-28 15:37:01,411	INFO (monitor) autoscaler.py:463 -- The autoscaler took 0.001 seconds to complete the update iteration.
/scratch/zt1/project/cmsc848n/user/vla/cofa/verl/.venv/lib/python3.12/site-packages/transformers/utils/hub.py:110: FutureWarning: Using `TRANSFORMERS_CACHE` is deprecated and will be removed in v5 of Transformers. Use `HF_HOME` instead.
  warnings.warn(
2025-11-28 15:37:06,413	INFO (monitor) autoscaler.py:147 -- The autoscaler took 0.0 seconds to fetch the list of non-terminated nodes.
2025-11-28 15:37:06,413	INFO (monitor) autoscaler.py:408 -- 
======== Autoscaler status: 2025-11-28 15:37:06.413948 ========
Node status
---------------------------------------------------------------
Active:
 1 node_fbb9841b3107256f006a4e24c5be7456a673f220f17e763ce1348e9e
Pending:
 (no pending nodes)
Recent failures:
 (no failures)

Resources
---------------------------------------------------------------
Total Usage:
 0.0/1.0 CPU
 0.0/1.0 GPU
 0B/349.75GiB memory
 0B/149.89GiB object_store_memory

From request_resources:
 (none)
Pending Demands:
 (no resource demands)
2025-11-28 15:37:06,414	INFO (monitor) autoscaler.py:463 -- The autoscaler took 0.001 seconds to complete the update iteration.
2025-11-28 15:37:11,416	INFO (monitor) autoscaler.py:147 -- The autoscaler took 0.0 seconds to fetch the list of non-terminated nodes.
2025-11-28 15:37:11,416	INFO (monitor) autoscaler.py:408 -- 
======== Autoscaler status: 2025-11-28 15:37:11.416908 ========
Node status
---------------------------------------------------------------
Active:
 1 node_fbb9841b3107256f006a4e24c5be7456a673f220f17e763ce1348e9e
Pending:
 (no pending nodes)
Recent failures:
 (no failures)

Resources
---------------------------------------------------------------
Total Usage:
 0.0/1.0 CPU
 0.0/1.0 GPU
 0B/349.75GiB memory
 0B/149.89GiB object_store_memory

From request_resources:
 (none)
Pending Demands:
 (no resource demands)
2025-11-28 15:37:11,417	INFO (monitor) autoscaler.py:463 -- The autoscaler took 0.001 seconds to complete the update iteration.
[2025-11-28 15:37:15,079 E 672498 672498] (gcs_server) gcs_server.cc:303: Failed to establish connection to the event+metrics exporter agent. Events and metrics will not be exported. Exporter agent status: RpcError: Running out of retries to initialize the metrics agent. rpc_code: 14
[2025-11-28 15:37:15,079 E 672498 672498] (gcs_server) gcs_server.cc:303: Failed to establish connection to the event+metrics exporter agent. Events and metrics will not be exported. Exporter agent status: RpcError: Running out of retries to initialize the metrics agent. rpc_code: 14
2025-11-28 15:37:16,419	INFO (monitor) autoscaler.py:147 -- The autoscaler took 0.0 seconds to fetch the list of non-terminated nodes.
2025-11-28 15:37:16,419	INFO (monitor) autoscaler.py:408 -- 
======== Autoscaler status: 2025-11-28 15:37:16.419736 ========
Node status
---------------------------------------------------------------
Active:
 1 node_fbb9841b3107256f006a4e24c5be7456a673f220f17e763ce1348e9e
Pending:
 (no pending nodes)
Recent failures:
 (no failures)

Resources
---------------------------------------------------------------
Total Usage:
 0.0/1.0 CPU
 0.0/1.0 GPU
 0B/349.75GiB memory
 0B/149.89GiB object_store_memory

From request_resources:
 (none)
Pending Demands:
 (no resource demands)
2025-11-28 15:37:16,420	INFO (monitor) autoscaler.py:463 -- The autoscaler took 0.001 seconds to complete the update iteration.
[2025-11-28 15:37:18,992 E 672801 672801] (raylet) main.cc:979: Failed to establish connection to the metrics exporter agent. Metrics will not be exported. Exporter agent status: RpcError: Running out of retries to initialize the metrics agent. rpc_code: 14
[2025-11-28 15:37:18,992 E 672801 672801] (raylet) main.cc:979: Failed to establish connection to the metrics exporter agent. Metrics will not be exported. Exporter agent status: RpcError: Running out of retries to initialize the metrics agent. rpc_code: 14
2025-11-28 15:37:21,422	INFO (monitor) autoscaler.py:147 -- The autoscaler took 0.0 seconds to fetch the list of non-terminated nodes.
2025-11-28 15:37:21,422	INFO (monitor) autoscaler.py:408 -- 
======== Autoscaler status: 2025-11-28 15:37:21.422531 ========
Node status
---------------------------------------------------------------
Active:
 1 node_fbb9841b3107256f006a4e24c5be7456a673f220f17e763ce1348e9e
Pending:
 (no pending nodes)
Recent failures:
 (no failures)

Resources
---------------------------------------------------------------
Total Usage:
 0.0/1.0 CPU
 0.0/1.0 GPU
 0B/349.75GiB memory
 0B/149.89GiB object_store_memory

From request_resources:
 (none)
Pending Demands:
 (no resource demands)
2025-11-28 15:37:21,423	INFO (monitor) autoscaler.py:463 -- The autoscaler took 0.001 seconds to complete the update iteration.
2025-11-28 15:37:26,425	INFO (monitor) autoscaler.py:147 -- The autoscaler took 0.0 seconds to fetch the list of non-terminated nodes.
2025-11-28 15:37:26,425	INFO (monitor) autoscaler.py:408 -- 
======== Autoscaler status: 2025-11-28 15:37:26.425318 ========
Node status
---------------------------------------------------------------
Active:
 1 node_fbb9841b3107256f006a4e24c5be7456a673f220f17e763ce1348e9e
Pending:
 (no pending nodes)
Recent failures:
 (no failures)

Resources
---------------------------------------------------------------
Total Usage:
 0.0/1.0 CPU
 0.0/1.0 GPU
 0B/349.75GiB memory
 0B/149.89GiB object_store_memory

From request_resources:
 (none)
Pending Demands:
 (no resource demands)
2025-11-28 15:37:26,425	INFO (monitor) autoscaler.py:463 -- The autoscaler took 0.001 seconds to complete the update iteration.
2025-11-28 15:37:27,776	INFO worker.py:1837 -- Connecting to existing Ray cluster at address: 10.102.35.9:6379...
2025-11-28 15:37:27,791	INFO worker.py:2023 -- Connected to Ray cluster.
[2025-11-28 15:37:27,795 I 672950 672950] (python-core-driver-01000000ffffffffffffffffffffffffffffffffffffffffffffffff) core_worker_process.cc:773: Constructing CoreWorkerProcess. pid: 672950
[2025-11-28 15:37:27,798 I 672950 672950] (python-core-driver-01000000ffffffffffffffffffffffffffffffffffffffffffffffff) event_aggregator_client.h:50: Initiating the local event aggregator client with port: 49341
[2025-11-28 15:37:27,800 I 672801 672801] (raylet) worker_pool.cc:750: [Eagerly] Start install runtime environment for job 01000000.
[2025-11-28 15:37:27,805 I 672801 672801] (raylet) worker_pool.cc:531: Started worker process with pid 673268, the token is 0
2025-11-28 15:37:27,806	INFO (runtime_env_agent) runtime_env_agent.py:378 -- Creating runtime env: {"env_vars": {"CUDA_DEVICE_MAX_CONNECTIONS": "1", "NCCL_CUMEM_ENABLE": "0", "NCCL_DEBUG": "WARN", "TOKENIZERS_PARALLELISM": "true", "VLLM_ALLOW_RUNTIME_LORA_UPDATING": "true", "VLLM_ALLREDUCE_USE_SYMM_MEM": "0", "VLLM_LOGGING_LEVEL": "WARN"}} with timeout 600 seconds.
2025-11-28 15:37:27,807	INFO (runtime_env_agent) runtime_env_agent.py:428 -- Successfully created runtime env: {"env_vars": {"CUDA_DEVICE_MAX_CONNECTIONS": "1", "NCCL_CUMEM_ENABLE": "0", "NCCL_DEBUG": "WARN", "TOKENIZERS_PARALLELISM": "true", "VLLM_ALLOW_RUNTIME_LORA_UPDATING": "true", "VLLM_ALLREDUCE_USE_SYMM_MEM": "0", "VLLM_LOGGING_LEVEL": "WARN"}}, context: {"command_prefix": [], "env_vars": {"CUDA_DEVICE_MAX_CONNECTIONS": "1", "NCCL_CUMEM_ENABLE": "0", "NCCL_DEBUG": "WARN", "TOKENIZERS_PARALLELISM": "true", "VLLM_ALLOW_RUNTIME_LORA_UPDATING": "true", "VLLM_ALLREDUCE_USE_SYMM_MEM": "0", "VLLM_LOGGING_LEVEL": "WARN"}, "py_executable": "/scratch/zt1/project/cmsc848n/user/vla/cofa/verl/.venv/bin/python3", "override_worker_entrypoint": null, "java_jars": []}
[2025-11-28 15:37:27,807 I 672801 672801] (raylet) runtime_env_agent_client.cc:393: Create runtime env for job 01000000
[2025-11-28 15:37:27,807 I 672801 672801] (raylet) worker_pool.cc:761: [Eagerly] Create runtime env successful for job 01000000.
[2025-11-28 15:37:28,802 I 673268 673268] (python-core-worker-4432ee55cd78a17f7f76015b5e88c93992e1aece31d9a72d3b53467a) core_worker_process.cc:773: Constructing CoreWorkerProcess. pid: 673268
[2025-11-28 15:37:28,806 I 673268 673268] (python-core-worker-4432ee55cd78a17f7f76015b5e88c93992e1aece31d9a72d3b53467a) event_aggregator_client.h:50: Initiating the local event aggregator client with port: 49341
[2025-11-28 15:37:28,809 I 673268 673268] (python-core-worker-4432ee55cd78a17f7f76015b5e88c93992e1aece31d9a72d3b53467a) grpc_server.cc:143: worker server started, listening on port 10003.
[2025-11-28 15:37:28,816 I 673268 673268] (python-core-worker-4432ee55cd78a17f7f76015b5e88c93992e1aece31d9a72d3b53467a) core_worker_process.cc:261: Initializing worker at address: 10.102.35.9:10003 worker_id=4432ee55cd78a17f7f76015b5e88c93992e1aece31d9a72d3b53467a node_id=fbb9841b3107256f006a4e24c5be7456a673f220f17e763ce1348e9e
[2025-11-28 15:37:28,816 I 673268 673268] (python-core-worker-4432ee55cd78a17f7f76015b5e88c93992e1aece31d9a72d3b53467a) task_event_buffer.cc:480: Reporting task events to GCS every 1000ms.
[2025-11-28 15:37:28,817 I 672801 672824] (raylet) object_store.cc:37: Object store current usage 8e-09 / 160.946 GB.
[2025-11-28 15:37:28,818 I 673268 673268] (python-core-worker-4432ee55cd78a17f7f76015b5e88c93992e1aece31d9a72d3b53467a) core_worker.cc:515: Adjusted worker niceness to 15
[2025-11-28 15:37:28,818 I 673268 673268] (python-core-worker-4432ee55cd78a17f7f76015b5e88c93992e1aece31d9a72d3b53467a) metrics_agent_client.cc:42: Initializing exporter ...
[2025-11-28 15:37:28,818 I 673268 673301] (python-core-worker-4432ee55cd78a17f7f76015b5e88c93992e1aece31d9a72d3b53467a) core_worker.cc:455: Event stats:


Global stats: 13 total (9 active)
Queueing time: mean = 0.01ms, max = 0.06ms, min = 0.02ms, total = 0.10ms
Execution time:  mean = 0.07ms, total = 0.95ms
Event stats:
	PeriodicalRunner.RunFnPeriodically - 7 total (5 active, 1 running), Execution time: mean = 0.03ms, total = 0.18ms, Queueing time: mean = 0.01ms, max = 0.06ms, min = 0.02ms, total = 0.08ms
	Publisher.CheckDeadSubscribers - 1 total (1 active), Execution time: mean = 0.00ms, total = 0.00ms, Queueing time: mean = 0.00ms, max = -0.00ms, min = 9223372036854.78ms, total = 0.00ms
	CoreWorker.ExitIfParentRayletDies - 1 total (1 active), Execution time: mean = 0.00ms, total = 0.00ms, Queueing time: mean = 0.00ms, max = -0.00ms, min = 9223372036854.78ms, total = 0.00ms
	ray::rpc::WorkerInfoGcsService.grpc_client.AddWorkerInfo - 1 total (0 active), Execution time: mean = 0.71ms, total = 0.71ms, Queueing time: mean = 0.00ms, max = -0.00ms, min = 9223372036854.78ms, total = 0.00ms
	ray::rpc::InternalPubSubGcsService.grpc_client.GcsSubscriberCommandBatch - 1 total (1 active), Execution time: mean = 0.00ms, total = 0.00ms, Queueing time: mean = 0.00ms, max = -0.00ms, min = 9223372036854.78ms, total = 0.00ms
	ray::rpc::InternalPubSubGcsService.grpc_client.GcsSubscriberPoll - 1 total (1 active), Execution time: mean = 0.00ms, total = 0.00ms, Queueing time: mean = 0.00ms, max = -0.00ms, min = 9223372036854.78ms, total = 0.00ms
	ray::rpc::WorkerInfoGcsService.grpc_client.AddWorkerInfo.OnReplyReceived - 1 total (0 active), Execution time: mean = 0.06ms, total = 0.06ms, Queueing time: mean = 0.02ms, max = 0.02ms, min = 0.02ms, total = 0.02ms

-----------------
Task execution event stats:

Global stats: 0 total (0 active)
Queueing time: mean = -nanms, max = -0.00ms, min = 9223372036854.78ms, total = 0.00ms
Execution time:  mean = -nanms, total = 0.00ms
Event stats:

-----------------
Task Event stats:

IO Service Stats:

Global stats: 4 total (1 active)
Queueing time: mean = 0.01ms, max = 0.02ms, min = 0.02ms, total = 0.04ms
Execution time:  mean = 0.33ms, total = 1.31ms
Event stats:
	PeriodicalRunner.RunFnPeriodically - 1 total (0 active), Execution time: mean = 0.47ms, total = 0.47ms, Queueing time: mean = 0.02ms, max = 0.02ms, min = 0.02ms, total = 0.02ms
	ray::rpc::TaskInfoGcsService.grpc_client.AddTaskEventData - 1 total (0 active), Execution time: mean = 0.77ms, total = 0.77ms, Queueing time: mean = 0.00ms, max = -0.00ms, min = 9223372036854.78ms, total = 0.00ms
	CoreWorker.deadline_timer.flush_task_events - 1 total (1 active), Execution time: mean = 0.00ms, total = 0.00ms, Queueing time: mean = 0.00ms, max = -0.00ms, min = 9223372036854.78ms, total = 0.00ms
	ray::rpc::TaskInfoGcsService.grpc_client.AddTaskEventData.OnReplyReceived - 1 total (0 active), Execution time: mean = 0.07ms, total = 0.07ms, Queueing time: mean = 0.02ms, max = 0.02ms, min = 0.02ms, total = 0.02ms
Other Stats:
	gcs_grpc_in_progress:0
	event_aggregator_grpc_in_progress:0
	current number of task status events in buffer: 0
	current number of profile events in buffer: 0
	current number of dropped task attempts tracked: 0
	total task events sent: 0 MiB
	total number of task attempts sent: 0
	total number of task attempts dropped reported: 0
	total number of sent failure: 0
	num status task events dropped: 0
	num profile task events dropped: 0
	num ray task events reported to aggregator: 0
	num ray task events failed to report to aggregator: 0
	num of task attempts dropped reported to aggregator: 0
	num of failed requests to aggregator: 0

[2025-11-28 15:37:28,820 I 673268 673301] (python-core-worker-4432ee55cd78a17f7f76015b5e88c93992e1aece31d9a72d3b53467a) accessor.cc:540: Received address and liveness notification for node, IsAlive = 1 node_id=fbb9841b3107256f006a4e24c5be7456a673f220f17e763ce1348e9e
[2025-11-28 15:37:28,820 I 673268 673301] (python-core-worker-4432ee55cd78a17f7f76015b5e88c93992e1aece31d9a72d3b53467a) normal_task_submitter.cc:824: Number of alive nodes:1
[2025-11-28 15:37:28,829 I 672950 672950] (python-core-driver-01000000ffffffffffffffffffffffffffffffffffffffffffffffff) grpc_server.cc:143: driver server started, listening on port 10002.
[2025-11-28 15:37:28,836 I 672950 672950] (python-core-driver-01000000ffffffffffffffffffffffffffffffffffffffffffffffff) core_worker_process.cc:261: Initializing worker at address: 10.102.35.9:10002 worker_id=01000000ffffffffffffffffffffffffffffffffffffffffffffffff node_id=fbb9841b3107256f006a4e24c5be7456a673f220f17e763ce1348e9e
[2025-11-28 15:37:28,836 I 672950 672950] (python-core-driver-01000000ffffffffffffffffffffffffffffffffffffffffffffffff) task_event_buffer.cc:480: Reporting task events to GCS every 1000ms.
[2025-11-28 15:37:28,838 I 672950 673266] (python-core-driver-01000000ffffffffffffffffffffffffffffffffffffffffffffffff) core_worker.cc:455: Event stats:


Global stats: 13 total (8 active)
Queueing time: mean = 0.00ms, max = 0.01ms, min = 0.01ms, total = 0.03ms
Execution time:  mean = 0.08ms, total = 1.05ms
Event stats:
	PeriodicalRunner.RunFnPeriodically - 6 total (5 active, 1 running), Execution time: mean = 0.01ms, total = 0.04ms, Queueing time: mean = 0.00ms, max = 0.01ms, min = 0.01ms, total = 0.01ms
	ray::rpc::InternalPubSubGcsService.grpc_client.GcsSubscriberCommandBatch - 1 total (0 active), Execution time: mean = 0.37ms, total = 0.37ms, Queueing time: mean = 0.00ms, max = -0.00ms, min = 9223372036854.78ms, total = 0.00ms
	ray::rpc::WorkerInfoGcsService.grpc_client.AddWorkerInfo.OnReplyReceived - 1 total (0 active), Execution time: mean = 0.03ms, total = 0.03ms, Queueing time: mean = 0.01ms, max = 0.01ms, min = 0.01ms, total = 0.01ms
[2025-11-28 15:37:28,839 I 672498 672498] (gcs_server) gcs_job_manager.cc:116: Registering job. job_id=01000000 driver_pid=672950
	ray::rpc::InternalPubSubGcsService.grpc_client.GcsSubscriberCommandBatch.OnReplyReceived - 1 total (0 active), Execution time: mean = 0.14ms, total = 0.14ms, Queueing time: mean = 0.01ms, max = 0.01ms, min = 0.01ms, total = 0.01ms
	Publisher.CheckDeadSubscribers - 1 total (1 active), Execution time: mean = 0.00ms, total = 0.00ms, Queueing time: mean = 0.00ms, max = -0.00ms, min = 9223372036854.78ms, total = 0.00ms
	ray::rpc::InternalPubSubGcsService.grpc_client.GcsSubscriberPoll - 1 total (1 active), Execution time: mean = 0.00ms, total = 0.00ms, Queueing time: mean = 0.00ms, max = -0.00ms, min = 9223372036854.78ms, total = 0.00ms
[2025-11-28 15:37:28,840 I 672801 672801] (raylet) worker_pool.cc:740: Job 01000000 already started in worker pool.
	ray::rpc::WorkerInfoGcsService.grpc_client.AddWorkerInfo - 1 total (0 active), Execution time: mean = 0.47ms, total = 0.47ms, Queueing time: mean = 0.00ms, max = -0.00ms, min = 9223372036854.78ms, total = 0.00ms
	ray::rpc::NodeInfoGcsService.grpc_client.GetAllNodeAddressAndLiveness - 1 total (1 active), Execution time: mean = 0.00ms, total = 0.00ms, Queueing time: mean = 0.00ms, max = -0.00ms, min = 9223372036854.78ms, total = 0.00ms

-----------------
Task execution event stats:

Global stats: 0 total (0 active)
Queueing time: mean = -nanms, max = -0.00ms, min = 9223372036854.78ms, total = 0.00ms
Execution time:  mean = -nanms, total = 0.00ms
Event stats:

-----------------
Task Event stats:

IO Service Stats:

Global stats: 4 total (1 active)
Queueing time: mean = 0.00ms, max = 0.01ms, min = 0.01ms, total = 0.02ms
Execution time:  mean = 0.24ms, total = 0.96ms
Event stats:
	PeriodicalRunner.RunFnPeriodically - 1 total (0 active), Execution time: mean = 0.37ms, total = 0.37ms, Queueing time: mean = 0.01ms, max = 0.01ms, min = 0.01ms, total = 0.01ms
	CoreWorker.deadline_timer.flush_task_events - 1 total (1 active), Execution time: mean = 0.00ms, total = 0.00ms, Queueing time: mean = 0.00ms, max = -0.00ms, min = 9223372036854.78ms, total = 0.00ms
	ray::rpc::TaskInfoGcsService.grpc_client.AddTaskEventData.OnReplyReceived - 1 total (0 active), Execution time: mean = 0.01ms, total = 0.01ms, Queueing time: mean = 0.01ms, max = 0.01ms, min = 0.01ms, total = 0.01ms
	ray::rpc::TaskInfoGcsService.grpc_client.AddTaskEventData - 1 total (0 active), Execution time: mean = 0.58ms, total = 0.58ms, Queueing time: mean = 0.00ms, max = -0.00ms, min = 9223372036854.78ms, total = 0.00ms
Other Stats:
	gcs_grpc_in_progress:0
	event_aggregator_grpc_in_progress:0
	current number of task status events in buffer: 1
	current number of profile events in buffer: 0
	current number of dropped task attempts tracked: 0
	total task events sent: 0 MiB
	total number of task attempts sent: 0
	total number of task attempts dropped reported: 0
	total number of sent failure: 0
	num status task events dropped: 0
	num profile task events dropped: 0
	num ray task events reported to aggregator: 0
	num ray task events failed to report to aggregator: 0
	num of task attempts dropped reported to aggregator: 0
	num of failed requests to aggregator: 0

[2025-11-28 15:37:28,838 I 672950 673266] (python-core-driver-01000000ffffffffffffffffffffffffffffffffffffffffffffffff) accessor.cc:540: Received address and liveness notification for node, IsAlive = 1 node_id=fbb9841b3107256f006a4e24c5be7456a673f220f17e763ce1348e9e
[2025-11-28 15:37:28,838 I 672950 673266] (python-core-driver-01000000ffffffffffffffffffffffffffffffffffffffffffffffff) normal_task_submitter.cc:824: Number of alive nodes:1
[2025-11-28 15:37:28,840 I 672950 672950] (python-core-driver-01000000ffffffffffffffffffffffffffffffffffffffffffffffff) metrics_agent_client.cc:42: Initializing exporter ...
/scratch/zt1/project/cmsc848n/user/vla/cofa/verl/.venv/lib/python3.12/site-packages/ray/_private/worker.py:2062: FutureWarning: Tip: In future versions of Ray, Ray will no longer override accelerator visible devices env var if num_gpus=0 or num_gpus=None (default). To enable this behavior and turn off this error message, set RAY_ACCEL_ENV_VAR_OVERRIDE_ON_ZERO=0
  warnings.warn(
[2025-11-28 15:37:28,946 I 672950 672950] (python-core-driver-01000000ffffffffffffffffffffffffffffffffffffffffffffffff) actor_task_submitter.cc:74: Set actor max pending calls to -1 actor_id=b2c310e681da2f9843c73f7501000000
[2025-11-28 15:37:28,947 I 672498 672498] (gcs_server) gcs_actor_manager.cc:314: Registering actor job_id=01000000 actor_id=b2c310e681da2f9843c73f7501000000
[2025-11-28 15:37:28,948 I 672498 672498] (gcs_server) gcs_actor_manager.cc:318: Registered actor job_id=01000000 actor_id=b2c310e681da2f9843c73f7501000000
[2025-11-28 15:37:28,948 I 672498 672498] (gcs_server) gcs_actor_manager.cc:432: Creating actor job_id=01000000 actor_id=b2c310e681da2f9843c73f7501000000
[2025-11-28 15:37:28,948 I 672498 672498] (gcs_server) gcs_actor_scheduler.cc:298: Leasing worker for actor. actor_id=b2c310e681da2f9843c73f7501000000 job_id=01000000 node_id=fbb9841b3107256f006a4e24c5be7456a673f220f17e763ce1348e9e
2025-11-28 15:37:28,949	INFO (runtime_env_agent) runtime_env_agent.py:467 -- Runtime env already created successfully. Env: {"env_vars": {"CUDA_DEVICE_MAX_CONNECTIONS": "1", "NCCL_CUMEM_ENABLE": "0", "NCCL_DEBUG": "WARN", "TOKENIZERS_PARALLELISM": "true", "VLLM_ALLOW_RUNTIME_LORA_UPDATING": "true", "VLLM_ALLREDUCE_USE_SYMM_MEM": "0", "VLLM_LOGGING_LEVEL": "WARN"}}, context: {"command_prefix": [], "env_vars": {"CUDA_DEVICE_MAX_CONNECTIONS": "1", "NCCL_CUMEM_ENABLE": "0", "NCCL_DEBUG": "WARN", "TOKENIZERS_PARALLELISM": "true", "VLLM_ALLOW_RUNTIME_LORA_UPDATING": "true", "VLLM_ALLREDUCE_USE_SYMM_MEM": "0", "VLLM_LOGGING_LEVEL": "WARN"}, "py_executable": "/scratch/zt1/project/cmsc848n/user/vla/cofa/verl/.venv/bin/python3", "override_worker_entrypoint": null, "java_jars": []}
[2025-11-28 15:37:28,949 I 672801 672801] (raylet) runtime_env_agent_client.cc:393: Create runtime env for job 01000000
[2025-11-28 15:37:28,952 I 672950 673266] (python-core-driver-01000000ffffffffffffffffffffffffffffffffffffffffffffffff) actor_manager.cc:236: received notification on actor, state: PENDING_CREATION, ip address: , port: 0, num_restarts: 0, death context type=CONTEXT_NOT_SET actor_id=b2c310e681da2f9843c73f7501000000 worker_id=NIL_ID node_id=fbb9841b3107256f006a4e24c5be7456a673f220f17e763ce1348e9e
[2025-11-28 15:37:28,955 I 672801 672801] (raylet) worker_pool.cc:531: Started worker process with pid 673348, the token is 1
[2025-11-28 15:37:29,998 I 673268 673301] (python-core-worker-4432ee55cd78a17f7f76015b5e88c93992e1aece31d9a72d3b53467a) core_worker_shutdown_executor.cc:184: Executing handle exit: INTENDED_SYSTEM_EXIT - Worker exited because it was idle for a long time (timeout: -1ms)
[2025-11-28 15:37:29,998 I 673268 673301] (python-core-worker-4432ee55cd78a17f7f76015b5e88c93992e1aece31d9a72d3b53467a) core_worker_shutdown_executor.cc:94: Executing worker exit: INTENDED_SYSTEM_EXIT - Worker exited because it was idle for a long time (timeout: 10000ms)
[2025-11-28 15:37:29,998 I 673268 673268] (python-core-worker-4432ee55cd78a17f7f76015b5e88c93992e1aece31d9a72d3b53467a) core_worker_shutdown_executor.cc:128: Wait for currently executing tasks in the underlying thread pools to finish.
[2025-11-28 15:37:29,998 I 673268 673268] (python-core-worker-4432ee55cd78a17f7f76015b5e88c93992e1aece31d9a72d3b53467a) core_worker_shutdown_executor.cc:162: Releasing local references, then draining reference counter.
[2025-11-28 15:37:30,028 I 673268 673268] (python-core-worker-4432ee55cd78a17f7f76015b5e88c93992e1aece31d9a72d3b53467a) core_worker_shutdown_executor.cc:217: Try killing all child processes of this worker as it exits. Child process pids: 
[2025-11-28 15:37:30,028 I 673268 673268] (python-core-worker-4432ee55cd78a17f7f76015b5e88c93992e1aece31d9a72d3b53467a) core_worker_shutdown_executor.cc:262: Sending disconnect message to the local raylet.
[2025-11-28 15:37:30,029 I 673268 673268] (python-core-worker-4432ee55cd78a17f7f76015b5e88c93992e1aece31d9a72d3b53467a) raylet_ipc_client.cc:135: RayletIpcClient::Disconnect, exit_type=INTENDED_SYSTEM_EXIT, exit_detail=Worker exited because it was idle for a long time, has creation_task_exception_pb_bytes=0
[2025-11-28 15:37:30,030 I 672801 672801] (raylet) node_manager.cc:1437: Disconnecting worker, graceful=true, disconnect_type=1, has_creation_task_exception=false worker_id=4432ee55cd78a17f7f76015b5e88c93992e1aece31d9a72d3b53467a job_id=NIL_ID
[2025-11-28 15:37:30,030 I 673268 673268] (python-core-worker-4432ee55cd78a17f7f76015b5e88c93992e1aece31d9a72d3b53467a) core_worker_shutdown_executor.cc:279: Disconnected from the local raylet.
[2025-11-28 15:37:30,030 I 673268 673268] (python-core-worker-4432ee55cd78a17f7f76015b5e88c93992e1aece31d9a72d3b53467a) task_event_buffer.cc:491: Shutting down TaskEventBuffer.
[2025-11-28 15:37:30,030 I 673268 673321] (python-core-worker-4432ee55cd78a17f7f76015b5e88c93992e1aece31d9a72d3b53467a) task_event_buffer.cc:459: Task event buffer io service stopped.
[2025-11-28 15:37:30,030 I 673268 673268] (python-core-worker-4432ee55cd78a17f7f76015b5e88c93992e1aece31d9a72d3b53467a) core_worker_shutdown_executor.cc:54: Waiting for joining a core worker io thread. If it hangs here, there might be deadlock or a high load in the core worker io service.
[2025-11-28 15:37:30,031 I 673268 673301] (python-core-worker-4432ee55cd78a17f7f76015b5e88c93992e1aece31d9a72d3b53467a) core_worker_process.cc:194: Core worker main io service stopped.
[2025-11-28 15:37:30,032 I 673268 673268] (python-core-worker-4432ee55cd78a17f7f76015b5e88c93992e1aece31d9a72d3b53467a) core_worker_shutdown_executor.cc:72: Disconnecting a GCS client.
[2025-11-28 15:37:30,032 I 673268 673268] (python-core-worker-4432ee55cd78a17f7f76015b5e88c93992e1aece31d9a72d3b53467a) core_worker_shutdown_executor.cc:79: Core worker ready to be deallocated.
[2025-11-28 15:37:30,032 I 673268 673268] (python-core-worker-4432ee55cd78a17f7f76015b5e88c93992e1aece31d9a72d3b53467a) core_worker_process.cc:950: Task execution loop terminated. Removing the global worker.
[2025-11-28 15:37:30,032 I 673268 673268] (python-core-worker-4432ee55cd78a17f7f76015b5e88c93992e1aece31d9a72d3b53467a) core_worker.cc:539: Core worker is destructed
[2025-11-28 15:37:30,032 I 673268 673268] (python-core-worker-4432ee55cd78a17f7f76015b5e88c93992e1aece31d9a72d3b53467a) task_event_buffer.cc:491: Shutting down TaskEventBuffer.
[2025-11-28 15:37:30,033 W 672801 672824] (raylet) store.cc:365: Disconnecting client due to connection error with code 2: End of file
[2025-11-28 15:37:30,034 I 673268 673268] (python-core-worker-4432ee55cd78a17f7f76015b5e88c93992e1aece31d9a72d3b53467a) core_worker_process.cc:846: Destructing CoreWorkerProcessImpl. pid: 673268
[2025-11-28 15:37:30,034 I 673268 673268] (python-core-worker-4432ee55cd78a17f7f76015b5e88c93992e1aece31d9a72d3b53467a) stats.h:149: Stats module has shutdown.
[2025-11-28 15:37:30,115 W 673268 673268] (python-core-worker-4432ee55cd78a17f7f76015b5e88c93992e1aece31d9a72d3b53467a) core_worker_process.cc:860: The core worker process is not initialized yet or already shutdown.
[2025-11-28 15:37:30,941 I 673348 673348] (python-core-worker-3293f9baf9f0772a29df934ce9aa40562820dbe52583e5e641f030c5) core_worker_process.cc:773: Constructing CoreWorkerProcess. pid: 673348
[2025-11-28 15:37:30,944 I 673348 673348] (python-core-worker-3293f9baf9f0772a29df934ce9aa40562820dbe52583e5e641f030c5) event_aggregator_client.h:50: Initiating the local event aggregator client with port: 49341
[2025-11-28 15:37:30,948 I 673348 673348] (python-core-worker-3293f9baf9f0772a29df934ce9aa40562820dbe52583e5e641f030c5) grpc_server.cc:143: worker server started, listening on port 10004.
[2025-11-28 15:37:30,955 I 673348 673348] (python-core-worker-3293f9baf9f0772a29df934ce9aa40562820dbe52583e5e641f030c5) core_worker_process.cc:261: Initializing worker at address: 10.102.35.9:10004 worker_id=3293f9baf9f0772a29df934ce9aa40562820dbe52583e5e641f030c5 node_id=fbb9841b3107256f006a4e24c5be7456a673f220f17e763ce1348e9e
[2025-11-28 15:37:30,955 I 673348 673348] (python-core-worker-3293f9baf9f0772a29df934ce9aa40562820dbe52583e5e641f030c5) task_event_buffer.cc:480: Reporting task events to GCS every 1000ms.
[2025-11-28 15:37:30,957 I 673348 673348] (python-core-worker-3293f9baf9f0772a29df934ce9aa40562820dbe52583e5e641f030c5) core_worker.cc:515: Adjusted worker niceness to 15
[2025-11-28 15:37:30,957 I 673348 673348] (python-core-worker-3293f9baf9f0772a29df934ce9aa40562820dbe52583e5e641f030c5) metrics_agent_client.cc:42: Initializing exporter ...
[2025-11-28 15:37:30,957 I 673348 673427] (python-core-worker-3293f9baf9f0772a29df934ce9aa40562820dbe52583e5e641f030c5) core_worker.cc:455: Event stats:


Global stats: 12 total (10 active)
Queueing time: mean = 0.00ms, max = 0.02ms, min = 0.02ms, total = 0.04ms
Execution time:  mean = 0.00ms, total = 0.06ms
Event stats:
	PeriodicalRunner.RunFnPeriodically - 7 total (5 active, 1 running), Execution time: mean = 0.01ms, total = 0.06ms, Queueing time: mean = 0.01ms, max = 0.02ms, min = 0.02ms, total = 0.04ms
	ray::rpc::WorkerInfoGcsService.grpc_client.AddWorkerInfo - 1 total (1 active), Execution time: mean = 0.00ms, total = 0.00ms, Queueing time: mean = 0.00ms, max = -0.00ms, min = 9223372036854.78ms, total = 0.00ms
	ray::rpc::InternalPubSubGcsService.grpc_client.GcsSubscriberCommandBatch - 1 total (1 active), Execution time: mean = 0.00ms, total = 0.00ms, Queueing time: mean = 0.00ms, max = -0.00ms, min = 9223372036854.78ms, total = 0.00ms
	Publisher.CheckDeadSubscribers - 1 total (1 active), Execution time: mean = 0.00ms, total = 0.00ms, Queueing time: mean = 0.00ms, max = -0.00ms, min = 9223372036854.78ms, total = 0.00ms
	ray::rpc::InternalPubSubGcsService.grpc_client.GcsSubscriberPoll - 1 total (1 active), Execution time: mean = 0.00ms, total = 0.00ms, Queueing time: mean = 0.00ms, max = -0.00ms, min = 9223372036854.78ms, total = 0.00ms
	CoreWorker.ExitIfParentRayletDies - 1 total (1 active), Execution time: mean = 0.00ms, total = 0.00ms, Queueing time: mean = 0.00ms, max = -0.00ms, min = 9223372036854.78ms, total = 0.00ms

-----------------
Task execution event stats:

Global stats: 0 total (0 active)
Queueing time: mean = -nanms, max = -0.00ms, min = 9223372036854.78ms, total = 0.00ms
Execution time:  mean = -nanms, total = 0.00ms
Event stats:

-----------------
Task Event stats:

IO Service Stats:

Global stats: 4 total (1 active)
Queueing time: mean = 0.01ms, max = 0.02ms, min = 0.02ms, total = 0.04ms
Execution time:  mean = 0.34ms, total = 1.36ms
Event stats:
	CoreWorker.deadline_timer.flush_task_events - 1 total (1 active), Execution time: mean = 0.00ms, total = 0.00ms, Queueing time: mean = 0.00ms, max = -0.00ms, min = 9223372036854.78ms, total = 0.00ms
	PeriodicalRunner.RunFnPeriodically - 1 total (0 active), Execution time: mean = 0.49ms, total = 0.49ms, Queueing time: mean = 0.02ms, max = 0.02ms, min = 0.02ms, total = 0.02ms
	ray::rpc::TaskInfoGcsService.grpc_client.AddTaskEventData.OnReplyReceived - 1 total (0 active), Execution time: mean = 0.06ms, total = 0.06ms, Queueing time: mean = 0.02ms, max = 0.02ms, min = 0.02ms, total = 0.02ms
	ray::rpc::TaskInfoGcsService.grpc_client.AddTaskEventData - 1 total (0 active), Execution time: mean = 0.81ms, total = 0.81ms, Queueing time: mean = 0.00ms, max = -0.00ms, min = 9223372036854.78ms, total = 0.00ms
Other Stats:
	gcs_grpc_in_progress:0
	event_aggregator_grpc_in_progress:0
	current number of task status events in buffer: 0
	current number of profile events in buffer: 0
	current number of dropped task attempts tracked: 0
	total task events sent: 0 MiB
	total number of task attempts sent: 0
	total number of task attempts dropped reported: 0
	total number of sent failure: 0
	num status task events dropped: 0
	num profile task events dropped: 0
	num ray task events reported to aggregator: 0
	num ray task events failed to report to aggregator: 0
	num of task attempts dropped reported to aggregator: 0
	num of failed requests to aggregator: 0

[2025-11-28 15:37:30,957 I 672498 672498] (gcs_server) gcs_actor_scheduler.cc:642: Finished leasing worker from fbb9841b3107256f006a4e24c5be7456a673f220f17e763ce1348e9e for actor b2c310e681da2f9843c73f7501000000, job id = 01000000
[2025-11-28 15:37:30,958 I 672498 672498] (gcs_server) gcs_actor_scheduler.cc:444: Submitting actor creation task to worker. actor_id=b2c310e681da2f9843c73f7501000000 worker_id=3293f9baf9f0772a29df934ce9aa40562820dbe52583e5e641f030c5 node_id=fbb9841b3107256f006a4e24c5be7456a673f220f17e763ce1348e9e job_id=01000000
[2025-11-28 15:37:30,959 I 673348 673427] (python-core-worker-3293f9baf9f0772a29df934ce9aa40562820dbe52583e5e641f030c5) accessor.cc:540: Received address and liveness notification for node, IsAlive = 1 node_id=fbb9841b3107256f006a4e24c5be7456a673f220f17e763ce1348e9e
[2025-11-28 15:37:30,959 I 673348 673427] (python-core-worker-3293f9baf9f0772a29df934ce9aa40562820dbe52583e5e641f030c5) normal_task_submitter.cc:824: Number of alive nodes:1
[2025-11-28 15:37:30,960 I 673348 673348] (python-core-worker-3293f9baf9f0772a29df934ce9aa40562820dbe52583e5e641f030c5) actor_task_submitter.cc:74: Set actor max pending calls to -1 actor_id=b2c310e681da2f9843c73f7501000000
[2025-11-28 15:37:30,960 I 673348 673348] (python-core-worker-3293f9baf9f0772a29df934ce9aa40562820dbe52583e5e641f030c5) core_worker.cc:2903: Creating actor actor_id=b2c310e681da2f9843c73f7501000000
:job_id:01000000
:job_id:01000000
2025-11-28 15:37:31,428	INFO (monitor) autoscaler.py:147 -- The autoscaler took 0.0 seconds to fetch the list of non-terminated nodes.
2025-11-28 15:37:31,428	INFO (monitor) autoscaler.py:408 -- 
======== Autoscaler status: 2025-11-28 15:37:31.428912 ========
Node status
---------------------------------------------------------------
Active:
 1 node_fbb9841b3107256f006a4e24c5be7456a673f220f17e763ce1348e9e
Pending:
 (no pending nodes)
Recent failures:
 (no failures)

Resources
---------------------------------------------------------------
Total Usage:
 1.0/1.0 CPU
 0.0/1.0 GPU
 0B/349.75GiB memory
 0B/149.89GiB object_store_memory

From request_resources:
 (none)
Pending Demands:
 (no resource demands)
2025-11-28 15:37:31,429	INFO (monitor) autoscaler.py:463 -- The autoscaler took 0.001 seconds to complete the update iteration.
2025-11-28 15:37:36,431	INFO (monitor) autoscaler.py:147 -- The autoscaler took 0.0 seconds to fetch the list of non-terminated nodes.
2025-11-28 15:37:36,431	INFO (monitor) autoscaler.py:408 -- 
======== Autoscaler status: 2025-11-28 15:37:36.431701 ========
Node status
---------------------------------------------------------------
Active:
 1 node_fbb9841b3107256f006a4e24c5be7456a673f220f17e763ce1348e9e
Pending:
 (no pending nodes)
Recent failures:
 (no failures)

Resources
---------------------------------------------------------------
Total Usage:
 1.0/1.0 CPU
 0.0/1.0 GPU
 0B/349.75GiB memory
 0B/149.89GiB object_store_memory

From request_resources:
 (none)
Pending Demands:
 (no resource demands)
2025-11-28 15:37:36,432	INFO (monitor) autoscaler.py:463 -- The autoscaler took 0.001 seconds to complete the update iteration.
2025-11-28 15:37:41,434	INFO (monitor) autoscaler.py:147 -- The autoscaler took 0.0 seconds to fetch the list of non-terminated nodes.
2025-11-28 15:37:41,434	INFO (monitor) autoscaler.py:408 -- 
======== Autoscaler status: 2025-11-28 15:37:41.434502 ========
Node status
---------------------------------------------------------------
Active:
 1 node_fbb9841b3107256f006a4e24c5be7456a673f220f17e763ce1348e9e
Pending:
 (no pending nodes)
Recent failures:
 (no failures)

Resources
---------------------------------------------------------------
Total Usage:
 1.0/1.0 CPU
 0.0/1.0 GPU
 0B/349.75GiB memory
 0B/149.89GiB object_store_memory

From request_resources:
 (none)
Pending Demands:
 (no resource demands)
2025-11-28 15:37:41,434	INFO (monitor) autoscaler.py:463 -- The autoscaler took 0.001 seconds to complete the update iteration.
/scratch/zt1/project/cmsc848n/user/vla/cofa/verl/.venv/lib/python3.12/site-packages/transformers/utils/hub.py:110: FutureWarning: Using `TRANSFORMERS_CACHE` is deprecated and will be removed in v5 of Transformers. Use `HF_HOME` instead.
  warnings.warn(
[2025-11-28 15:37:45,078 I 672498 672498] (gcs_server) gcs_server.cc:926: Gcs Debug state:

GcsNodeManager: 
- RegisterNode request count: 1
- DrainNode request count: 0
- GetAllNodeInfo request count: 10

GcsActorManager: 
- RegisterActor request count: 1
- CreateActor request count: 1
- GetActorInfo request count: 1
- GetNamedActorInfo request count: 0
- GetAllActorInfo request count: 0
- KillActor request count: 0
- ListNamedActors request count: 0
- Registered actors count: 1
- Destroyed actors count: 0
- Named actors count: 0
- Unresolved actors count: 0
- Pending actors count: 0
- Created actors count: 0
- owners_: 1
- actor_to_register_callbacks_: 0
- actor_to_restart_for_lineage_reconstruction_callbacks_: 0
- actor_to_create_callbacks_: 1
- sorted_destroyed_actor_list_: 0

GcsResourceManager: 
- GetAllAvailableResources request count: 0
- GetAllTotalResources request count: 0
- GetAllResourceUsage request count: 12

GcsPlacementGroupManager: 
- CreatePlacementGroup request count: 0
- RemovePlacementGroup request count: 0
- GetPlacementGroup request count: 0
- GetAllPlacementGroup request count: 0
- WaitPlacementGroupUntilReady request count: 0
- GetNamedPlacementGroup request count: 0
- Scheduling pending placement group count: 0
- Registered placement groups count: 0
- Named placement group count: 0
- Pending placement groups count: 0
- Infeasible placement groups count: 0

Publisher:
GCS_NODE_INFO_CHANNEL
- cumulative published messages: 1
- cumulative published bytes: 585
- current buffered bytes: 0
GCS_ACTOR_CHANNEL
- cumulative published messages: 2
- cumulative published bytes: 1152
- current buffered bytes: 0
GCS_JOB_CHANNEL
- cumulative published messages: 1
- cumulative published bytes: 2122
- current buffered bytes: 2122
GCS_WORKER_DELTA_CHANNEL
- cumulative published messages: 1
- cumulative published bytes: 96
- current buffered bytes: 96
GCS_NODE_ADDRESS_AND_LIVENESS_CHANNEL
- cumulative published messages: 1
- cumulative published bytes: 89
- current buffered bytes: 0

[runtime env manager] ID to URIs table:
[runtime env manager] URIs reference table:

GcsTaskManager: 
-Total num task events reported: 4
-Total num status task events dropped: 0
-Total num profile events dropped: 0
-Current num of task events stored: 3
-Total num of actor creation tasks: 1
-Total num of actor tasks: 1
-Total num of normal tasks: 0
-Total num of driver tasks: 1

GcsAutoscalerStateManager: 
- last_seen_autoscaler_state_version_: 0
- last_cluster_resource_state_version_: 12
- pending demands:



[2025-11-28 15:37:45,079 I 672498 672498] (gcs_server) gcs_server.cc:940: Main service Event stats:


Global stats: 1030 total (8 active)
Queueing time: mean = 32.99ms, max = 1000.05ms, min = 0.00ms, total = 33976.33ms
Execution time:  mean = 3.99ms, total = 4111.59ms
Event stats:
	GcsInMemoryStore.Put - 181 total (0 active), Execution time: mean = 5.40ms, total = 977.14ms, Queueing time: mean = 5.43ms, max = 977.34ms, min = 0.00ms, total = 983.55ms
	InternalKVGcsService.grpc_server.InternalKVPut - 97 total (0 active), Execution time: mean = 0.20ms, total = 19.06ms, Queueing time: mean = 0.00ms, max = -0.00ms, min = 9223372036854.78ms, total = 0.00ms
	InternalKVGcsService.grpc_server.InternalKVPut.HandleRequestImpl - 97 total (0 active), Execution time: mean = 0.03ms, total = 3.10ms, Queueing time: mean = 0.01ms, max = 0.02ms, min = 0.01ms, total = 1.30ms
	RayletLoadPulled - 60 total (1 active), Execution time: mean = 0.10ms, total = 5.84ms, Queueing time: mean = 0.01ms, max = 0.03ms, min = 0.01ms, total = 0.80ms
	NodeManagerService.grpc_client.GetResourceLoad.OnReplyReceived - 56 total (0 active), Execution time: mean = 0.03ms, total = 1.82ms, Queueing time: mean = 0.02ms, max = 0.04ms, min = 0.01ms, total = 0.99ms
	NodeManagerService.grpc_client.GetResourceLoad - 56 total (0 active), Execution time: mean = 0.94ms, total = 52.41ms, Queueing time: mean = 0.00ms, max = -0.00ms, min = 9223372036854.78ms, total = 0.00ms
	GcsInMemoryStore.Get - 54 total (0 active), Execution time: mean = 0.03ms, total = 1.70ms, Queueing time: mean = 0.01ms, max = 0.02ms, min = 0.00ms, total = 0.32ms
	InternalKVGcsService.grpc_server.InternalKVGet.HandleRequestImpl - 52 total (0 active), Execution time: mean = 0.03ms, total = 1.36ms, Queueing time: mean = 0.02ms, max = 0.37ms, min = 0.01ms, total = 1.14ms
	InternalKVGcsService.grpc_server.InternalKVGet - 52 total (0 active), Execution time: mean = 0.32ms, total = 16.68ms, Queueing time: mean = 0.00ms, max = -0.00ms, min = 9223372036854.78ms, total = 0.00ms
	ReporterService.grpc_client.HealthCheck.OnReplyReceived - 31 total (0 active), Execution time: mean = 0.03ms, total = 0.92ms, Queueing time: mean = 31.36ms, max = 971.79ms, min = 0.01ms, total = 972.29ms
	ReporterService.grpc_client.HealthCheck - 31 total (0 active), Execution time: mean = 0.20ms, total = 6.17ms, Queueing time: mean = 0.00ms, max = -0.00ms, min = 9223372036854.78ms, total = 0.00ms
	MetricsAgentClient.WaitForServerReadyWithRetry - 30 total (0 active), Execution time: mean = 0.08ms, total = 2.51ms, Queueing time: mean = 1000.02ms, max = 1000.05ms, min = 1000.01ms, total = 30000.54ms
	ClusterResourceManager.ResetRemoteNodeView - 21 total (1 active), Execution time: mean = 0.00ms, total = 0.07ms, Queueing time: mean = 0.01ms, max = 0.02ms, min = 0.01ms, total = 0.31ms
	HealthCheck - 16 total (0 active), Execution time: mean = 0.00ms, total = 0.04ms, Queueing time: mean = 0.02ms, max = 0.03ms, min = 0.01ms, total = 0.26ms
	NodeInfoGcsService.grpc_server.CheckAlive - 13 total (0 active), Execution time: mean = 0.16ms, total = 2.05ms, Queueing time: mean = 0.00ms, max = -0.00ms, min = 9223372036854.78ms, total = 0.00ms
	NodeInfoGcsService.grpc_server.CheckAlive.HandleRequestImpl - 13 total (0 active), Execution time: mean = 0.01ms, total = 0.19ms, Queueing time: mean = 0.01ms, max = 0.02ms, min = 0.01ms, total = 0.18ms
	NodeResourceInfoGcsService.grpc_server.GetAllResourceUsage.HandleRequestImpl - 12 total (0 active), Execution time: mean = 0.03ms, total = 0.32ms, Queueing time: mean = 0.02ms, max = 0.03ms, min = 0.01ms, total = 0.22ms
	AutoscalerStateService.grpc_server.GetClusterResourceState.HandleRequestImpl - 12 total (0 active), Execution time: mean = 0.02ms, total = 0.26ms, Queueing time: mean = 0.01ms, max = 0.02ms, min = 0.01ms, total = 0.15ms
	NodeResourceInfoGcsService.grpc_server.GetAllResourceUsage - 12 total (0 active), Execution time: mean = 0.26ms, total = 3.07ms, Queueing time: mean = 0.00ms, max = -0.00ms, min = 9223372036854.78ms, total = 0.00ms
	GCSServer.deadline_timer.metrics_report - 12 total (1 active), Execution time: mean = 0.07ms, total = 0.88ms, Queueing time: mean = 0.01ms, max = 0.02ms, min = 0.00ms, total = 0.13ms
	AutoscalerStateService.grpc_server.GetClusterResourceState - 12 total (0 active), Execution time: mean = 0.17ms, total = 2.03ms, Queueing time: mean = 0.00ms, max = -0.00ms, min = 9223372036854.78ms, total = 0.00ms
	NodeInfoGcsService.grpc_server.GetClusterId - 10 total (0 active), Execution time: mean = 1.54ms, total = 15.35ms, Queueing time: mean = 0.00ms, max = -0.00ms, min = 9223372036854.78ms, total = 0.00ms
	NodeInfoGcsService.grpc_server.GetClusterId.HandleRequestImpl - 10 total (0 active), Execution time: mean = 0.38ms, total = 3.85ms, Queueing time: mean = 0.87ms, max = 8.47ms, min = 0.01ms, total = 8.66ms
	event_loop_lag_probe - 8 total (0 active), Execution time: mean = 0.01ms, total = 0.05ms, Queueing time: mean = 4.31ms, max = 34.33ms, min = 0.00ms, total = 34.46ms
	GcsInMemoryStore.GetAll - 6 total (0 active), Execution time: mean = 0.01ms, total = 0.09ms, Queueing time: mean = 0.06ms, max = 0.10ms, min = 0.01ms, total = 0.37ms
	NodeInfoGcsService.grpc_server.GetAllNodeInfo - 6 total (0 active), Execution time: mean = 0.15ms, total = 0.88ms, Queueing time: mean = 0.00ms, max = -0.00ms, min = 9223372036854.78ms, total = 0.00ms
	GCSServer.deadline_timer.gcs_global_gc - 6 total (1 active), Execution time: mean = 0.00ms, total = 0.02ms, Queueing time: mean = 0.01ms, max = 0.03ms, min = 0.01ms, total = 0.07ms
	NodeInfoGcsService.grpc_server.GetAllNodeInfo.HandleRequestImpl - 6 total (0 active), Execution time: mean = 0.02ms, total = 0.10ms, Queueing time: mean = 0.01ms, max = 0.01ms, min = 0.01ms, total = 0.06ms
	PeriodicalRunner.RunFnPeriodically - 5 total (0 active), Execution time: mean = 0.13ms, total = 0.64ms, Queueing time: mean = 393.88ms, max = 978.61ms, min = 3.95ms, total = 1969.40ms
	GcsResourceManager::Update - 4 total (0 active), Execution time: mean = 0.04ms, total = 0.18ms, Queueing time: mean = 0.01ms, max = 0.01ms, min = 0.01ms, total = 0.04ms
	NodeInfoGcsService.grpc_server.GetAllNodeAddressAndLiveness - 4 total (0 active), Execution time: mean = 0.24ms, total = 0.95ms, Queueing time: mean = 0.00ms, max = -0.00ms, min = 9223372036854.78ms, total = 0.00ms
	GcsHealthCheckManager::MarkNodeHealthy - 4 total (0 active), Execution time: mean = 0.00ms, total = 0.00ms, Queueing time: mean = 0.01ms, max = 0.01ms, min = 0.01ms, total = 0.05ms
	NodeInfoGcsService.grpc_server.GetAllNodeAddressAndLiveness.HandleRequestImpl - 4 total (0 active), Execution time: mean = 0.01ms, total = 0.03ms, Queueing time: mean = 0.12ms, max = 0.45ms, min = 0.01ms, total = 0.48ms
	WorkerInfoGcsService.grpc_server.AddWorkerInfo - 3 total (0 active), Execution time: mean = 0.19ms, total = 0.57ms, Queueing time: mean = 0.00ms, max = -0.00ms, min = 9223372036854.78ms, total = 0.00ms
	WorkerInfoGcsService.grpc_server.AddWorkerInfo.HandleRequestImpl - 3 total (0 active), Execution time: mean = 0.03ms, total = 0.08ms, Queueing time: mean = 0.01ms, max = 0.02ms, min = 0.01ms, total = 0.04ms
	JobInfoGcsService.grpc_server.GetNextJobID.HandleRequestImpl - 1 total (0 active), Execution time: mean = 0.01ms, total = 0.01ms, Queueing time: mean = 0.01ms, max = 0.01ms, min = 0.01ms, total = 0.01ms
	CoreWorkerService.grpc_client.PushTask - 1 total (1 active), Execution time: mean = 0.00ms, total = 0.00ms, Queueing time: mean = 0.00ms, max = -0.00ms, min = 9223372036854.78ms, total = 0.00ms
	JobInfoGcsService.grpc_server.AddJob.HandleRequestImpl - 1 total (0 active), Execution time: mean = 0.10ms, total = 0.10ms, Queueing time: mean = 0.03ms, max = 0.03ms, min = 0.03ms, total = 0.03ms
	GcsInMemoryStore.GetNextJobID - 1 total (0 active), Execution time: mean = 0.00ms, total = 0.00ms, Queueing time: mean = 0.00ms, max = 0.00ms, min = 0.00ms, total = 0.00ms
	NodeManagerService.grpc_client.RequestWorkerLease - 1 total (0 active), Execution time: mean = 2009.14ms, total = 2009.14ms, Queueing time: mean = 0.00ms, max = -0.00ms, min = 9223372036854.78ms, total = 0.00ms
	NodeInfoGcsService.grpc_server.RegisterNode - 1 total (0 active), Execution time: mean = 0.53ms, total = 0.53ms, Queueing time: mean = 0.00ms, max = -0.00ms, min = 9223372036854.78ms, total = 0.00ms
	JobInfoGcsService.grpc_server.GetAllJobInfo - 1 total (0 active), Execution time: mean = 0.17ms, total = 0.17ms, Queueing time: mean = 0.00ms, max = -0.00ms, min = 9223372036854.78ms, total = 0.00ms
	InternalKVGcsService.grpc_server.InternalKVDel - 1 total (0 active), Execution time: mean = 0.50ms, total = 0.50ms, Queueing time: mean = 0.00ms, max = -0.00ms, min = 9223372036854.78ms, total = 0.00ms
	JobInfoGcsService.grpc_server.AddJob - 1 total (0 active), Execution time: mean = 0.39ms, total = 0.39ms, Queueing time: mean = 0.00ms, max = -0.00ms, min = 9223372036854.78ms, total = 0.00ms
	WorkerInfoGcsService.grpc_server.ReportWorkerFailure - 1 total (0 active), Execution time: mean = 1.66ms, total = 1.66ms, Queueing time: mean = 0.00ms, max = -0.00ms, min = 9223372036854.78ms, total = 0.00ms
	GcsInitData::AsyncLoad - 1 total (0 active), Execution time: mean = 0.01ms, total = 0.01ms, Queueing time: mean = 0.00ms, max = 0.00ms, min = 0.00ms, total = 0.00ms
	ActorInfoGcsService.grpc_server.CreateActor - 1 total (1 active), Execution time: mean = 0.00ms, total = 0.00ms, Queueing time: mean = 0.00ms, max = -0.00ms, min = 9223372036854.78ms, total = 0.00ms
	ActorInfoGcsService.grpc_server.GetActorInfo - 1 total (0 active), Execution time: mean = 0.15ms, total = 0.15ms, Queueing time: mean = 0.00ms, max = -0.00ms, min = 9223372036854.78ms, total = 0.00ms
	InternalKVGcsService.grpc_server.GetInternalConfig.HandleRequestImpl - 1 total (0 active), Execution time: mean = 0.02ms, total = 0.02ms, Queueing time: mean = 0.02ms, max = 0.02ms, min = 0.02ms, total = 0.02ms
	GcsServer.GetOrGenerateClusterId.continuation - 1 total (0 active), Execution time: mean = 975.13ms, total = 975.13ms, Queueing time: mean = 0.00ms, max = 0.00ms, min = 0.00ms, total = 0.00ms
	CoreWorkerService.grpc_client.WaitForActorRefDeleted - 1 total (1 active), Execution time: mean = 0.00ms, total = 0.00ms, Queueing time: mean = 0.00ms, max = -0.00ms, min = 9223372036854.78ms, total = 0.00ms
	InternalKVGcsService.grpc_server.InternalKVDel.HandleRequestImpl - 1 total (0 active), Execution time: mean = 0.03ms, total = 0.03ms, Queueing time: mean = 0.01ms, max = 0.01ms, min = 0.01ms, total = 0.01ms
	NodeInfoGcsService.grpc_server.RegisterNode.HandleRequestImpl - 1 total (0 active), Execution time: mean = 0.09ms, total = 0.09ms, Queueing time: mean = 0.02ms, max = 0.02ms, min = 0.02ms, total = 0.02ms
	GCSServer.deadline_timer.debug_state_event_stats_print - 1 total (1 active, 1 running), Execution time: mean = 0.00ms, total = 0.00ms, Queueing time: mean = 0.00ms, max = -0.00ms, min = 9223372036854.78ms, total = 0.00ms
	InternalKVGcsService.grpc_server.GetInternalConfig - 1 total (0 active), Execution time: mean = 0.27ms, total = 0.27ms, Queueing time: mean = 0.00ms, max = -0.00ms, min = 9223372036854.78ms, total = 0.00ms
	JobInfoGcsService.grpc_server.GetNextJobID - 1 total (0 active), Execution time: mean = 0.12ms, total = 0.12ms, Queueing time: mean = 0.00ms, max = -0.00ms, min = 9223372036854.78ms, total = 0.00ms
	JobInfoGcsService.grpc_server.GetAllJobInfo.HandleRequestImpl - 1 total (0 active), Execution time: mean = 0.02ms, total = 0.02ms, Queueing time: mean = 0.01ms, max = 0.01ms, min = 0.01ms, total = 0.01ms
	GcsHealthCheckManager::AddNode - 1 total (0 active), Execution time: mean = 0.01ms, total = 0.01ms, Queueing time: mean = 0.00ms, max = 0.00ms, min = 0.00ms, total = 0.00ms
	ActorInfoGcsService.grpc_server.GetActorInfo.HandleRequestImpl - 1 total (0 active), Execution time: mean = 0.02ms, total = 0.02ms, Queueing time: mean = 0.01ms, max = 0.01ms, min = 0.01ms, total = 0.01ms
	NodeManager.AddNodeCallback - 1 total (0 active), Execution time: mean = 0.43ms, total = 0.43ms, Queueing time: mean = 0.28ms, max = 0.28ms, min = 0.28ms, total = 0.28ms
	GcsInMemoryStore.Delete - 1 total (0 active), Execution time: mean = 0.01ms, total = 0.01ms, Queueing time: mean = 0.01ms, max = 0.01ms, min = 0.01ms, total = 0.01ms
	ActorInfoGcsService.grpc_server.RegisterActor - 1 total (0 active), Execution time: mean = 0.77ms, total = 0.77ms, Queueing time: mean = 0.00ms, max = -0.00ms, min = 9223372036854.78ms, total = 0.00ms
	ActorInfoGcsService.grpc_server.RegisterActor.HandleRequestImpl - 1 total (0 active), Execution time: mean = 0.60ms, total = 0.60ms, Queueing time: mean = 0.02ms, max = 0.02ms, min = 0.02ms, total = 0.02ms
	NodeManagerService.grpc_client.RequestWorkerLease.OnReplyReceived - 1 total (0 active), Execution time: mean = 0.40ms, total = 0.40ms, Queueing time: mean = 0.02ms, max = 0.02ms, min = 0.02ms, total = 0.02ms
	ActorInfoGcsService.grpc_server.CreateActor.HandleRequestImpl - 1 total (0 active), Execution time: mean = 0.58ms, total = 0.58ms, Queueing time: mean = 0.02ms, max = 0.02ms, min = 0.02ms, total = 0.02ms
	WorkerInfoGcsService.grpc_server.ReportWorkerFailure.HandleRequestImpl - 1 total (0 active), Execution time: mean = 0.04ms, total = 0.04ms, Queueing time: mean = 0.03ms, max = 0.03ms, min = 0.03ms, total = 0.03ms


[2025-11-28 15:37:45,079 I 672498 672498] (gcs_server) gcs_server.cc:944: task_io_context Event stats:


Global stats: 92 total (1 active)
Queueing time: mean = 0.02ms, max = 0.57ms, min = 0.00ms, total = 1.50ms
Execution time:  mean = 0.07ms, total = 6.42ms
Event stats:
	TaskInfoGcsService.grpc_server.AddTaskEventData.HandleRequestImpl - 35 total (0 active), Execution time: mean = 0.01ms, total = 0.32ms, Queueing time: mean = 0.02ms, max = 0.03ms, min = 0.01ms, total = 0.64ms
	TaskInfoGcsService.grpc_server.AddTaskEventData - 35 total (0 active), Execution time: mean = 0.15ms, total = 5.40ms, Queueing time: mean = 0.00ms, max = -0.00ms, min = 9223372036854.78ms, total = 0.00ms
	GcsTaskManager.GcJobSummary - 13 total (1 active), Execution time: mean = 0.00ms, total = 0.05ms, Queueing time: mean = 0.01ms, max = 0.03ms, min = 0.01ms, total = 0.19ms
	event_loop_lag_probe - 8 total (0 active), Execution time: mean = 0.08ms, total = 0.62ms, Queueing time: mean = 0.08ms, max = 0.57ms, min = 0.00ms, total = 0.65ms
	PeriodicalRunner.RunFnPeriodically - 1 total (0 active), Execution time: mean = 0.02ms, total = 0.02ms, Queueing time: mean = 0.02ms, max = 0.02ms, min = 0.02ms, total = 0.02ms


[2025-11-28 15:37:45,079 I 672498 672498] (gcs_server) gcs_server.cc:944: pubsub_io_context Event stats:


Global stats: 43 total (6 active)
Queueing time: mean = 0.03ms, max = 0.77ms, min = 0.00ms, total = 1.21ms
Execution time:  mean = 982.74ms, total = 42257.73ms
Event stats:
	InternalPubSubGcsService.grpc_server.GcsSubscriberPoll.HandleRequestImpl - 8 total (0 active), Execution time: mean = 0.02ms, total = 0.19ms, Queueing time: mean = 0.03ms, max = 0.12ms, min = 0.01ms, total = 0.23ms
	event_loop_lag_probe - 8 total (0 active), Execution time: mean = 0.05ms, total = 0.44ms, Queueing time: mean = 0.10ms, max = 0.77ms, min = 0.00ms, total = 0.82ms
	InternalPubSubGcsService.grpc_server.GcsSubscriberCommandBatch.HandleRequestImpl - 8 total (0 active), Execution time: mean = 0.05ms, total = 0.44ms, Queueing time: mean = 0.02ms, max = 0.02ms, min = 0.01ms, total = 0.13ms
	InternalPubSubGcsService.grpc_server.GcsSubscriberPoll - 8 total (5 active), Execution time: mean = 5281.90ms, total = 42255.23ms, Queueing time: mean = 0.00ms, max = -0.00ms, min = 9223372036854.78ms, total = 0.00ms
	InternalPubSubGcsService.grpc_server.GcsSubscriberCommandBatch - 8 total (0 active), Execution time: mean = 0.18ms, total = 1.41ms, Queueing time: mean = 0.00ms, max = -0.00ms, min = 9223372036854.78ms, total = 0.00ms
	RemoveSubscriberFrom - 1 total (0 active), Execution time: mean = 0.01ms, total = 0.01ms, Queueing time: mean = 0.02ms, max = 0.02ms, min = 0.02ms, total = 0.02ms
	Publisher.CheckDeadSubscribers - 1 total (1 active), Execution time: mean = 0.00ms, total = 0.00ms, Queueing time: mean = 0.00ms, max = -0.00ms, min = 9223372036854.78ms, total = 0.00ms
	PeriodicalRunner.RunFnPeriodically - 1 total (0 active), Execution time: mean = 0.01ms, total = 0.01ms, Queueing time: mean = 0.02ms, max = 0.02ms, min = 0.02ms, total = 0.02ms


[2025-11-28 15:37:45,079 I 672498 672498] (gcs_server) gcs_server.cc:944: ray_syncer_io_context Event stats:


Global stats: 18 total (0 active)
Queueing time: mean = 0.09ms, max = 1.29ms, min = 0.00ms, total = 1.53ms
Execution time:  mean = 0.04ms, total = 0.78ms
Event stats:
	event_loop_lag_probe - 8 total (0 active), Execution time: mean = 0.04ms, total = 0.31ms, Queueing time: mean = 0.17ms, max = 1.29ms, min = 0.00ms, total = 1.38ms
	RaySyncer.BroadcastMessage - 4 total (0 active), Execution time: mean = 0.01ms, total = 0.04ms, Queueing time: mean = 0.00ms, max = 0.00ms, min = 0.00ms, total = 0.00ms
	 - 4 total (0 active), Execution time: mean = 0.10ms, total = 0.42ms, Queueing time: mean = 0.02ms, max = 0.03ms, min = 0.01ms, total = 0.09ms
	RaySyncerRegister - 2 total (0 active), Execution time: mean = 0.00ms, total = 0.01ms, Queueing time: mean = 0.03ms, max = 0.04ms, min = 0.02ms, total = 0.06ms


[2025-11-28 15:37:45,079 I 672498 672498] (gcs_server) gcs_server.cc:944: ray_event_io_context Event stats:


Global stats: 8 total (0 active)
Queueing time: mean = 0.15ms, max = 1.12ms, min = 0.00ms, total = 1.18ms
Execution time:  mean = 0.03ms, total = 0.25ms
Event stats:
	event_loop_lag_probe - 8 total (0 active), Execution time: mean = 0.03ms, total = 0.25ms, Queueing time: mean = 0.15ms, max = 1.12ms, min = 0.00ms, total = 1.18ms


2025-11-28 15:37:46,437	INFO (monitor) autoscaler.py:147 -- The autoscaler took 0.0 seconds to fetch the list of non-terminated nodes.
2025-11-28 15:37:46,437	INFO (monitor) autoscaler.py:408 -- 
======== Autoscaler status: 2025-11-28 15:37:46.437353 ========
Node status
---------------------------------------------------------------
Active:
 1 node_fbb9841b3107256f006a4e24c5be7456a673f220f17e763ce1348e9e
Pending:
 (no pending nodes)
Recent failures:
 (no failures)

Resources
---------------------------------------------------------------
Total Usage:
 1.0/1.0 CPU
 0.0/1.0 GPU
 0B/349.75GiB memory
 0B/149.89GiB object_store_memory

From request_resources:
 (none)
Pending Demands:
 (no resource demands)
2025-11-28 15:37:46,437	INFO (monitor) autoscaler.py:463 -- The autoscaler took 0.001 seconds to complete the update iteration.
[2025-11-28 15:37:47,968 I 672801 672824] (raylet) store.cc:572: Plasma store debug dump: 
Current usage: 0 / 160.946 GB
- num bytes created total: 24
0 pending objects of total size 0MB
- objects spillable: 0
- bytes spillable: 0
- objects unsealed: 0
- bytes unsealed: 0
- objects in use: 0
- bytes in use: 0
- objects evictable: 0
- bytes evictable: 0

- objects created by worker: 0
- bytes created by worker: 0
- objects restored: 0
- bytes restored: 0
- objects received: 0
- bytes received: 0
- objects errored: 0
- bytes errored: 0

[2025-11-28 15:37:48,992 I 672801 672801] (raylet) node_manager.cc:440: [state-dump] NodeManager:
[state-dump] Node ID: fbb9841b3107256f006a4e24c5be7456a673f220f17e763ce1348e9e
[state-dump] Node name: 10.102.35.9
[state-dump] InitialConfigResources: {accelerator_type:A100: 1, CPU: 1, memory: 3.75541e+11, GPU: 1, node:10.102.35.9: 1, object_store_memory: 1.60946e+11, node:__internal_head__: 1}
[state-dump] ClusterLeaseManager:
[state-dump] ========== Node: fbb9841b3107256f006a4e24c5be7456a673f220f17e763ce1348e9e =================
[state-dump] Infeasible queue length: 0
[state-dump] Schedule queue length: 0
[state-dump] Grant queue length: 0
[state-dump] num_waiting_for_resource: 0
[state-dump] num_waiting_for_plasma_memory: 0
[state-dump] num_waiting_for_remote_node_resources: 0
[state-dump] num_worker_not_started_by_job_config_not_exist: 0
[state-dump] num_worker_not_started_by_registration_timeout: 0
[state-dump] num_tasks_waiting_for_workers: 0
[state-dump] num_cancelled_leases: 0
[state-dump] cluster_resource_scheduler state: 
[state-dump] Local id: -6166997991266946165 Local resources: {"total":{GPU: [10000], node:10.102.35.9: [10000], CPU: [10000], node:__internal_head__: [10000], memory: [3755414892550000], object_store_memory: [1609463525370000], accelerator_type:A100: [10000]}}, "available": {GPU: [10000], node:10.102.35.9: [10000], CPU: [0], node:__internal_head__: [10000], memory: [3755414892550000], object_store_memory: [1609463525370000], accelerator_type:A100: [10000]}}, "labels":{"ray.io/node-id":"fbb9841b3107256f006a4e24c5be7456a673f220f17e763ce1348e9e","ray.io/accelerator-type":"A100",} is_draining: 0 is_idle: 0 Cluster resources (at most 20 nodes are shown): node id: -6166997991266946165{"total":{node:10.102.35.9: 10000, GPU: 10000, CPU: 10000, object_store_memory: 1609463525370000, memory: 3755414892550000, accelerator_type:A100: 10000, node:__internal_head__: 10000}}, "available": {object_store_memory: 1609463525370000, memory: 3755414892550000, accelerator_type:A100: 10000, GPU: 10000, node:10.102.35.9: 10000, node:__internal_head__: 10000}}, "labels":{"ray.io/node-id":"fbb9841b3107256f006a4e24c5be7456a673f220f17e763ce1348e9e","ray.io/accelerator-type":"A100",}, "is_draining": 0, "draining_deadline_timestamp_ms": -1} { "placement group locations": [], "node to bundles": []}
[state-dump] Waiting leases size: 0
[state-dump] Number of granted lease arguments: 1
[state-dump] Number of pinned lease arguments: 0
[state-dump] Number of total spilled leases: 0
[state-dump] Number of spilled waiting leases: 0
[state-dump] Number of spilled unschedulable leases: 0
[state-dump] Resource usage {
[state-dump]     - (language=PYTHON actor_or_taskTaskRunner.__init__ pid=673348 worker_id=3293f9baf9f0772a29df934ce9aa40562820dbe52583e5e641f030c5): {CPU: 1}
[state-dump] }
[state-dump] Backlog Size per scheduling descriptor :{workerId: num backlogs}:
[state-dump] 
[state-dump] Granted leases by scheduling class:
[state-dump]     - {depth=1 function_descriptor={type=PythonFunctionDescriptor, module_name=main_ppo, class_name=TaskRunner, function_name=__init__, function_hash=7c995066ba7f4273a569f2e0f94e313e} scheduling_strategy=default_scheduling_strategy {
[state-dump] }
[state-dump]  resource_set={CPU : 1, }label_selector={}}fallback_strategy=[]: 1/1
[state-dump] ==================================================
[state-dump] 
[state-dump] ClusterResources:
[state-dump] LocalObjectManager:
[state-dump] - num pinned objects: 0
[state-dump] - pinned objects size: 0
[state-dump] - num objects pending restore: 0
[state-dump] - num objects pending spill: 0
[state-dump] - num bytes pending spill: 0
[state-dump] - num bytes currently spilled: 0
[state-dump] - cumulative spill requests: 0
[state-dump] - cumulative restore requests: 0
[state-dump] - spilled objects pending delete: 0
[state-dump] 
[state-dump] ObjectManager:
[state-dump] - num local objects: 0
[state-dump] - num unfulfilled push requests: 0
[state-dump] - num object pull requests: 0
[state-dump] - num chunks received total: 0
[state-dump] - num chunks received failed (all): 0
[state-dump] - num chunks received failed / cancelled: 0
[state-dump] - num chunks received failed / plasma error: 0
[state-dump] Event stats:
[state-dump] Global stats: 0 total (0 active)
[state-dump] Queueing time: mean = -nanms, max = -0.00ms, min = 9223372036854.78ms, total = 0.00ms
[state-dump] Execution time:  mean = -nanms, total = 0.00ms
[state-dump] Event stats:
[state-dump] PushManager:
[state-dump] - num pushes remaining: 0
[state-dump] - num chunks in flight: 0
[state-dump] - num chunks remaining: 0
[state-dump] - max chunks allowed: 409
[state-dump] OwnershipBasedObjectDirectory:
[state-dump] - num listeners: 0
[state-dump] - cumulative location updates: 0
[state-dump] - num location updates per second: 0.000
[state-dump] - num location lookups per second: 0.000
[state-dump] - num locations added per second: 0.000
[state-dump] - num locations removed per second: 0.000
[state-dump] BufferPool:
[state-dump] - create buffer state map size: 0
[state-dump] PullManager:
[state-dump] - num bytes available for pulled objects: 160946352537
[state-dump] - num bytes being pulled (all): 0
[state-dump] - num bytes being pulled / pinned: 0
[state-dump] - get request bundles: BundlePullRequestQueue{0 total, 0 active, 0 inactive, 0 unpullable}
[state-dump] - wait request bundles: BundlePullRequestQueue{0 total, 0 active, 0 inactive, 0 unpullable}
[state-dump] - task request bundles: BundlePullRequestQueue{0 total, 0 active, 0 inactive, 0 unpullable}
[state-dump] - first get request bundle: N/A
[state-dump] - first wait request bundle: N/A
[state-dump] - first task request bundle: N/A
[state-dump] - num objects queued: 0
[state-dump] - num objects actively pulled (all): 0
[state-dump] - num objects actively pulled / pinned: 0
[state-dump] - num bundles being pulled: 0
[state-dump] - num pull retries: 0
[state-dump] - max timeout seconds: 0
[state-dump] - max timeout request is already processed. No entry.
[state-dump] 
[state-dump] WorkerPool:
[state-dump] - registered jobs: 1
[state-dump] - process_failed_job_config_missing: 0
[state-dump] - process_failed_rate_limited: 0
[state-dump] - process_failed_pending_registration: 0
[state-dump] - process_failed_runtime_env_setup_failed: 0
[state-dump] - num JAVA workers: 0
[state-dump] - num JAVA drivers: 0
[state-dump] - num JAVA pending start requests: 0
[state-dump] - num JAVA pending registration requests: 0
[state-dump] - num object spill callbacks queued: 0
[state-dump] - num object restore queued: 0
[state-dump] - num util functions queued: 0
[state-dump] - num PYTHON workers: 1
[state-dump] - num PYTHON drivers: 1
[state-dump] - num PYTHON pending start requests: 0
[state-dump] - num PYTHON pending registration requests: 0
[state-dump] - num object spill callbacks queued: 0
[state-dump] - num object restore queued: 0
[state-dump] - num util functions queued: 0
[state-dump] - num idle workers: 0
[state-dump] LeaseDependencyManager:
[state-dump] - lease deps map size: 0
[state-dump] - get req map size: 0
[state-dump] - wait req map size: 0
[state-dump] - local objects map size: 0
[state-dump] WaitManager:
[state-dump] - num active wait requests: 0
[state-dump] Subscriber:
[state-dump] Channel WORKER_OBJECT_EVICTION
[state-dump] - cumulative subscribe requests: 0
[state-dump] - cumulative unsubscribe requests: 0
[state-dump] - active subscribed publishers: 0
[state-dump] - cumulative published messages: 0
[state-dump] - cumulative processed messages: 0
[state-dump] Channel WORKER_OBJECT_LOCATIONS_CHANNEL
[state-dump] - cumulative subscribe requests: 0
[state-dump] - cumulative unsubscribe requests: 0
[state-dump] - active subscribed publishers: 0
[state-dump] - cumulative published messages: 0
[state-dump] - cumulative processed messages: 0
[state-dump] Channel WORKER_REF_REMOVED_CHANNEL
[state-dump] - cumulative subscribe requests: 0
[state-dump] - cumulative unsubscribe requests: 0
[state-dump] - active subscribed publishers: 0
[state-dump] - cumulative published messages: 0
[state-dump] - cumulative processed messages: 0
[state-dump] num async plasma notifications: 0
[state-dump] Event stats:
[state-dump] Global stats: 3021 total (17 active)
[state-dump] Queueing time: mean = 10.73ms, max = 1179.81ms, min = -0.00ms, total = 32417.39ms
[state-dump] Execution time:  mean = 14.66ms, total = 44278.05ms
[state-dump] Event stats:
[state-dump] 	RaySyncer.OnDemandBroadcasting - 600 total (1 active), Execution time: mean = 0.00ms, total = 1.22ms, Queueing time: mean = 0.03ms, max = 6.31ms, min = -0.00ms, total = 15.69ms
[state-dump] 	NodeManager.CheckGC - 600 total (1 active), Execution time: mean = 0.00ms, total = 0.43ms, Queueing time: mean = 0.03ms, max = 6.32ms, min = 0.00ms, total = 16.43ms
[state-dump] 	ObjectManager.UpdateAvailableMemory - 600 total (0 active), Execution time: mean = 0.00ms, total = 0.36ms, Queueing time: mean = 0.01ms, max = 0.09ms, min = 0.00ms, total = 4.58ms
[state-dump] 	RayletWorkerPool.deadline_timer.kill_idle_workers - 300 total (1 active), Execution time: mean = 0.00ms, total = 1.10ms, Queueing time: mean = 0.02ms, max = 0.80ms, min = 0.01ms, total = 6.70ms
[state-dump] 	MemoryMonitor.CheckIsMemoryUsageAboveThreshold - 240 total (1 active), Execution time: mean = 0.46ms, total = 110.74ms, Queueing time: mean = 0.01ms, max = 0.02ms, min = 0.00ms, total = 3.50ms
[state-dump] 	NodeManager.ScheduleAndGrantLeases - 61 total (1 active), Execution time: mean = 0.00ms, total = 0.18ms, Queueing time: mean = 0.02ms, max = 0.07ms, min = 0.01ms, total = 0.93ms
[state-dump] 	NodeManager.CheckForUnexpectedWorkerDisconnects - 61 total (1 active), Execution time: mean = 0.00ms, total = 0.28ms, Queueing time: mean = 0.01ms, max = 0.07ms, min = -0.00ms, total = 0.84ms
[state-dump] 	NodeManager.deadline_timer.flush_free_objects - 60 total (1 active), Execution time: mean = 0.00ms, total = 0.06ms, Queueing time: mean = 0.07ms, max = 0.79ms, min = 0.01ms, total = 4.31ms
[state-dump] 	NodeManagerService.grpc_server.GetResourceLoad.HandleRequestImpl - 60 total (0 active), Execution time: mean = 0.08ms, total = 5.07ms, Queueing time: mean = 0.02ms, max = 0.02ms, min = 0.01ms, total = 0.97ms
[state-dump] 	NodeManagerService.grpc_server.GetResourceLoad - 60 total (0 active), Execution time: mean = 0.52ms, total = 31.09ms, Queueing time: mean = 0.00ms, max = -0.00ms, min = 9223372036854.78ms, total = 0.00ms
[state-dump] 	NodeManager.deadline_timer.spill_objects_when_over_threshold - 60 total (1 active), Execution time: mean = 0.00ms, total = 0.06ms, Queueing time: mean = 0.07ms, max = 0.79ms, min = 0.01ms, total = 4.31ms
[state-dump] 	NodeManagerService.grpc_server.ReportWorkerBacklog - 42 total (0 active), Execution time: mean = 0.22ms, total = 9.14ms, Queueing time: mean = 0.00ms, max = -0.00ms, min = 9223372036854.78ms, total = 0.00ms
[state-dump] 	NodeManagerService.grpc_server.ReportWorkerBacklog.HandleRequestImpl - 42 total (0 active), Execution time: mean = 0.03ms, total = 1.26ms, Queueing time: mean = 0.02ms, max = 0.12ms, min = 0.01ms, total = 0.72ms
[state-dump] 	ReporterService.grpc_client.HealthCheck - 31 total (0 active), Execution time: mean = 0.16ms, total = 4.89ms, Queueing time: mean = 0.00ms, max = -0.00ms, min = 9223372036854.78ms, total = 0.00ms
[state-dump] 	ReporterService.grpc_client.HealthCheck.OnReplyReceived - 31 total (0 active), Execution time: mean = 0.03ms, total = 0.86ms, Queueing time: mean = 0.02ms, max = 0.24ms, min = 0.00ms, total = 0.54ms
[state-dump] 	MetricsAgentClient.WaitForServerReadyWithRetry - 30 total (0 active), Execution time: mean = 0.09ms, total = 2.76ms, Queueing time: mean = 1000.01ms, max = 1000.02ms, min = 1000.01ms, total = 30000.42ms
[state-dump] 	ClusterResourceManager.ResetRemoteNodeView - 21 total (1 active), Execution time: mean = 0.00ms, total = 0.05ms, Queueing time: mean = 0.02ms, max = 0.03ms, min = 0.01ms, total = 0.34ms
[state-dump] 	PeriodicalRunner.RunFnPeriodically - 14 total (0 active), Execution time: mean = 0.20ms, total = 2.78ms, Queueing time: mean = 5.10ms, max = 15.84ms, min = 0.04ms, total = 71.38ms
[state-dump] 	ClientConnection.async_read.ProcessMessageHeader - 13 total (2 active), Execution time: mean = 0.00ms, total = 0.06ms, Queueing time: mean = 174.49ms, max = 1179.81ms, min = 0.03ms, total = 2268.40ms
[state-dump] 	NodeManager.deadline_timer.record_metrics - 12 total (1 active), Execution time: mean = 0.11ms, total = 1.26ms, Queueing time: mean = 0.25ms, max = 0.73ms, min = 0.01ms, total = 3.06ms
[state-dump] 	ClientConnection.async_read.ProcessMessage - 11 total (0 active), Execution time: mean = 0.70ms, total = 7.67ms, Queueing time: mean = 0.01ms, max = 0.02ms, min = 0.00ms, total = 0.06ms
[state-dump] 	event_loop_lag_probe - 8 total (0 active), Execution time: mean = 0.04ms, total = 0.30ms, Queueing time: mean = 1.53ms, max = 12.24ms, min = 0.00ms, total = 12.26ms
[state-dump] 	NodeManager.deadline_timer.debug_state_dump - 6 total (1 active), Execution time: mean = 0.68ms, total = 4.09ms, Queueing time: mean = 0.01ms, max = 0.02ms, min = 0.01ms, total = 0.06ms
[state-dump] 	ClientConnection.async_write.DoAsyncWrites - 4 total (0 active), Execution time: mean = 0.00ms, total = 0.00ms, Queueing time: mean = 0.06ms, max = 0.17ms, min = 0.02ms, total = 0.25ms
[state-dump] 	 - 4 total (0 active), Execution time: mean = 0.00ms, total = 0.00ms, Queueing time: mean = 0.01ms, max = 0.02ms, min = 0.01ms, total = 0.06ms
[state-dump] 	RaySyncer.BroadcastMessage - 4 total (0 active), Execution time: mean = 0.14ms, total = 0.55ms, Queueing time: mean = 0.00ms, max = 0.00ms, min = 0.00ms, total = 0.00ms
[state-dump] 	NodeManagerService.grpc_server.GetSystemConfig - 3 total (0 active), Execution time: mean = 0.33ms, total = 1.00ms, Queueing time: mean = 0.00ms, max = -0.00ms, min = 9223372036854.78ms, total = 0.00ms
[state-dump] 	ray::rpc::InternalPubSubGcsService.grpc_client.GcsSubscriberPoll - 3 total (1 active), Execution time: mean = 13680.88ms, total = 41042.65ms, Queueing time: mean = 0.00ms, max = -0.00ms, min = 9223372036854.78ms, total = 0.00ms
[state-dump] 	ObjectManager.ObjectDeleted - 3 total (0 active), Execution time: mean = 0.01ms, total = 0.03ms, Queueing time: mean = 0.02ms, max = 0.02ms, min = 0.02ms, total = 0.06ms
[state-dump] 	NodeManagerService.grpc_server.GetSystemConfig.HandleRequestImpl - 3 total (0 active), Execution time: mean = 0.05ms, total = 0.14ms, Queueing time: mean = 0.01ms, max = 0.02ms, min = 0.01ms, total = 0.04ms
[state-dump] 	ObjectManager.ObjectAdded - 3 total (0 active), Execution time: mean = 0.01ms, total = 0.03ms, Queueing time: mean = 0.01ms, max = 0.01ms, min = 0.01ms, total = 0.03ms
[state-dump] 	RaySyncerRegister - 2 total (0 active), Execution time: mean = 0.00ms, total = 0.00ms, Queueing time: mean = 0.00ms, max = 0.00ms, min = 0.00ms, total = 0.00ms
[state-dump] 	ray::rpc::InternalPubSubGcsService.grpc_client.GcsSubscriberCommandBatch - 2 total (0 active), Execution time: mean = 0.88ms, total = 1.76ms, Queueing time: mean = 0.00ms, max = -0.00ms, min = 9223372036854.78ms, total = 0.00ms
[state-dump] 	ray::rpc::InternalPubSubGcsService.grpc_client.GcsSubscriberCommandBatch.OnReplyReceived - 2 total (0 active), Execution time: mean = 0.10ms, total = 0.19ms, Queueing time: mean = 0.57ms, max = 0.97ms, min = 0.16ms, total = 1.13ms
[state-dump] 	ray::rpc::InternalPubSubGcsService.grpc_client.GcsSubscriberPoll.OnReplyReceived - 2 total (0 active), Execution time: mean = 0.08ms, total = 0.17ms, Queueing time: mean = 0.02ms, max = 0.04ms, min = 0.01ms, total = 0.05ms
[state-dump] 	ray::rpc::InternalKVGcsService.grpc_client.GetInternalConfig.OnReplyReceived - 1 total (0 active), Execution time: mean = 1023.30ms, total = 1023.30ms, Queueing time: mean = 0.01ms, max = 0.01ms, min = 0.01ms, total = 0.01ms
[state-dump] 	ray::rpc::WorkerInfoGcsService.grpc_client.ReportWorkerFailure.OnReplyReceived - 1 total (0 active), Execution time: mean = 0.02ms, total = 0.02ms, Queueing time: mean = 0.02ms, max = 0.02ms, min = 0.02ms, total = 0.02ms
[state-dump] 	ray::rpc::NodeInfoGcsService.grpc_client.GetAllNodeAddressAndLiveness.OnReplyReceived - 1 total (0 active), Execution time: mean = 0.15ms, total = 0.15ms, Queueing time: mean = 0.01ms, max = 0.01ms, min = 0.01ms, total = 0.01ms
[state-dump] 	ray::rpc::NodeInfoGcsService.grpc_client.CheckAlive.OnReplyReceived - 1 total (0 active), Execution time: mean = 0.01ms, total = 0.01ms, Queueing time: mean = 0.01ms, max = 0.01ms, min = 0.01ms, total = 0.01ms
[state-dump] 	ray::rpc::WorkerInfoGcsService.grpc_client.ReportWorkerFailure - 1 total (0 active), Execution time: mean = 2.04ms, total = 2.04ms, Queueing time: mean = 0.00ms, max = -0.00ms, min = 9223372036854.78ms, total = 0.00ms
[state-dump] 	ray::rpc::NodeInfoGcsService.grpc_client.RegisterNode.OnReplyReceived - 1 total (0 active), Execution time: mean = 0.36ms, total = 0.36ms, Queueing time: mean = 0.01ms, max = 0.01ms, min = 0.01ms, total = 0.01ms
[state-dump] 	ray::rpc::JobInfoGcsService.grpc_client.AddJob - 1 total (0 active), Execution time: mean = 1.76ms, total = 1.76ms, Queueing time: mean = 0.00ms, max = -0.00ms, min = 9223372036854.78ms, total = 0.00ms
[state-dump] 	ray::rpc::JobInfoGcsService.grpc_client.AddJob.OnReplyReceived - 1 total (0 active), Execution time: mean = 0.05ms, total = 0.05ms, Queueing time: mean = 0.02ms, max = 0.02ms, min = 0.02ms, total = 0.02ms
[state-dump] 	ray::rpc::InternalKVGcsService.grpc_client.GetInternalConfig - 1 total (0 active), Execution time: mean = 1.11ms, total = 1.11ms, Queueing time: mean = 0.00ms, max = -0.00ms, min = 9223372036854.78ms, total = 0.00ms
[state-dump] 	ray::rpc::NodeInfoGcsService.grpc_client.GetAllNodeAddressAndLiveness - 1 total (0 active), Execution time: mean = 0.72ms, total = 0.72ms, Queueing time: mean = 0.00ms, max = -0.00ms, min = 9223372036854.78ms, total = 0.00ms
[state-dump] 	Subscriber.HandlePublishedMessage_GCS_WORKER_DELTA_CHANNEL - 1 total (0 active), Execution time: mean = 0.00ms, total = 0.00ms, Queueing time: mean = 0.06ms, max = 0.06ms, min = 0.06ms, total = 0.06ms
[state-dump] 	ray::rpc::NodeInfoGcsService.grpc_client.CheckAlive - 1 total (0 active), Execution time: mean = 0.77ms, total = 0.77ms, Queueing time: mean = 0.00ms, max = -0.00ms, min = 9223372036854.78ms, total = 0.00ms
[state-dump] 	NodeManagerService.grpc_server.RequestWorkerLease.HandleRequestImpl - 1 total (0 active), Execution time: mean = 0.12ms, total = 0.12ms, Queueing time: mean = 0.01ms, max = 0.01ms, min = 0.01ms, total = 0.01ms
[state-dump] 	NodeManager.GCTaskFailureReason - 1 total (1 active), Execution time: mean = 0.00ms, total = 0.00ms, Queueing time: mean = 0.00ms, max = -0.00ms, min = 9223372036854.78ms, total = 0.00ms
[state-dump] 	ray::rpc::NodeInfoGcsService.grpc_client.RegisterNode - 1 total (0 active), Execution time: mean = 1.83ms, total = 1.83ms, Queueing time: mean = 0.00ms, max = -0.00ms, min = 9223372036854.78ms, total = 0.00ms
[state-dump] 	Subscriber.HandlePublishedMessage_GCS_JOB_CHANNEL - 1 total (0 active), Execution time: mean = 0.02ms, total = 0.02ms, Queueing time: mean = 0.11ms, max = 0.11ms, min = 0.11ms, total = 0.11ms
[state-dump] 	ray::rpc::JobInfoGcsService.grpc_client.GetAllJobInfo - 1 total (0 active), Execution time: mean = 0.70ms, total = 0.70ms, Queueing time: mean = 0.00ms, max = -0.00ms, min = 9223372036854.78ms, total = 0.00ms
[state-dump] 	NodeManager.deadline_timer.print_event_loop_stats - 1 total (1 active, 1 running), Execution time: mean = 0.00ms, total = 0.00ms, Queueing time: mean = 0.00ms, max = -0.00ms, min = 9223372036854.78ms, total = 0.00ms
[state-dump] 	CoreWorkerService.grpc_client.Exit.OnReplyReceived - 1 total (0 active), Execution time: mean = 0.02ms, total = 0.02ms, Queueing time: mean = 0.01ms, max = 0.01ms, min = 0.01ms, total = 0.01ms
[state-dump] 	ray::rpc::JobInfoGcsService.grpc_client.GetAllJobInfo.OnReplyReceived - 1 total (0 active), Execution time: mean = 0.01ms, total = 0.01ms, Queueing time: mean = 0.01ms, max = 0.01ms, min = 0.01ms, total = 0.01ms
[state-dump] 	NodeManagerService.grpc_server.RequestWorkerLease - 1 total (0 active), Execution time: mean = 2008.67ms, total = 2008.67ms, Queueing time: mean = 0.00ms, max = -0.00ms, min = 9223372036854.78ms, total = 0.00ms
[state-dump] 	NodeManager.GcsCheckAlive - 1 total (1 active), Execution time: mean = 0.00ms, total = 0.00ms, Queueing time: mean = 0.00ms, max = -0.00ms, min = 9223372036854.78ms, total = 0.00ms
[state-dump] 	CoreWorkerService.grpc_client.Exit - 1 total (0 active), Execution time: mean = 4.20ms, total = 4.20ms, Queueing time: mean = 0.00ms, max = -0.00ms, min = 9223372036854.78ms, total = 0.00ms
[state-dump] DebugString() time ms: 0
[state-dump] 
[state-dump] 
2025-11-28 15:37:51,440	INFO (monitor) autoscaler.py:147 -- The autoscaler took 0.0 seconds to fetch the list of non-terminated nodes.
2025-11-28 15:37:51,440	INFO (monitor) autoscaler.py:408 -- 
======== Autoscaler status: 2025-11-28 15:37:51.440123 ========
Node status
---------------------------------------------------------------
Active:
 1 node_fbb9841b3107256f006a4e24c5be7456a673f220f17e763ce1348e9e
Pending:
 (no pending nodes)
Recent failures:
 (no failures)

Resources
---------------------------------------------------------------
Total Usage:
 1.0/1.0 CPU
 0.0/1.0 GPU
 0B/349.75GiB memory
 0B/149.89GiB object_store_memory

From request_resources:
 (none)
Pending Demands:
 (no resource demands)
2025-11-28 15:37:51,440	INFO (monitor) autoscaler.py:463 -- The autoscaler took 0.001 seconds to complete the update iteration.
:actor_name:TaskRunner
:actor_name:TaskRunner
[2025-11-28 15:37:55,404 I 673348 673348] (python-core-worker-3293f9baf9f0772a29df934ce9aa40562820dbe52583e5e641f030c5) task_receiver.cc:142: Actor creation task finished, task_id: ffffffffffffffffb2c310e681da2f9843c73f7501000000, actor_id: b2c310e681da2f9843c73f7501000000, actor_repr_name: 
[2025-11-28 15:37:55,406 I 672498 672498] (gcs_server) gcs_actor_scheduler.cc:483: Actor creation task succeeded. actor_id=b2c310e681da2f9843c73f7501000000 worker_id=3293f9baf9f0772a29df934ce9aa40562820dbe52583e5e641f030c5 job_id=01000000 node_id=fbb9841b3107256f006a4e24c5be7456a673f220f17e763ce1348e9e
[2025-11-28 15:37:55,406 I 672498 672498] (gcs_server) gcs_actor_manager.cc:1634: Actor created successfully job_id=01000000 actor_id=b2c310e681da2f9843c73f7501000000
[2025-11-28 15:37:55,406 I 672498 672498] (gcs_server) gcs_actor_manager.cc:447: Finished creating actor. Status: OK job_id=01000000 actor_id=b2c310e681da2f9843c73f7501000000
[2025-11-28 15:37:55,407 I 672950 673266] (python-core-driver-01000000ffffffffffffffffffffffffffffffffffffffffffffffff) actor_manager.cc:236: received notification on actor, state: ALIVE, ip address: 10.102.35.9, port: 10004, num_restarts: 0, death context type=CONTEXT_NOT_SET actor_id=b2c310e681da2f9843c73f7501000000 worker_id=3293f9baf9f0772a29df934ce9aa40562820dbe52583e5e641f030c5 node_id=fbb9841b3107256f006a4e24c5be7456a673f220f17e763ce1348e9e
TaskRunner hostname: gpu-b10-2.zaratan.umd.edu, PID: 673348
{'actor_rollout_ref': {'actor': {'_target_': 'verl.workers.config.FSDPActorConfig',
                                 'checkpoint': {'_target_': 'verl.trainer.config.CheckpointConfig',
                                                'async_save': False,
                                                'load_contents': ['model',
                                                                  'optimizer',
                                                                  'extra'],
                                                'save_contents': ['model',
                                                                  'optimizer',
                                                                  'extra']},
                                 'clip_ratio': 0.2,
                                 'clip_ratio_c': 3.0,
                                 'clip_ratio_high': 0.2,
                                 'clip_ratio_low': 0.2,
                                 'entropy_checkpointing': False,
                                 'entropy_coeff': 0,
                                 'entropy_from_logits_with_chunking': False,
                                 'freeze_vision_tower': False,
                                 'fsdp_config': {'_target_': 'verl.workers.config.FSDPEngineConfig',
                                                 'dtype': 'bfloat16',
                                                 'entropy_checkpointing': False,
                                                 'entropy_from_logits_with_chunking': False,
                                                 'forward_only': False,
                                                 'forward_prefetch': False,
                                                 'fsdp_size': -1,
                                                 'model_dtype': 'fp32',
                                                 'offload_policy': False,
                                                 'optimizer_offload': False,
                                                 'param_offload': False,
                                                 'reshard_after_forward': True,
                                                 'strategy': 'fsdp',
                                                 'ulysses_sequence_parallel_size': 1,
                                                 'use_orig_params': False,
                                                 'use_torch_compile': True,
                                                 'wrap_policy': {'min_num_params': 0}},
                                 'grad_clip': 1.0,
                                 'kl_loss_coef': 0.001,
                                 'kl_loss_type': 'low_var_kl',
                                 'loss_agg_mode': 'token-mean',
                                 'optim': {'_target_': 'verl.workers.config.FSDPOptimizerConfig',
                                           'betas': [0.9, 0.999],
                                           'clip_grad': 1.0,
                                           'lr': 3e-06,
                                           'lr_scheduler_type': 'constant',
                                           'lr_warmup_steps': -1,
                                           'lr_warmup_steps_ratio': 0.0,
                                           'min_lr_ratio': 0.0,
                                           'num_cycles': 0.5,
                                           'optimizer': 'AdamW',
                                           'optimizer_impl': 'torch.optim',
                                           'override_optimizer_config': None,
                                           'total_training_steps': -1,
                                           'warmup_style': None,
                                           'weight_decay': 0.01},
                                 'policy_loss': {'_target_': 'verl.workers.config.PolicyLossConfig',
                                                 'clip_cov_lb': 1.0,
                                                 'clip_cov_ratio': 0.0002,
                                                 'clip_cov_ub': 5.0,
                                                 'kl_cov_ratio': 0.0002,
                                                 'loss_mode': 'vanilla',
                                                 'ppo_kl_coef': 0.1},
                                 'ppo_epochs': 1,
                                 'ppo_max_token_len_per_gpu': 16384,
                                 'ppo_micro_batch_size': None,
                                 'ppo_micro_batch_size_per_gpu': 32,
                                 'ppo_mini_batch_size': 32,
                                 'profiler': {'_target_': 'verl.utils.profiler.ProfilerConfig',
                                              'all_ranks': False,
                                              'enable': False,
                                              'ranks': [],
                                              'save_path': 'outputs/profile',
                                              'tool': None,
                                              'tool_config': {'npu': {'_target_': 'verl.utils.profiler.config.NPUToolConfig',
                                                                      'analysis': True,
                                                                      'contents': [],
                                                                      'discrete': False,
                                                                      'level': 'level1'},
                                                              'nsys': {'_target_': 'verl.utils.profiler.config.NsightToolConfig',
                                                                       'discrete': False},
                                                              'torch': {'_target_': 'verl.utils.profiler.config.TorchProfilerToolConfig',
                                                                        'step_end': None,
                                                                        'step_start': 0},
                                                              'torch_memory': {'_target_': 'verl.utils.profiler.config.TorchMemoryToolConfig',
                                                                               'stack_depth': 32,
                                                                               'trace_alloc_max_entries': 100000}}},
                                 'shuffle': False,
                                 'strategy': 'fsdp',
                                 'ulysses_sequence_parallel_size': 1,
                                 'use_dynamic_bsz': False,
                                 'use_fused_kernels': False,
                                 'use_kl_loss': True,
                                 'use_remove_padding': True,
                                 'use_torch_compile': True},
                       'hybrid_engine': True,
                       'model': {'_target_': 'verl.workers.config.HFModelConfig',
                                 'custom_chat_template': None,
                                 'enable_activation_offload': False,
                                 'enable_gradient_checkpointing': True,
                                 'exclude_modules': None,
                                 'external_lib': None,
                                 'fused_kernel_options': {'impl_backend': 'torch'},
                                 'hf_config_path': None,
                                 'lora_adapter_path': None,
                                 'lora_alpha': 32,
                                 'lora_rank': 64,
                                 'override_config': {},
                                 'path': '/tmp/qwen2.5_0.5b',
                                 'target_modules': 'all-linear',
                                 'tokenizer_path': None,
                                 'trust_remote_code': False,
                                 'use_fused_kernels': False,
                                 'use_liger': False,
                                 'use_remove_padding': True,
                                 'use_shm': False},
                       'nccl_timeout': 600,
                       'ref': {'entropy_checkpointing': False,
                               'entropy_from_logits_with_chunking': False,
                               'fsdp_config': {'_target_': 'verl.workers.config.FSDPEngineConfig',
                                               'dtype': 'bfloat16',
                                               'entropy_checkpointing': False,
                                               'entropy_from_logits_with_chunking': False,
                                               'forward_only': False,
                                               'forward_prefetch': False,
                                               'fsdp_size': -1,
                                               'model_dtype': 'fp32',
                                               'offload_policy': False,
                                               'optimizer_offload': False,
                                               'param_offload': True,
                                               'reshard_after_forward': True,
                                               'strategy': 'fsdp',
                                               'ulysses_sequence_parallel_size': 1,
                                               'use_orig_params': False,
                                               'use_torch_compile': True,
                                               'wrap_policy': {'min_num_params': 0}},
                               'log_prob_max_token_len_per_gpu': 16384,
                               'log_prob_micro_batch_size': None,
                               'log_prob_micro_batch_size_per_gpu': 32,
                               'log_prob_use_dynamic_bsz': False,
                               'model': None,
                               'profiler': {'_target_': 'verl.utils.profiler.ProfilerConfig',
                                            'all_ranks': False,
                                            'enable': False,
                                            'ranks': [],
                                            'save_path': 'outputs/profile',
                                            'tool': None,
                                            'tool_config': {'npu': {'_target_': 'verl.utils.profiler.config.NPUToolConfig',
                                                                    'analysis': True,
                                                                    'contents': [],
                                                                    'discrete': False,
                                                                    'level': 'level1'},
                                                            'nsys': {'_target_': 'verl.utils.profiler.config.NsightToolConfig',
                                                                     'discrete': False},
                                                            'torch': {'_target_': 'verl.utils.profiler.config.TorchProfilerToolConfig',
                                                                      'step_end': None,
                                                                      'step_start': 0},
                                                            'torch_memory': {'_target_': 'verl.utils.profiler.config.TorchMemoryToolConfig',
                                                                             'stack_depth': 32,
                                                                             'trace_alloc_max_entries': 100000}}},
                               'strategy': 'fsdp',
                               'ulysses_sequence_parallel_size': 1,
                               'use_torch_compile': True},
                       'rollout': {'_target_': 'verl.workers.config.RolloutConfig',
                                   'agent': {'_target_': 'verl.workers.config.AgentLoopConfig',
                                             'agent_loop_config_path': None,
                                             'custom_async_server': {'_target_': 'verl.workers.config.CustomAsyncServerConfig',
                                                                     'name': None,
                                                                     'path': None},
                                             'default_agent_loop': 'single_turn_agent',
                                             'num_workers': 8},
                                   'calculate_log_probs': False,
                                   'cudagraph_capture_sizes': None,
                                   'data_parallel_size': 1,
                                   'disable_log_stats': True,
                                   'do_sample': True,
                                   'dtype': 'bfloat16',
                                   'enable_chunked_prefill': True,
                                   'enable_prefix_caching': True,
                                   'enforce_eager': False,
                                   'engine_kwargs': {'sglang': {}, 'vllm': {}},
                                   'expert_parallel_size': 1,
                                   'free_cache_engine': True,
                                   'gpu_memory_utilization': 0.6,
                                   'ignore_eos': False,
                                   'layered_summon': False,
                                   'load_format': 'dummy',
                                   'log_prob_max_token_len_per_gpu': 16384,
                                   'log_prob_micro_batch_size': None,
                                   'log_prob_micro_batch_size_per_gpu': 32,
                                   'log_prob_use_dynamic_bsz': False,
                                   'max_model_len': None,
                                   'max_num_batched_tokens': 8192,
                                   'max_num_seqs': 1024,
                                   'mode': 'async',
                                   'multi_stage_wake_up': False,
                                   'multi_turn': {'_target_': 'verl.workers.config.MultiTurnConfig',
                                                  'enable': False,
                                                  'format': 'hermes',
                                                  'interaction_config_path': None,
                                                  'max_assistant_turns': None,
                                                  'max_parallel_calls': 1,
                                                  'max_tool_response_length': 256,
                                                  'max_user_turns': None,
                                                  'num_repeat_rollouts': None,
                                                  'tokenization_sanity_check_mode': 'strict',
                                                  'tool_config_path': None,
                                                  'tool_response_truncate_side': 'middle',
                                                  'use_inference_chat_template': False},
                                   'n': 5,
                                   'name': 'vllm',
                                   'over_sample_rate': 0,
                                   'pipeline_model_parallel_size': 1,
                                   'profiler': {'_target_': 'verl.utils.profiler.ProfilerConfig',
                                                'all_ranks': False,
                                                'enable': False,
                                                'ranks': [],
                                                'save_path': 'outputs/profile',
                                                'tool': None,
                                                'tool_config': {'npu': {'_target_': 'verl.utils.profiler.config.NPUToolConfig',
                                                                        'analysis': True,
                                                                        'contents': [],
                                                                        'discrete': False,
                                                                        'level': 'level1'},
                                                                'nsys': {'_target_': 'verl.utils.profiler.config.NsightToolConfig',
                                                                         'discrete': False},
                                                                'torch': {'_target_': 'verl.utils.profiler.config.TorchProfilerToolConfig',
                                                                          'step_end': None,
                                                                          'step_start': 0},
                                                                'torch_memory': {'_target_': 'verl.utils.profiler.config.TorchMemoryToolConfig',
                                                                                 'stack_depth': 32,
                                                                                 'trace_alloc_max_entries': 100000}}},
                                   'prometheus': {'_target_': 'verl.workers.config.PrometheusConfig',
                                                  'enable': False,
                                                  'file': '/tmp/ray/session_latest/metrics/prometheus/prometheus.yml',
                                                  'port': 9090,
                                                  'served_model_name': '/tmp/qwen2.5_0.5b'},
                                   'prompt_length': 512,
                                   'response_length': 1024,
                                   'skip_dump_dir': '/tmp/rollout_dump',
                                   'skip_rollout': False,
                                   'skip_tokenizer_init': True,
                                   'temperature': 1.0,
                                   'tensor_model_parallel_size': 2,
                                   'top_k': -1,
                                   'top_p': 1,
                                   'trace': {'_target_': 'verl.workers.config.TraceConfig',
                                             'backend': None,
                                             'token2text': False},
                                   'update_weights_bucket_megabytes': 512,
                                   'val_kwargs': {'_target_': 'verl.workers.config.SamplingConfig',
                                                  'do_sample': False,
                                                  'n': 1,
                                                  'temperature': 0,
                                                  'top_k': -1,
                                                  'top_p': 1.0}}},
 'algorithm': {'_target_': 'verl.trainer.config.AlgoConfig',
               'adv_estimator': 'grpo',
               'gamma': 1.0,
               'kl_ctrl': {'_target_': 'verl.trainer.config.KLControlConfig',
                           'horizon': 10000,
                           'kl_coef': 0.001,
                           'target_kl': 0.1,
                           'type': 'fixed'},
               'kl_penalty': 'kl',
               'lam': 1.0,
               'norm_adv_by_std_in_grpo': True,
               'pf_ppo': {'reweight_method': 'pow', 'weight_pow': 2.0},
               'rollout_correction': {'bypass_mode': False,
                                      'rollout_is': None,
                                      'rollout_is_batch_normalize': False,
                                      'rollout_is_threshold': 2.0,
                                      'rollout_rs': None,
                                      'rollout_rs_threshold': None,
                                      'rollout_rs_threshold_lower': None,
                                      'rollout_token_veto_threshold': None,
                                      'use_policy_gradient': False},
               'use_kl_in_reward': False,
               'use_pf_ppo': False},
 'critic': {'_target_': 'verl.workers.config.FSDPCriticConfig',
            'checkpoint': {'_target_': 'verl.trainer.config.CheckpointConfig',
                           'async_save': False,
                           'load_contents': ['model', 'optimizer', 'extra'],
                           'save_contents': ['model', 'optimizer', 'extra']},
            'cliprange_value': 0.5,
            'enable': None,
            'forward_max_token_len_per_gpu': 32768,
            'forward_micro_batch_size': None,
            'forward_micro_batch_size_per_gpu': None,
            'grad_clip': 1.0,
            'loss_agg_mode': 'token-mean',
            'model': {'_target_': 'verl.workers.config.FSDPCriticModelCfg',
                      'enable_activation_offload': False,
                      'enable_gradient_checkpointing': True,
                      'external_lib': None,
                      'fsdp_config': {'_target_': 'verl.workers.config.FSDPEngineConfig',
                                      'dtype': 'bfloat16',
                                      'entropy_checkpointing': False,
                                      'entropy_from_logits_with_chunking': False,
                                      'forward_only': False,
                                      'forward_prefetch': False,
                                      'fsdp_size': -1,
                                      'model_dtype': 'fp32',
                                      'offload_policy': False,
                                      'optimizer_offload': False,
                                      'param_offload': False,
                                      'reshard_after_forward': True,
                                      'strategy': 'fsdp',
                                      'ulysses_sequence_parallel_size': 1,
                                      'use_orig_params': False,
                                      'use_torch_compile': True,
                                      'wrap_policy': {'min_num_params': 0}},
                      'lora_alpha': 16,
                      'lora_rank': 0,
                      'override_config': {},
                      'path': '~/models/deepseek-llm-7b-chat',
                      'target_modules': 'all-linear',
                      'tokenizer_path': '/tmp/qwen2.5_0.5b',
                      'trust_remote_code': False,
                      'use_remove_padding': False,
                      'use_shm': False},
            'optim': {'_target_': 'verl.workers.config.FSDPOptimizerConfig',
                      'betas': [0.9, 0.999],
                      'clip_grad': 1.0,
                      'lr': 1e-05,
                      'lr_scheduler_type': 'constant',
                      'lr_warmup_steps': -1,
                      'lr_warmup_steps_ratio': 0.0,
                      'min_lr_ratio': 0.0,
                      'num_cycles': 0.5,
                      'optimizer': 'AdamW',
                      'optimizer_impl': 'torch.optim',
                      'override_optimizer_config': None,
                      'total_training_steps': -1,
                      'warmup_style': None,
                      'weight_decay': 0.01},
            'ppo_epochs': 1,
            'ppo_max_token_len_per_gpu': 32768,
            'ppo_micro_batch_size': None,
            'ppo_micro_batch_size_per_gpu': None,
            'ppo_mini_batch_size': 32,
            'profiler': {'_target_': 'verl.utils.profiler.ProfilerConfig',
                         'all_ranks': False,
                         'enable': False,
                         'ranks': [],
                         'save_path': 'outputs/profile',
                         'tool': None,
                         'tool_config': {'npu': {'_target_': 'verl.utils.profiler.config.NPUToolConfig',
                                                 'analysis': True,
                                                 'contents': [],
                                                 'discrete': False,
                                                 'level': 'level1'},
                                         'nsys': {'_target_': 'verl.utils.profiler.config.NsightToolConfig',
                                                  'discrete': False},
                                         'torch': {'_target_': 'verl.utils.profiler.config.TorchProfilerToolConfig',
                                                   'step_end': None,
                                                   'step_start': 0},
                                         'torch_memory': {'_target_': 'verl.utils.profiler.config.TorchMemoryToolConfig',
                                                          'stack_depth': 32,
                                                          'trace_alloc_max_entries': 100000}}},
            'rollout_n': 5,
            'shuffle': False,
            'strategy': 'fsdp',
            'ulysses_sequence_parallel_size': 1,
            'use_dynamic_bsz': False},
 'custom_reward_function': {'name': 'compute_score', 'path': None},
 'data': {'apply_chat_template_kwargs': {},
          'custom_cls': {'name': None, 'path': None},
          'datagen': {'name': None, 'path': None},
          'dataloader_num_workers': 8,
          'filter_overlong_prompts': False,
          'filter_overlong_prompts_workers': 1,
          'image_key': 'images',
          'image_patch_size': 14,
          'max_prompt_length': 512,
          'max_response_length': 1024,
          'prompt_key': 'prompt',
          'return_full_prompt': False,
          'return_multi_modal_inputs': True,
          'return_raw_chat': True,
          'return_raw_input_ids': False,
          'reward_fn_key': 'data_source',
          'sampler': {'class_name': None, 'class_path': None},
          'seed': None,
          'shuffle': True,
          'tokenizer': None,
          'tool_config_path': None,
          'train_batch_size': 64,
          'train_files': '/scratch/zt1/project/cmsc848n/user/vla/cofa/verl/data/gsm8k/train.parquet',
          'train_max_samples': -1,
          'truncation': 'error',
          'trust_remote_code': False,
          'use_shm': False,
          'val_batch_size': None,
          'val_files': '/scratch/zt1/project/cmsc848n/user/vla/cofa/verl/data/gsm8k/test.parquet',
          'val_max_samples': -1,
          'validation_shuffle': False,
          'video_key': 'videos'},
 'global_profiler': {'_target_': 'verl.utils.profiler.ProfilerConfig',
                     'global_tool_config': {'nsys': {'_target_': 'verl.utils.profiler.config.NsightToolConfig',
                                                     'controller_nsight_options': {'cuda-graph-trace': 'graph',
                                                                                   'cuda-memory-usage': 'true',
                                                                                   'trace': 'cuda,nvtx,cublas,ucx'},
                                                     'discrete': False,
                                                     'worker_nsight_options': {'capture-range': 'cudaProfilerApi',
                                                                               'capture-range-end': None,
                                                                               'cuda-graph-trace': 'graph',
                                                                               'cuda-memory-usage': 'true',
                                                                               'kill': 'none',
                                                                               'trace': 'cuda,nvtx,cublas,ucx'}},
                                            'torch_memory': {'context': 'all',
                                                             'kw_args': {},
                                                             'stack_depth': 32,
                                                             'stacks': 'all',
                                                             'trace_alloc_max_entries': 100000}},
                     'profile_continuous_steps': False,
                     'save_path': 'outputs/profile',
                     'steps': None,
                     'tool': None},
 'ray_kwargs': {'ray_init': {'num_cpus': None}, 'timeline_json_file': None},
 'reward_model': {'enable': False,
                  'enable_resource_pool': False,
                  'forward_max_token_len_per_gpu': 32768,
                  'launch_reward_fn_async': False,
                  'max_length': None,
                  'micro_batch_size': None,
                  'micro_batch_size_per_gpu': None,
                  'model': {'external_lib': None,
                            'fsdp_config': {'_target_': 'verl.workers.config.FSDPEngineConfig',
                                            'forward_prefetch': False,
                                            'fsdp_size': -1,
                                            'param_offload': False,
                                            'reshard_after_forward': True,
                                            'wrap_policy': {'min_num_params': 0}},
                            'input_tokenizer': '/tmp/qwen2.5_0.5b',
                            'path': '~/models/FsfairX-LLaMA3-RM-v0.1',
                            'trust_remote_code': False,
                            'use_fused_kernels': False,
                            'use_remove_padding': False,
                            'use_shm': False},
                  'n_gpus_per_node': 0,
                  'nnodes': 0,
                  'profiler': {'_target_': 'verl.utils.profiler.ProfilerConfig',
                               'all_ranks': False,
                               'enable': False,
                               'ranks': [],
                               'save_path': 'outputs/profile',
                               'tool': None,
                               'tool_config': {'npu': {'_target_': 'verl.utils.profiler.config.NPUToolConfig',
                                                       'analysis': True,
                                                       'contents': [],
                                                       'discrete': False,
                                                       'level': 'level1'},
                                               'nsys': {'_target_': 'verl.utils.profiler.config.NsightToolConfig',
                                                        'discrete': False},
                                               'torch': {'_target_': 'verl.utils.profiler.config.TorchProfilerToolConfig',
                                                         'step_end': None,
                                                         'step_start': 0},
                                               'torch_memory': {'_target_': 'verl.utils.profiler.config.TorchMemoryToolConfig',
                                                                'stack_depth': 32,
                                                                'trace_alloc_max_entries': 100000}}},
                  'reward_manager': 'naive',
                  'sandbox_fusion': {'max_concurrent': 64,
                                     'memory_limit_mb': 1024,
                                     'url': None},
                  'strategy': 'fsdp',
                  'ulysses_sequence_parallel_size': 1,
                  'use_dynamic_bsz': False},
 'trainer': {'balance_batch': True,
             'critic_warmup': 0,
             'default_hdfs_dir': None,
             'default_local_dir': 'checkpoints/verl_grpo_example_gsm8k/qwen2.5_0.5b_gsm8k_lora',
             'del_local_ckpt_after_load': False,
             'device': 'cuda',
             'esi_redundant_time': 0,
             'experiment_name': 'qwen2.5_0.5b_gsm8k_lora',
             'log_val_generations': 0,
             'logger': ['console'],
             'max_actor_ckpt_to_keep': None,
             'max_critic_ckpt_to_keep': None,
             'n_gpus_per_node': 1,
             'nnodes': 1,
             'project_name': 'verl_grpo_example_gsm8k',
             'ray_wait_register_center_timeout': 300,
             'resume_from_path': None,
             'resume_mode': 'auto',
             'rollout_data_dir': None,
             'save_freq': 20,
             'test_freq': 5,
             'total_epochs': 1,
             'total_training_steps': None,
             'use_legacy_worker_impl': 'auto',
             'val_before_train': True,
             'val_only': False,
             'validation_data_dir': None},
 'transfer_queue': {'enable': False}}
/scratch/zt1/project/cmsc848n/user/vla/cofa/verl/verl/trainer/main_ppo.py:279: UserWarning: Disabled critic as algorithm.adv_estimator != gae. If it is not intended, please set critic.enable=True
  use_critic=need_critic(config),
/scratch/zt1/project/cmsc848n/user/vla/cofa/verl/verl/utils/profiler/config.py:49: UserWarning: Torch profiler tool config is not fully supported now.
  warnings.warn("Torch profiler tool config is not fully supported now.", stacklevel=1)
[validate_config] All configuration checks passed successfully!
2025-11-28 15:37:56,442	INFO (monitor) autoscaler.py:147 -- The autoscaler took 0.0 seconds to fetch the list of non-terminated nodes.
2025-11-28 15:37:56,442	INFO (monitor) autoscaler.py:408 -- 
======== Autoscaler status: 2025-11-28 15:37:56.442899 ========
Node status
---------------------------------------------------------------
Active:
 1 node_fbb9841b3107256f006a4e24c5be7456a673f220f17e763ce1348e9e
Pending:
 (no pending nodes)
Recent failures:
 (no failures)

Resources
---------------------------------------------------------------
Total Usage:
 1.0/1.0 CPU
 0.0/1.0 GPU
 0B/349.75GiB memory
 0B/149.89GiB object_store_memory

From request_resources:
 (none)
Pending Demands:
 (no resource demands)
2025-11-28 15:37:56,443	INFO (monitor) autoscaler.py:463 -- The autoscaler took 0.001 seconds to complete the update iteration.
Using dataset class: RLHFDataset
[2025-11-28 15:37:58,843 E 672950 673266] (python-core-driver-01000000ffffffffffffffffffffffffffffffffffffffffffffffff) core_worker_process.cc:837: Failed to establish connection to the metrics exporter agent. Metrics will not be exported. Exporter agent status: RpcError: Running out of retries to initialize the metrics agent. rpc_code: 14
[2025-11-28 15:37:58,843 E 672950 673266] (python-core-driver-01000000ffffffffffffffffffffffffffffffffffffffffffffffff) core_worker_process.cc:837: Failed to establish connection to the metrics exporter agent. Metrics will not be exported. Exporter agent status: RpcError: Running out of retries to initialize the metrics agent. rpc_code: 14
[2025-11-28 15:38:00,964 E 673348 673427] (python-core-worker-3293f9baf9f0772a29df934ce9aa40562820dbe52583e5e641f030c5) core_worker_process.cc:837: Failed to establish connection to the metrics exporter agent. Metrics will not be exported. Exporter agent status: RpcError: Running out of retries to initialize the metrics agent. rpc_code: 14
[2025-11-28 15:38:00,964 E 673348 673427] (python-core-worker-3293f9baf9f0772a29df934ce9aa40562820dbe52583e5e641f030c5) core_worker_process.cc:837: Failed to establish connection to the metrics exporter agent. Metrics will not be exported. Exporter agent status: RpcError: Running out of retries to initialize the metrics agent. rpc_code: 14
2025-11-28 15:38:01,446	INFO (monitor) autoscaler.py:147 -- The autoscaler took 0.0 seconds to fetch the list of non-terminated nodes.
2025-11-28 15:38:01,446	INFO (monitor) autoscaler.py:408 -- 
======== Autoscaler status: 2025-11-28 15:38:01.446207 ========
Node status
---------------------------------------------------------------
Active:
 1 node_fbb9841b3107256f006a4e24c5be7456a673f220f17e763ce1348e9e
Pending:
 (no pending nodes)
Recent failures:
 (no failures)

Resources
---------------------------------------------------------------
Total Usage:
 1.0/1.0 CPU
 0.0/1.0 GPU
 0B/349.75GiB memory
 0B/149.89GiB object_store_memory

From request_resources:
 (none)
Pending Demands:
 (no resource demands)
2025-11-28 15:38:01,446	INFO (monitor) autoscaler.py:463 -- The autoscaler took 0.001 seconds to complete the update iteration.
2025-11-28 15:38:06,448	INFO (monitor) autoscaler.py:147 -- The autoscaler took 0.0 seconds to fetch the list of non-terminated nodes.
2025-11-28 15:38:06,449	INFO (monitor) autoscaler.py:408 -- 
======== Autoscaler status: 2025-11-28 15:38:06.449093 ========
Node status
---------------------------------------------------------------
Active:
 1 node_fbb9841b3107256f006a4e24c5be7456a673f220f17e763ce1348e9e
Pending:
 (no pending nodes)
Recent failures:
 (no failures)

Resources
---------------------------------------------------------------
Total Usage:
 1.0/1.0 CPU
 0.0/1.0 GPU
 0B/349.75GiB memory
 0B/149.89GiB object_store_memory

From request_resources:
 (none)
Pending Demands:
 (no resource demands)
2025-11-28 15:38:06,449	INFO (monitor) autoscaler.py:463 -- The autoscaler took 0.001 seconds to complete the update iteration.
2025-11-28 15:38:11,452	INFO (monitor) autoscaler.py:147 -- The autoscaler took 0.0 seconds to fetch the list of non-terminated nodes.
2025-11-28 15:38:11,452	INFO (monitor) autoscaler.py:408 -- 
======== Autoscaler status: 2025-11-28 15:38:11.452223 ========
Node status
---------------------------------------------------------------
Active:
 1 node_fbb9841b3107256f006a4e24c5be7456a673f220f17e763ce1348e9e
Pending:
 (no pending nodes)
Recent failures:
 (no failures)

Resources
---------------------------------------------------------------
Total Usage:
 1.0/1.0 CPU
 0.0/1.0 GPU
 0B/349.75GiB memory
 0B/149.89GiB object_store_memory

From request_resources:
 (none)
Pending Demands:
 (no resource demands)
2025-11-28 15:38:11,452	INFO (monitor) autoscaler.py:463 -- The autoscaler took 0.001 seconds to complete the update iteration.
2025-11-28 15:38:16,454	INFO (monitor) autoscaler.py:147 -- The autoscaler took 0.0 seconds to fetch the list of non-terminated nodes.
2025-11-28 15:38:16,455	INFO (monitor) autoscaler.py:408 -- 
======== Autoscaler status: 2025-11-28 15:38:16.455071 ========
Node status
---------------------------------------------------------------
Active:
 1 node_fbb9841b3107256f006a4e24c5be7456a673f220f17e763ce1348e9e
Pending:
 (no pending nodes)
Recent failures:
 (no failures)

Resources
---------------------------------------------------------------
Total Usage:
 1.0/1.0 CPU
 0.0/1.0 GPU
 0B/349.75GiB memory
 0B/149.89GiB object_store_memory

From request_resources:
 (none)
Pending Demands:
 (no resource demands)
2025-11-28 15:38:16,455	INFO (monitor) autoscaler.py:463 -- The autoscaler took 0.001 seconds to complete the update iteration.
dataset len: 7473
Using dataset class: RLHFDataset
2025-11-28 15:38:21,457	INFO (monitor) autoscaler.py:147 -- The autoscaler took 0.0 seconds to fetch the list of non-terminated nodes.
2025-11-28 15:38:21,458	INFO (monitor) autoscaler.py:408 -- 
======== Autoscaler status: 2025-11-28 15:38:21.458009 ========
Node status
---------------------------------------------------------------
Active:
 1 node_fbb9841b3107256f006a4e24c5be7456a673f220f17e763ce1348e9e
Pending:
 (no pending nodes)
Recent failures:
 (no failures)

Resources
---------------------------------------------------------------
Total Usage:
 1.0/1.0 CPU
 0.0/1.0 GPU
 0B/349.75GiB memory
 0B/149.89GiB object_store_memory

From request_resources:
 (none)
Pending Demands:
 (no resource demands)
2025-11-28 15:38:21,458	INFO (monitor) autoscaler.py:463 -- The autoscaler took 0.001 seconds to complete the update iteration.
2025-11-28 15:38:23,745	INFO (dashboard) usage_stats_head.py:148 -- Usage report request failed. HTTPSConnectionPool(host='usage-stats.ray.io', port=443): Max retries exceeded with url: / (Caused by NewConnectionError('<urllib3.connection.HTTPSConnection object at 0x152ca0fd23c0>: Failed to establish a new connection: [Errno 113] No route to host'))
2025-11-28 15:38:26,461	INFO (monitor) autoscaler.py:147 -- The autoscaler took 0.0 seconds to fetch the list of non-terminated nodes.
2025-11-28 15:38:26,461	INFO (monitor) autoscaler.py:408 -- 
======== Autoscaler status: 2025-11-28 15:38:26.461250 ========
Node status
---------------------------------------------------------------
Active:
 1 node_fbb9841b3107256f006a4e24c5be7456a673f220f17e763ce1348e9e
Pending:
 (no pending nodes)
Recent failures:
 (no failures)

Resources
---------------------------------------------------------------
Total Usage:
 1.0/1.0 CPU
 0.0/1.0 GPU
 0B/349.75GiB memory
 0B/149.89GiB object_store_memory

From request_resources:
 (none)
Pending Demands:
 (no resource demands)
2025-11-28 15:38:26,461	INFO (monitor) autoscaler.py:463 -- The autoscaler took 0.001 seconds to complete the update iteration.
[2025-11-28 15:38:28,838 I 672950 673266] (python-core-driver-01000000ffffffffffffffffffffffffffffffffffffffffffffffff) core_worker.cc:455: Event stats:


Global stats: 921 total (9 active)
Queueing time: mean = 32.59ms, max = 1000.04ms, min = -0.00ms, total = 30013.27ms
Execution time:  mean = 57.63ms, total = 53080.18ms
Event stats:
	CoreWorker.RecoverObjects - 600 total (1 active), Execution time: mean = 0.00ms, total = 1.73ms, Queueing time: mean = 0.01ms, max = 0.45ms, min = -0.00ms, total = 8.87ms
	CoreWorker.InternalHeartbeat - 60 total (1 active), Execution time: mean = 0.11ms, total = 6.36ms, Queueing time: mean = 0.01ms, max = 0.02ms, min = 0.01ms, total = 0.77ms
	NodeManagerService.grpc_client.ReportWorkerBacklog.OnReplyReceived - 60 total (0 active), Execution time: mean = 0.01ms, total = 0.76ms, Queueing time: mean = 0.01ms, max = 0.02ms, min = 0.01ms, total = 0.64ms
	NodeManagerService.grpc_client.ReportWorkerBacklog - 60 total (0 active), Execution time: mean = 0.50ms, total = 30.18ms, Queueing time: mean = 0.00ms, max = -0.00ms, min = 9223372036854.78ms, total = 0.00ms
	ReporterService.grpc_client.HealthCheck.OnReplyReceived - 31 total (0 active), Execution time: mean = 0.01ms, total = 0.44ms, Queueing time: mean = 0.01ms, max = 0.01ms, min = 0.00ms, total = 0.19ms
	ReporterService.grpc_client.HealthCheck - 31 total (0 active), Execution time: mean = 0.08ms, total = 2.61ms, Queueing time: mean = 0.00ms, max = -0.00ms, min = 9223372036854.78ms, total = 0.00ms
	MetricsAgentClient.WaitForServerReadyWithRetry - 30 total (0 active), Execution time: mean = 0.06ms, total = 1.91ms, Queueing time: mean = 1000.01ms, max = 1000.04ms, min = 1000.01ms, total = 30000.33ms
	CoreWorker.RecordMetrics - 12 total (1 active), Execution time: mean = 0.10ms, total = 1.22ms, Queueing time: mean = 0.01ms, max = 0.02ms, min = 0.01ms, total = 0.14ms
	CoreWorker.TryDelPendingObjectRefStreams - 6 total (1 active), Execution time: mean = 0.00ms, total = 0.01ms, Queueing time: mean = 0.01ms, max = 0.02ms, min = 0.01ms, total = 0.06ms
	PeriodicalRunner.RunFnPeriodically - 6 total (0 active), Execution time: mean = 0.10ms, total = 0.63ms, Queueing time: mean = 0.27ms, max = 0.59ms, min = 0.01ms, total = 1.60ms
	ray::rpc::InternalPubSubGcsService.grpc_client.GcsSubscriberCommandBatch.OnReplyReceived - 2 total (0 active), Execution time: mean = 0.12ms, total = 0.24ms, Queueing time: mean = 0.01ms, max = 0.01ms, min = 0.01ms, total = 0.02ms
	ray::rpc::InternalPubSubGcsService.grpc_client.GcsSubscriberPoll - 2 total (1 active), Execution time: mean = 13284.78ms, total = 26569.57ms, Queueing time: mean = 0.00ms, max = -0.00ms, min = 9223372036854.78ms, total = 0.00ms
	ray::rpc::InternalPubSubGcsService.grpc_client.GcsSubscriberCommandBatch - 2 total (0 active), Execution time: mean = 0.34ms, total = 0.67ms, Queueing time: mean = 0.00ms, max = -0.00ms, min = 9223372036854.78ms, total = 0.00ms
	CoreWorkerService.grpc_server.WaitForActorRefDeleted - 1 total (1 active), Execution time: mean = 0.00ms, total = 0.00ms, Queueing time: mean = 0.00ms, max = -0.00ms, min = 9223372036854.78ms, total = 0.00ms
	ray::rpc::ActorInfoGcsService.grpc_client.RegisterActor.OnReplyReceived - 1 total (0 active), Execution time: mean = 0.14ms, total = 0.14ms, Queueing time: mean = 0.01ms, max = 0.01ms, min = 0.01ms, total = 0.01ms
	ray::rpc::ActorInfoGcsService.grpc_client.GetActorInfo - 1 total (0 active), Execution time: mean = 0.33ms, total = 0.33ms, Queueing time: mean = 0.00ms, max = -0.00ms, min = 9223372036854.78ms, total = 0.00ms
	ray::rpc::ActorInfoGcsService.grpc_client.CreateActor - 1 total (0 active), Execution time: mean = 26458.78ms, total = 26458.78ms, Queueing time: mean = 0.00ms, max = -0.00ms, min = 9223372036854.78ms, total = 0.00ms
	Publisher.CheckDeadSubscribers - 1 total (1 active), Execution time: mean = 0.00ms, total = 0.00ms, Queueing time: mean = 0.00ms, max = -0.00ms, min = 9223372036854.78ms, total = 0.00ms
	ActorTaskSubmitter::SubmitTask - 1 total (0 active), Execution time: mean = 0.01ms, total = 0.01ms, Queueing time: mean = 0.01ms, max = 0.01ms, min = 0.01ms, total = 0.01ms
	CoreWorker.PrintEventStats - 1 total (1 active, 1 running), Execution time: mean = 0.00ms, total = 0.00ms, Queueing time: mean = 0.00ms, max = -0.00ms, min = 9223372036854.78ms, total = 0.00ms
	ray::rpc::NodeInfoGcsService.grpc_client.GetAllNodeAddressAndLiveness - 1 total (0 active), Execution time: mean = 0.33ms, total = 0.33ms, Queueing time: mean = 0.00ms, max = -0.00ms, min = 9223372036854.78ms, total = 0.00ms
	ActorCreator.AsyncRegisterActor - 1 total (0 active), Execution time: mean = 0.39ms, total = 0.39ms, Queueing time: mean = 0.01ms, max = 0.01ms, min = 0.01ms, total = 0.01ms
	ray::rpc::WorkerInfoGcsService.grpc_client.AddWorkerInfo - 1 total (0 active), Execution time: mean = 0.47ms, total = 0.47ms, Queueing time: mean = 0.00ms, max = -0.00ms, min = 9223372036854.78ms, total = 0.00ms
	ray::rpc::ActorInfoGcsService.grpc_client.RegisterActor - 1 total (0 active), Execution time: mean = 1.04ms, total = 1.04ms, Queueing time: mean = 0.00ms, max = -0.00ms, min = 9223372036854.78ms, total = 0.00ms
	CoreWorkerService.grpc_client.PushTask - 1 total (1 active), Execution time: mean = 0.00ms, total = 0.00ms, Queueing time: mean = 0.00ms, max = -0.00ms, min = 9223372036854.78ms, total = 0.00ms
	ray::rpc::ActorInfoGcsService.grpc_client.CreateActor.OnReplyReceived - 1 total (0 active), Execution time: mean = 0.19ms, total = 0.19ms, Queueing time: mean = 0.01ms, max = 0.01ms, min = 0.01ms, total = 0.01ms
	ray::rpc::NodeInfoGcsService.grpc_client.GetAllNodeAddressAndLiveness.OnReplyReceived - 1 total (0 active), Execution time: mean = 0.04ms, total = 0.04ms, Queueing time: mean = 0.45ms, max = 0.45ms, min = 0.45ms, total = 0.45ms
	Subscriber.HandlePublishedMessage_GCS_ACTOR_CHANNEL - 1 total (0 active), Execution time: mean = 1.10ms, total = 1.10ms, Queueing time: mean = 0.11ms, max = 0.11ms, min = 0.11ms, total = 0.11ms
	ray::rpc::WorkerInfoGcsService.grpc_client.AddWorkerInfo.OnReplyReceived - 1 total (0 active), Execution time: mean = 0.03ms, total = 0.03ms, Queueing time: mean = 0.01ms, max = 0.01ms, min = 0.01ms, total = 0.01ms
	CoreWorkerService.grpc_server.WaitForActorRefDeleted.HandleRequestImpl - 1 total (0 active), Execution time: mean = 0.04ms, total = 0.04ms, Queueing time: mean = 0.01ms, max = 0.01ms, min = 0.01ms, total = 0.01ms
	ray::rpc::ActorInfoGcsService.grpc_client.GetActorInfo.OnReplyReceived - 1 total (0 active), Execution time: mean = 0.66ms, total = 0.66ms, Queueing time: mean = 0.01ms, max = 0.01ms, min = 0.01ms, total = 0.01ms
	ray::rpc::InternalPubSubGcsService.grpc_client.GcsSubscriberPoll.OnReplyReceived - 1 total (0 active), Execution time: mean = 0.29ms, total = 0.29ms, Queueing time: mean = 0.02ms, max = 0.02ms, min = 0.02ms, total = 0.02ms

-----------------
Task execution event stats:

Global stats: 0 total (0 active)
Queueing time: mean = -nanms, max = -0.00ms, min = 9223372036854.78ms, total = 0.00ms
Execution time:  mean = -nanms, total = 0.00ms
Event stats:

-----------------
Task Event stats:

IO Service Stats:

Global stats: 181 total (1 active)
Queueing time: mean = 0.01ms, max = 0.03ms, min = 0.01ms, total = 1.81ms
Execution time:  mean = 0.20ms, total = 36.42ms
Event stats:
	CoreWorker.deadline_timer.flush_task_events - 60 total (1 active), Execution time: mean = 0.14ms, total = 8.50ms, Queueing time: mean = 0.02ms, max = 0.03ms, min = 0.01ms, total = 1.00ms
	ray::rpc::TaskInfoGcsService.grpc_client.AddTaskEventData.OnReplyReceived - 60 total (0 active), Execution time: mean = 0.02ms, total = 1.05ms, Queueing time: mean = 0.01ms, max = 0.03ms, min = 0.01ms, total = 0.80ms
	ray::rpc::TaskInfoGcsService.grpc_client.AddTaskEventData - 60 total (0 active), Execution time: mean = 0.44ms, total = 26.51ms, Queueing time: mean = 0.00ms, max = -0.00ms, min = 9223372036854.78ms, total = 0.00ms
	PeriodicalRunner.RunFnPeriodically - 1 total (0 active), Execution time: mean = 0.37ms, total = 0.37ms, Queueing time: mean = 0.01ms, max = 0.01ms, min = 0.01ms, total = 0.01ms
Other Stats:
	gcs_grpc_in_progress:0
	event_aggregator_grpc_in_progress:0
	current number of task status events in buffer: 0
	current number of profile events in buffer: 0
	current number of dropped task attempts tracked: 0
	total task events sent: 0.00124359 MiB
	total number of task attempts sent: 5
	total number of task attempts dropped reported: 0
	total number of sent failure: 0
	num status task events dropped: 0
	num profile task events dropped: 0
	num ray task events reported to aggregator: 0
	num ray task events failed to report to aggregator: 0
	num of task attempts dropped reported to aggregator: 0
	num of failed requests to aggregator: 0

[2025-11-28 15:38:30,958 I 673348 673427] (python-core-worker-3293f9baf9f0772a29df934ce9aa40562820dbe52583e5e641f030c5) core_worker.cc:455: Event stats:


Global stats: 970 total (9 active)
Queueing time: mean = 30.95ms, max = 1000.44ms, min = -0.01ms, total = 30021.99ms
Execution time:  mean = 25.27ms, total = 24508.56ms
Event stats:
	CoreWorker.RecoverObjects - 600 total (1 active), Execution time: mean = 0.00ms, total = 1.86ms, Queueing time: mean = 0.02ms, max = 1.00ms, min = -0.01ms, total = 12.02ms
	NodeManagerService.grpc_client.ReportWorkerBacklog.OnReplyReceived - 60 total (0 active), Execution time: mean = 0.02ms, total = 1.38ms, Queueing time: mean = 0.02ms, max = 0.07ms, min = 0.00ms, total = 0.92ms
	CoreWorker.ExitIfParentRayletDies - 60 total (1 active), Execution time: mean = 0.01ms, total = 0.42ms, Queueing time: mean = 0.02ms, max = 0.07ms, min = 0.01ms, total = 1.07ms
	CoreWorker.InternalHeartbeat - 60 total (1 active), Execution time: mean = 0.16ms, total = 9.44ms, Queueing time: mean = 0.03ms, max = 0.82ms, min = 0.01ms, total = 1.58ms
	NodeManagerService.grpc_client.ReportWorkerBacklog - 60 total (0 active), Execution time: mean = 0.56ms, total = 33.46ms, Queueing time: mean = 0.00ms, max = -0.00ms, min = 9223372036854.78ms, total = 0.00ms
	ReporterService.grpc_client.HealthCheck.OnReplyReceived - 31 total (0 active), Execution time: mean = 0.03ms, total = 1.02ms, Queueing time: mean = 0.02ms, max = 0.08ms, min = 0.01ms, total = 0.60ms
	ReporterService.grpc_client.HealthCheck - 31 total (0 active), Execution time: mean = 0.16ms, total = 5.00ms, Queueing time: mean = 0.00ms, max = -0.00ms, min = 9223372036854.78ms, total = 0.00ms
	MetricsAgentClient.WaitForServerReadyWithRetry - 30 total (0 active), Execution time: mean = 0.11ms, total = 3.16ms, Queueing time: mean = 1000.05ms, max = 1000.44ms, min = 1000.01ms, total = 30001.61ms
	CoreWorker.RecordMetrics - 12 total (1 active), Execution time: mean = 0.18ms, total = 2.14ms, Queueing time: mean = 0.01ms, max = 0.02ms, min = 0.01ms, total = 0.13ms
	PeriodicalRunner.RunFnPeriodically - 7 total (0 active), Execution time: mean = 0.14ms, total = 0.96ms, Queueing time: mean = 0.36ms, max = 0.92ms, min = 0.02ms, total = 2.49ms
	CoreWorker.TryDelPendingObjectRefStreams - 6 total (1 active), Execution time: mean = 0.00ms, total = 0.02ms, Queueing time: mean = 0.01ms, max = 0.03ms, min = 0.01ms, total = 0.07ms
	CoreWorkerService.grpc_server.PushTask - 2 total (1 active), Execution time: mean = 12223.26ms, total = 24446.51ms, Queueing time: mean = 0.00ms, max = -0.00ms, min = 9223372036854.78ms, total = 0.00ms
	CoreWorkerService.grpc_server.PushTask.HandleRequestImpl - 2 total (0 active), Execution time: mean = 0.23ms, total = 0.46ms, Queueing time: mean = 0.02ms, max = 0.02ms, min = 0.02ms, total = 0.04ms
	ray::rpc::NodeInfoGcsService.grpc_client.GetAllNodeAddressAndLiveness - 1 total (0 active), Execution time: mean = 0.93ms, total = 0.93ms, Queueing time: mean = 0.00ms, max = -0.00ms, min = 9223372036854.78ms, total = 0.00ms
	ray::rpc::InternalPubSubGcsService.grpc_client.GcsSubscriberCommandBatch.OnReplyReceived - 1 total (0 active), Execution time: mean = 0.27ms, total = 0.27ms, Queueing time: mean = 0.64ms, max = 0.64ms, min = 0.64ms, total = 0.64ms
	ray::rpc::InternalPubSubGcsService.grpc_client.GcsSubscriberPoll - 1 total (1 active), Execution time: mean = 0.00ms, total = 0.00ms, Queueing time: mean = 0.00ms, max = -0.00ms, min = 9223372036854.78ms, total = 0.00ms
	Publisher.CheckDeadSubscribers - 1 total (1 active), Execution time: mean = 0.00ms, total = 0.00ms, Queueing time: mean = 0.00ms, max = -0.00ms, min = 9223372036854.78ms, total = 0.00ms
	ray::rpc::InternalPubSubGcsService.grpc_client.GcsSubscriberCommandBatch - 1 total (0 active), Execution time: mean = 0.60ms, total = 0.60ms, Queueing time: mean = 0.00ms, max = -0.00ms, min = 9223372036854.78ms, total = 0.00ms
	ray::rpc::WorkerInfoGcsService.grpc_client.AddWorkerInfo.OnReplyReceived - 1 total (0 active), Execution time: mean = 0.08ms, total = 0.08ms, Queueing time: mean = 0.79ms, max = 0.79ms, min = 0.79ms, total = 0.79ms
	ray::rpc::NodeInfoGcsService.grpc_client.GetAllNodeAddressAndLiveness.OnReplyReceived - 1 total (0 active), Execution time: mean = 0.07ms, total = 0.07ms, Queueing time: mean = 0.02ms, max = 0.02ms, min = 0.02ms, total = 0.02ms
	ray::rpc::WorkerInfoGcsService.grpc_client.AddWorkerInfo - 1 total (0 active), Execution time: mean = 0.78ms, total = 0.78ms, Queueing time: mean = 0.00ms, max = -0.00ms, min = 9223372036854.78ms, total = 0.00ms
	CoreWorker.PrintEventStats - 1 total (1 active, 1 running), Execution time: mean = 0.00ms, total = 0.00ms, Queueing time: mean = 0.00ms, max = -0.00ms, min = 9223372036854.78ms, total = 0.00ms

-----------------
Task execution event stats:

Global stats: 5 total (2 active)
Queueing time: mean = 4887.30ms, max = 24436.48ms, min = 0.00ms, total = 24436.50ms
Execution time:  mean = 4889.22ms, total = 24446.10ms
Event stats:
	CoreWorker.CheckSignal - 2 total (1 active), Execution time: mean = 0.01ms, total = 0.01ms, Queueing time: mean = 12218.24ms, max = 24436.48ms, min = 24436.48ms, total = 24436.48ms
	PeriodicalRunner.RunFnPeriodically - 1 total (0 active), Execution time: mean = 0.01ms, total = 0.01ms, Queueing time: mean = 0.00ms, max = 0.00ms, min = 0.00ms, total = 0.00ms
	CoreWorker.HandlePushTask - 1 total (0 active), Execution time: mean = 24446.07ms, total = 24446.07ms, Queueing time: mean = 0.02ms, max = 0.02ms, min = 0.02ms, total = 0.02ms
	CoreWorker.HandlePushTaskActor - 1 total (1 active, 1 running), Execution time: mean = 0.00ms, total = 0.00ms, Queueing time: mean = 0.00ms, max = -0.00ms, min = 9223372036854.78ms, total = 0.00ms

-----------------
Task Event stats:

IO Service Stats:

Global stats: 181 total (1 active)
Queueing time: mean = 0.02ms, max = 0.14ms, min = 0.01ms, total = 2.76ms
Execution time:  mean = 0.26ms, total = 46.44ms
Event stats:
	CoreWorker.deadline_timer.flush_task_events - 60 total (1 active), Execution time: mean = 0.20ms, total = 12.15ms, Queueing time: mean = 0.03ms, max = 0.14ms, min = 0.02ms, total = 1.87ms
	ray::rpc::TaskInfoGcsService.grpc_client.AddTaskEventData.OnReplyReceived - 60 total (0 active), Execution time: mean = 0.03ms, total = 1.54ms, Queueing time: mean = 0.01ms, max = 0.02ms, min = 0.01ms, total = 0.87ms
	ray::rpc::TaskInfoGcsService.grpc_client.AddTaskEventData - 60 total (0 active), Execution time: mean = 0.54ms, total = 32.26ms, Queueing time: mean = 0.00ms, max = -0.00ms, min = 9223372036854.78ms, total = 0.00ms
	PeriodicalRunner.RunFnPeriodically - 1 total (0 active), Execution time: mean = 0.49ms, total = 0.49ms, Queueing time: mean = 0.02ms, max = 0.02ms, min = 0.02ms, total = 0.02ms
Other Stats:
	gcs_grpc_in_progress:0
	event_aggregator_grpc_in_progress:0
	current number of task status events in buffer: 0
	current number of profile events in buffer: 0
	current number of dropped task attempts tracked: 0
	total task events sent: 0.000566483 MiB
	total number of task attempts sent: 3
	total number of task attempts dropped reported: 0
	total number of sent failure: 0
	num status task events dropped: 0
	num profile task events dropped: 0
	num ray task events reported to aggregator: 0
	num ray task events failed to report to aggregator: 0
	num of task attempts dropped reported to aggregator: 0
	num of failed requests to aggregator: 0

2025-11-28 15:38:31,464	INFO (monitor) autoscaler.py:147 -- The autoscaler took 0.0 seconds to fetch the list of non-terminated nodes.
2025-11-28 15:38:31,464	INFO (monitor) autoscaler.py:408 -- 
======== Autoscaler status: 2025-11-28 15:38:31.464261 ========
Node status
---------------------------------------------------------------
Active:
 1 node_fbb9841b3107256f006a4e24c5be7456a673f220f17e763ce1348e9e
Pending:
 (no pending nodes)
Recent failures:
 (no failures)

Resources
---------------------------------------------------------------
Total Usage:
 1.0/1.0 CPU
 0.0/1.0 GPU
 0B/349.75GiB memory
 0B/149.89GiB object_store_memory

From request_resources:
 (none)
Pending Demands:
 (no resource demands)
2025-11-28 15:38:31,464	INFO (monitor) autoscaler.py:463 -- The autoscaler took 0.001 seconds to complete the update iteration.
2025-11-28 15:38:36,466	INFO (monitor) autoscaler.py:147 -- The autoscaler took 0.0 seconds to fetch the list of non-terminated nodes.
2025-11-28 15:38:36,467	INFO (monitor) autoscaler.py:408 -- 
======== Autoscaler status: 2025-11-28 15:38:36.467035 ========
Node status
---------------------------------------------------------------
Active:
 1 node_fbb9841b3107256f006a4e24c5be7456a673f220f17e763ce1348e9e
Pending:
 (no pending nodes)
Recent failures:
 (no failures)

Resources
---------------------------------------------------------------
Total Usage:
 1.0/1.0 CPU
 0.0/1.0 GPU
 0B/349.75GiB memory
 0B/149.89GiB object_store_memory

From request_resources:
 (none)
Pending Demands:
 (no resource demands)
2025-11-28 15:38:36,467	INFO (monitor) autoscaler.py:463 -- The autoscaler took 0.001 seconds to complete the update iteration.
2025-11-28 15:38:41,470	INFO (monitor) autoscaler.py:147 -- The autoscaler took 0.0 seconds to fetch the list of non-terminated nodes.
2025-11-28 15:38:41,470	INFO (monitor) autoscaler.py:408 -- 
======== Autoscaler status: 2025-11-28 15:38:41.470222 ========
Node status
---------------------------------------------------------------
Active:
 1 node_fbb9841b3107256f006a4e24c5be7456a673f220f17e763ce1348e9e
Pending:
 (no pending nodes)
Recent failures:
 (no failures)

Resources
---------------------------------------------------------------
Total Usage:
 1.0/1.0 CPU
 0.0/1.0 GPU
 0B/349.75GiB memory
 0B/149.89GiB object_store_memory

From request_resources:
 (none)
Pending Demands:
 (no resource demands)
2025-11-28 15:38:41,470	INFO (monitor) autoscaler.py:463 -- The autoscaler took 0.001 seconds to complete the update iteration.
dataset len: 1319
/scratch/zt1/project/cmsc848n/user/vla/cofa/verl/verl/trainer/ppo/ray_trainer.py:325: UserWarning: Disabled critic as algorithm.adv_estimator != gae. If it is not intended, please set critic.enable=True
  self.use_critic = need_critic(self.config)
Size of train dataloader: 116, Size of val dataloader: 1
Total training steps: 116
colocated worker base class <class 'verl.single_controller.base.worker.Worker'>
bind role actor_rollout method chat_completion to class <class 'verl.single_controller.ray.base.create_colocated_worker_cls.<locals>.WorkerDict'>
bind role actor_rollout method generate to class <class 'verl.single_controller.ray.base.create_colocated_worker_cls.<locals>.WorkerDict'>
bind role actor_rollout method get_zeromq_address to class <class 'verl.single_controller.ray.base.create_colocated_worker_cls.<locals>.WorkerDict'>
bind role actor_rollout method sleep to class <class 'verl.single_controller.ray.base.create_colocated_worker_cls.<locals>.WorkerDict'>
bind role actor_rollout method wake_up to class <class 'verl.single_controller.ray.base.create_colocated_worker_cls.<locals>.WorkerDict'>
[2025-11-28 15:38:43,882 I 673348 673348] (python-core-worker-3293f9baf9f0772a29df934ce9aa40562820dbe52583e5e641f030c5) core_worker.cc:2301: Submitting Placement Group creation to GCS placement_group_id=adfc0b96fa53e5a35df41c354c0e01000000
[2025-11-28 15:38:43,882 I 672498 672498] (gcs_server) gcs_placement_group_manager.cc:361: Registering placement group, placement group id = adfc0b96fa53e5a35df41c354c0e01000000, name = global_poolverl_group_1:0, strategy = 2
[2025-11-28 15:38:43,882 I 672498 672498] (gcs_server) gcs_placement_group_manager.cc:365: Finished registering placement group, placement group id = adfc0b96fa53e5a35df41c354c0e01000000, name = global_poolverl_group_1:0, strategy = 2
[2025-11-28 15:38:45,079 I 672498 672498] (gcs_server) gcs_server.cc:926: Gcs Debug state:

GcsNodeManager: 
- RegisterNode request count: 1
- DrainNode request count: 0
- GetAllNodeInfo request count: 11

GcsActorManager: 
- RegisterActor request count: 1
- CreateActor request count: 1
- GetActorInfo request count: 1
- GetNamedActorInfo request count: 0
- GetAllActorInfo request count: 0
- KillActor request count: 0
- ListNamedActors request count: 0
- Registered actors count: 1
- Destroyed actors count: 0
- Named actors count: 0
- Unresolved actors count: 0
- Pending actors count: 0
- Created actors count: 1
- owners_: 1
- actor_to_register_callbacks_: 0
- actor_to_restart_for_lineage_reconstruction_callbacks_: 0
- actor_to_create_callbacks_: 0
- sorted_destroyed_actor_list_: 0

GcsResourceManager: 
- GetAllAvailableResources request count: 1
- GetAllTotalResources request count: 0
- GetAllResourceUsage request count: 24

GcsPlacementGroupManager: 
- CreatePlacementGroup request count: 1
- RemovePlacementGroup request count: 0
- GetPlacementGroup request count: 1
- GetAllPlacementGroup request count: 0
- WaitPlacementGroupUntilReady request count: 0
- GetNamedPlacementGroup request count: 0
- Scheduling pending placement group count: 4
- Registered placement groups count: 1
- Named placement group count: 1
- Pending placement groups count: 1
- Infeasible placement groups count: 0

Publisher:
GCS_NODE_INFO_CHANNEL
- cumulative published messages: 1
- cumulative published bytes: 585
- current buffered bytes: 0
GCS_ACTOR_CHANNEL
- cumulative published messages: 3
- cumulative published bytes: 1321
- current buffered bytes: 169
GCS_JOB_CHANNEL
- cumulative published messages: 1
- cumulative published bytes: 2122
- current buffered bytes: 2122
GCS_WORKER_DELTA_CHANNEL
- cumulative published messages: 1
- cumulative published bytes: 96
- current buffered bytes: 96
GCS_NODE_ADDRESS_AND_LIVENESS_CHANNEL
- cumulative published messages: 1
- cumulative published bytes: 89
- current buffered bytes: 0

[runtime env manager] ID to URIs table:
[runtime env manager] URIs reference table:

GcsTaskManager: 
-Total num task events reported: 10
-Total num status task events dropped: 0
-Total num profile events dropped: 0
-Current num of task events stored: 4
-Total num of actor creation tasks: 1
-Total num of actor tasks: 1
-Total num of normal tasks: 1
-Total num of driver tasks: 1

GcsAutoscalerStateManager: 
- last_seen_autoscaler_state_version_: 0
- last_cluster_resource_state_version_: 24
- pending demands:
	{bundle_group_adfc0b96fa53e5a35df41c354c0e01000000: 0.001, label_selectors: [{}, ]} * 1



[2025-11-28 15:38:45,080 I 672498 672498] (gcs_server) gcs_server.cc:940: Main service Event stats:


Global stats: 1761 total (6 active)
Queueing time: mean = 19.30ms, max = 1000.05ms, min = 0.00ms, total = 33988.69ms
Execution time:  mean = 31.29ms, total = 55099.19ms
Event stats:
	GcsInMemoryStore.Put - 343 total (0 active), Execution time: mean = 2.85ms, total = 978.55ms, Queueing time: mean = 2.88ms, max = 977.34ms, min = 0.00ms, total = 988.07ms
	InternalKVGcsService.grpc_server.InternalKVPut - 185 total (0 active), Execution time: mean = 0.20ms, total = 36.11ms, Queueing time: mean = 0.00ms, max = -0.00ms, min = 9223372036854.78ms, total = 0.00ms
	InternalKVGcsService.grpc_server.InternalKVPut.HandleRequestImpl - 185 total (0 active), Execution time: mean = 0.04ms, total = 6.89ms, Queueing time: mean = 0.02ms, max = 0.03ms, min = 0.01ms, total = 2.86ms
	RayletLoadPulled - 120 total (1 active), Execution time: mean = 0.11ms, total = 13.50ms, Queueing time: mean = 0.02ms, max = 0.03ms, min = 0.01ms, total = 1.85ms
	NodeManagerService.grpc_client.GetResourceLoad.OnReplyReceived - 116 total (0 active), Execution time: mean = 0.03ms, total = 3.96ms, Queueing time: mean = 0.02ms, max = 0.04ms, min = 0.01ms, total = 2.22ms
	NodeManagerService.grpc_client.GetResourceLoad - 116 total (0 active), Execution time: mean = 0.73ms, total = 85.09ms, Queueing time: mean = 0.00ms, max = -0.00ms, min = 9223372036854.78ms, total = 0.00ms
	GcsInMemoryStore.Get - 69 total (0 active), Execution time: mean = 0.03ms, total = 1.81ms, Queueing time: mean = 0.01ms, max = 0.02ms, min = 0.00ms, total = 0.42ms
	InternalKVGcsService.grpc_server.InternalKVGet.HandleRequestImpl - 67 total (0 active), Execution time: mean = 0.03ms, total = 1.93ms, Queueing time: mean = 0.02ms, max = 0.37ms, min = 0.01ms, total = 1.35ms
	InternalKVGcsService.grpc_server.InternalKVGet - 67 total (0 active), Execution time: mean = 0.28ms, total = 18.94ms, Queueing time: mean = 0.00ms, max = -0.00ms, min = 9223372036854.78ms, total = 0.00ms
	ClusterResourceManager.ResetRemoteNodeView - 41 total (1 active), Execution time: mean = 0.00ms, total = 0.18ms, Queueing time: mean = 0.02ms, max = 0.04ms, min = 0.01ms, total = 0.77ms
	HealthCheck - 36 total (0 active), Execution time: mean = 0.00ms, total = 0.16ms, Queueing time: mean = 0.02ms, max = 0.03ms, min = 0.01ms, total = 0.70ms
	ReporterService.grpc_client.HealthCheck.OnReplyReceived - 31 total (0 active), Execution time: mean = 0.03ms, total = 0.92ms, Queueing time: mean = 31.36ms, max = 971.79ms, min = 0.01ms, total = 972.29ms
	ReporterService.grpc_client.HealthCheck - 31 total (0 active), Execution time: mean = 0.20ms, total = 6.17ms, Queueing time: mean = 0.00ms, max = -0.00ms, min = 9223372036854.78ms, total = 0.00ms
	MetricsAgentClient.WaitForServerReadyWithRetry - 30 total (0 active), Execution time: mean = 0.08ms, total = 2.51ms, Queueing time: mean = 1000.02ms, max = 1000.05ms, min = 1000.01ms, total = 30000.54ms
	NodeInfoGcsService.grpc_server.CheckAlive.HandleRequestImpl - 26 total (0 active), Execution time: mean = 0.01ms, total = 0.36ms, Queueing time: mean = 0.02ms, max = 0.04ms, min = 0.01ms, total = 0.47ms
	NodeInfoGcsService.grpc_server.CheckAlive - 26 total (0 active), Execution time: mean = 0.17ms, total = 4.34ms, Queueing time: mean = 0.00ms, max = -0.00ms, min = 9223372036854.78ms, total = 0.00ms
	AutoscalerStateService.grpc_server.GetClusterResourceState.HandleRequestImpl - 24 total (0 active), Execution time: mean = 0.03ms, total = 0.61ms, Queueing time: mean = 0.01ms, max = 0.02ms, min = 0.01ms, total = 0.35ms
	AutoscalerStateService.grpc_server.GetClusterResourceState - 24 total (0 active), Execution time: mean = 0.16ms, total = 3.89ms, Queueing time: mean = 0.00ms, max = -0.00ms, min = 9223372036854.78ms, total = 0.00ms
	NodeResourceInfoGcsService.grpc_server.GetAllResourceUsage.HandleRequestImpl - 24 total (0 active), Execution time: mean = 0.03ms, total = 0.78ms, Queueing time: mean = 0.02ms, max = 0.03ms, min = 0.01ms, total = 0.47ms
	NodeResourceInfoGcsService.grpc_server.GetAllResourceUsage - 24 total (0 active), Execution time: mean = 0.24ms, total = 5.78ms, Queueing time: mean = 0.00ms, max = -0.00ms, min = 9223372036854.78ms, total = 0.00ms
	GCSServer.deadline_timer.metrics_report - 24 total (1 active), Execution time: mean = 0.08ms, total = 2.03ms, Queueing time: mean = 0.03ms, max = 0.49ms, min = 0.00ms, total = 0.78ms
	event_loop_lag_probe - 14 total (0 active), Execution time: mean = 0.01ms, total = 0.08ms, Queueing time: mean = 2.46ms, max = 34.33ms, min = 0.00ms, total = 34.49ms
	GCSServer.deadline_timer.gcs_global_gc - 12 total (1 active), Execution time: mean = 0.00ms, total = 0.04ms, Queueing time: mean = 0.10ms, max = 1.06ms, min = 0.01ms, total = 1.23ms
	NodeInfoGcsService.grpc_server.GetClusterId - 10 total (0 active), Execution time: mean = 1.54ms, total = 15.35ms, Queueing time: mean = 0.00ms, max = -0.00ms, min = 9223372036854.78ms, total = 0.00ms
	NodeInfoGcsService.grpc_server.GetClusterId.HandleRequestImpl - 10 total (0 active), Execution time: mean = 0.38ms, total = 3.85ms, Queueing time: mean = 0.87ms, max = 8.47ms, min = 0.01ms, total = 8.66ms
	GcsInMemoryStore.GetAll - 8 total (0 active), Execution time: mean = 0.02ms, total = 0.13ms, Queueing time: mean = 0.05ms, max = 0.10ms, min = 0.00ms, total = 0.38ms
	NodeInfoGcsService.grpc_server.GetAllNodeInfo - 7 total (0 active), Execution time: mean = 0.15ms, total = 1.07ms, Queueing time: mean = 0.00ms, max = -0.00ms, min = 9223372036854.78ms, total = 0.00ms
	NodeInfoGcsService.grpc_server.GetAllNodeInfo.HandleRequestImpl - 7 total (0 active), Execution time: mean = 0.02ms, total = 0.13ms, Queueing time: mean = 0.01ms, max = 0.02ms, min = 0.01ms, total = 0.08ms
	PeriodicalRunner.RunFnPeriodically - 5 total (0 active), Execution time: mean = 0.13ms, total = 0.64ms, Queueing time: mean = 393.88ms, max = 978.61ms, min = 3.95ms, total = 1969.40ms
	GcsHealthCheckManager::MarkNodeHealthy - 4 total (0 active), Execution time: mean = 0.00ms, total = 0.00ms, Queueing time: mean = 0.01ms, max = 0.01ms, min = 0.01ms, total = 0.05ms
	NodeInfoGcsService.grpc_server.GetAllNodeAddressAndLiveness - 4 total (0 active), Execution time: mean = 0.24ms, total = 0.95ms, Queueing time: mean = 0.00ms, max = -0.00ms, min = 9223372036854.78ms, total = 0.00ms
	NodeInfoGcsService.grpc_server.GetAllNodeAddressAndLiveness.HandleRequestImpl - 4 total (0 active), Execution time: mean = 0.01ms, total = 0.03ms, Queueing time: mean = 0.12ms, max = 0.45ms, min = 0.01ms, total = 0.48ms
	GcsResourceManager::Update - 4 total (0 active), Execution time: mean = 0.04ms, total = 0.18ms, Queueing time: mean = 0.01ms, max = 0.01ms, min = 0.01ms, total = 0.04ms
	WorkerInfoGcsService.grpc_server.AddWorkerInfo - 3 total (0 active), Execution time: mean = 0.19ms, total = 0.57ms, Queueing time: mean = 0.00ms, max = -0.00ms, min = 9223372036854.78ms, total = 0.00ms
	GcsInMemoryStore.Keys - 3 total (0 active), Execution time: mean = 0.01ms, total = 0.03ms, Queueing time: mean = 0.01ms, max = 0.01ms, min = 0.01ms, total = 0.02ms
	InternalKVGcsService.grpc_server.InternalKVKeys - 3 total (0 active), Execution time: mean = 0.18ms, total = 0.55ms, Queueing time: mean = 0.00ms, max = -0.00ms, min = 9223372036854.78ms, total = 0.00ms
	InternalKVGcsService.grpc_server.InternalKVKeys.HandleRequestImpl - 3 total (0 active), Execution time: mean = 0.04ms, total = 0.11ms, Queueing time: mean = 0.01ms, max = 0.02ms, min = 0.01ms, total = 0.04ms
	WorkerInfoGcsService.grpc_server.AddWorkerInfo.HandleRequestImpl - 3 total (0 active), Execution time: mean = 0.03ms, total = 0.08ms, Queueing time: mean = 0.01ms, max = 0.02ms, min = 0.01ms, total = 0.04ms
	GCSServer.deadline_timer.debug_state_event_stats_print - 2 total (1 active, 1 running), Execution time: mean = 0.57ms, total = 1.14ms, Queueing time: mean = 0.01ms, max = 0.01ms, min = 0.01ms, total = 0.01ms
	JobInfoGcsService.grpc_server.GetAllJobInfo - 2 total (0 active), Execution time: mean = 0.17ms, total = 0.34ms, Queueing time: mean = 0.00ms, max = -0.00ms, min = 9223372036854.78ms, total = 0.00ms
	GcsPlacementGroupManager.SchedulePendingPlacementGroups - 2 total (0 active), Execution time: mean = 0.00ms, total = 0.00ms, Queueing time: mean = 0.01ms, max = 0.01ms, min = 0.00ms, total = 0.02ms
	JobInfoGcsService.grpc_server.GetAllJobInfo.HandleRequestImpl - 2 total (0 active), Execution time: mean = 0.02ms, total = 0.04ms, Queueing time: mean = 0.01ms, max = 0.01ms, min = 0.01ms, total = 0.03ms
	NodeManagerService.grpc_client.RequestWorkerLease - 1 total (0 active), Execution time: mean = 2009.14ms, total = 2009.14ms, Queueing time: mean = 0.00ms, max = -0.00ms, min = 9223372036854.78ms, total = 0.00ms
	GcsInMemoryStore.Delete - 1 total (0 active), Execution time: mean = 0.01ms, total = 0.01ms, Queueing time: mean = 0.01ms, max = 0.01ms, min = 0.01ms, total = 0.01ms
	GcsInitData::AsyncLoad - 1 total (0 active), Execution time: mean = 0.01ms, total = 0.01ms, Queueing time: mean = 0.00ms, max = 0.00ms, min = 0.00ms, total = 0.00ms
	CoreWorkerService.grpc_client.PushTask.OnReplyReceived - 1 total (0 active), Execution time: mean = 0.21ms, total = 0.21ms, Queueing time: mean = 0.02ms, max = 0.02ms, min = 0.02ms, total = 0.02ms
	JobInfoGcsService.grpc_server.GetNextJobID - 1 total (0 active), Execution time: mean = 0.12ms, total = 0.12ms, Queueing time: mean = 0.00ms, max = -0.00ms, min = 9223372036854.78ms, total = 0.00ms
	CoreWorkerService.grpc_client.PushTask - 1 total (0 active), Execution time: mean = 24448.09ms, total = 24448.09ms, Queueing time: mean = 0.00ms, max = -0.00ms, min = 9223372036854.78ms, total = 0.00ms
	InternalKVGcsService.grpc_server.InternalKVExists.HandleRequestImpl - 1 total (0 active), Execution time: mean = 0.04ms, total = 0.04ms, Queueing time: mean = 0.01ms, max = 0.01ms, min = 0.01ms, total = 0.01ms
	WorkerInfoGcsService.grpc_server.ReportWorkerFailure - 1 total (0 active), Execution time: mean = 1.66ms, total = 1.66ms, Queueing time: mean = 0.00ms, max = -0.00ms, min = 9223372036854.78ms, total = 0.00ms
	PlacementGroupInfoGcsService.grpc_server.GetPlacementGroup.HandleRequestImpl - 1 total (0 active), Execution time: mean = 0.02ms, total = 0.02ms, Queueing time: mean = 0.01ms, max = 0.01ms, min = 0.01ms, total = 0.01ms
	ActorInfoGcsService.grpc_server.GetActorInfo.HandleRequestImpl - 1 total (0 active), Execution time: mean = 0.02ms, total = 0.02ms, Queueing time: mean = 0.01ms, max = 0.01ms, min = 0.01ms, total = 0.01ms
	ActorInfoGcsService.grpc_server.RegisterActor - 1 total (0 active), Execution time: mean = 0.77ms, total = 0.77ms, Queueing time: mean = 0.00ms, max = -0.00ms, min = 9223372036854.78ms, total = 0.00ms
	JobInfoGcsService.grpc_server.GetNextJobID.HandleRequestImpl - 1 total (0 active), Execution time: mean = 0.01ms, total = 0.01ms, Queueing time: mean = 0.01ms, max = 0.01ms, min = 0.01ms, total = 0.01ms
	JobInfoGcsService.grpc_server.AddJob.HandleRequestImpl - 1 total (0 active), Execution time: mean = 0.10ms, total = 0.10ms, Queueing time: mean = 0.03ms, max = 0.03ms, min = 0.03ms, total = 0.03ms
	GcsInMemoryStore.GetNextJobID - 1 total (0 active), Execution time: mean = 0.00ms, total = 0.00ms, Queueing time: mean = 0.00ms, max = 0.00ms, min = 0.00ms, total = 0.00ms
	JobInfoGcsService.grpc_server.AddJob - 1 total (0 active), Execution time: mean = 0.39ms, total = 0.39ms, Queueing time: mean = 0.00ms, max = -0.00ms, min = 9223372036854.78ms, total = 0.00ms
	NodeResourceInfoGcsService.grpc_server.GetAllAvailableResources.HandleRequestImpl - 1 total (0 active), Execution time: mean = 0.03ms, total = 0.03ms, Queueing time: mean = 0.02ms, max = 0.02ms, min = 0.02ms, total = 0.02ms
	NodeInfoGcsService.grpc_server.RegisterNode - 1 total (0 active), Execution time: mean = 0.53ms, total = 0.53ms, Queueing time: mean = 0.00ms, max = -0.00ms, min = 9223372036854.78ms, total = 0.00ms
	InternalKVGcsService.grpc_server.InternalKVDel - 1 total (0 active), Execution time: mean = 0.50ms, total = 0.50ms, Queueing time: mean = 0.00ms, max = -0.00ms, min = 9223372036854.78ms, total = 0.00ms
	GcsServer.GetOrGenerateClusterId.continuation - 1 total (0 active), Execution time: mean = 975.13ms, total = 975.13ms, Queueing time: mean = 0.00ms, max = 0.00ms, min = 0.00ms, total = 0.00ms
	InternalKVGcsService.grpc_server.GetInternalConfig - 1 total (0 active), Execution time: mean = 0.27ms, total = 0.27ms, Queueing time: mean = 0.00ms, max = -0.00ms, min = 9223372036854.78ms, total = 0.00ms
	PlacementGroupInfoGcsService.grpc_server.GetPlacementGroup - 1 total (0 active), Execution time: mean = 0.14ms, total = 0.14ms, Queueing time: mean = 0.00ms, max = -0.00ms, min = 9223372036854.78ms, total = 0.00ms
	InternalKVGcsService.grpc_server.InternalKVExists - 1 total (0 active), Execution time: mean = 0.17ms, total = 0.17ms, Queueing time: mean = 0.00ms, max = -0.00ms, min = 9223372036854.78ms, total = 0.00ms
	InternalKVGcsService.grpc_server.InternalKVDel.HandleRequestImpl - 1 total (0 active), Execution time: mean = 0.03ms, total = 0.03ms, Queueing time: mean = 0.01ms, max = 0.01ms, min = 0.01ms, total = 0.01ms
	InternalKVGcsService.grpc_server.InternalKVMultiGet - 1 total (0 active), Execution time: mean = 0.18ms, total = 0.18ms, Queueing time: mean = 0.00ms, max = -0.00ms, min = 9223372036854.78ms, total = 0.00ms
	InternalKVGcsService.grpc_server.GetInternalConfig.HandleRequestImpl - 1 total (0 active), Execution time: mean = 0.02ms, total = 0.02ms, Queueing time: mean = 0.02ms, max = 0.02ms, min = 0.02ms, total = 0.02ms
	NodeManager.AddNodeCallback - 1 total (0 active), Execution time: mean = 0.43ms, total = 0.43ms, Queueing time: mean = 0.28ms, max = 0.28ms, min = 0.28ms, total = 0.28ms
	InternalKVGcsService.grpc_server.InternalKVMultiGet.HandleRequestImpl - 1 total (0 active), Execution time: mean = 0.05ms, total = 0.05ms, Queueing time: mean = 0.01ms, max = 0.01ms, min = 0.01ms, total = 0.01ms
	ActorInfoGcsService.grpc_server.RegisterActor.HandleRequestImpl - 1 total (0 active), Execution time: mean = 0.60ms, total = 0.60ms, Queueing time: mean = 0.02ms, max = 0.02ms, min = 0.02ms, total = 0.02ms
	NodeManagerService.grpc_client.RequestWorkerLease.OnReplyReceived - 1 total (0 active), Execution time: mean = 0.40ms, total = 0.40ms, Queueing time: mean = 0.02ms, max = 0.02ms, min = 0.02ms, total = 0.02ms
	PlacementGroupInfoGcsService.grpc_server.CreatePlacementGroup.HandleRequestImpl - 1 total (0 active), Execution time: mean = 0.15ms, total = 0.15ms, Queueing time: mean = 0.01ms, max = 0.01ms, min = 0.01ms, total = 0.01ms
	ActorInfoGcsService.grpc_server.CreateActor - 1 total (0 active), Execution time: mean = 26458.67ms, total = 26458.67ms, Queueing time: mean = 0.00ms, max = -0.00ms, min = 9223372036854.78ms, total = 0.00ms
	PlacementGroupInfoGcsService.grpc_server.CreatePlacementGroup - 1 total (0 active), Execution time: mean = 0.32ms, total = 0.32ms, Queueing time: mean = 0.00ms, max = -0.00ms, min = 9223372036854.78ms, total = 0.00ms
	CoreWorkerService.grpc_client.WaitForActorRefDeleted - 1 total (1 active), Execution time: mean = 0.00ms, total = 0.00ms, Queueing time: mean = 0.00ms, max = -0.00ms, min = 9223372036854.78ms, total = 0.00ms
	NodeInfoGcsService.grpc_server.RegisterNode.HandleRequestImpl - 1 total (0 active), Execution time: mean = 0.09ms, total = 0.09ms, Queueing time: mean = 0.02ms, max = 0.02ms, min = 0.02ms, total = 0.02ms
	NodeResourceInfoGcsService.grpc_server.GetAllAvailableResources - 1 total (0 active), Execution time: mean = 0.28ms, total = 0.28ms, Queueing time: mean = 0.00ms, max = -0.00ms, min = 9223372036854.78ms, total = 0.00ms
	ActorInfoGcsService.grpc_server.GetActorInfo - 1 total (0 active), Execution time: mean = 0.15ms, total = 0.15ms, Queueing time: mean = 0.00ms, max = -0.00ms, min = 9223372036854.78ms, total = 0.00ms
	ActorInfoGcsService.grpc_server.CreateActor.HandleRequestImpl - 1 total (0 active), Execution time: mean = 0.58ms, total = 0.58ms, Queueing time: mean = 0.02ms, max = 0.02ms, min = 0.02ms, total = 0.02ms
	GcsInMemoryStore.Exists - 1 total (0 active), Execution time: mean = 0.01ms, total = 0.01ms, Queueing time: mean = 0.01ms, max = 0.01ms, min = 0.01ms, total = 0.01ms
	WorkerInfoGcsService.grpc_server.ReportWorkerFailure.HandleRequestImpl - 1 total (0 active), Execution time: mean = 0.04ms, total = 0.04ms, Queueing time: mean = 0.03ms, max = 0.03ms, min = 0.03ms, total = 0.03ms
	GcsHealthCheckManager::AddNode - 1 total (0 active), Execution time: mean = 0.01ms, total = 0.01ms, Queueing time: mean = 0.00ms, max = 0.00ms, min = 0.00ms, total = 0.00ms


[2025-11-28 15:38:45,080 I 672498 672498] (gcs_server) gcs_server.cc:944: task_io_context Event stats:


Global stats: 350 total (1 active)
Queueing time: mean = 0.01ms, max = 0.57ms, min = 0.00ms, total = 3.94ms
Execution time:  mean = 0.08ms, total = 26.42ms
Event stats:
	TaskInfoGcsService.grpc_server.AddTaskEventData.HandleRequestImpl - 155 total (0 active), Execution time: mean = 0.01ms, total = 1.16ms, Queueing time: mean = 0.02ms, max = 0.03ms, min = 0.01ms, total = 2.85ms
	TaskInfoGcsService.grpc_server.AddTaskEventData - 155 total (0 active), Execution time: mean = 0.16ms, total = 24.44ms, Queueing time: mean = 0.00ms, max = -0.00ms, min = 9223372036854.78ms, total = 0.00ms
	GcsTaskManager.GcJobSummary - 25 total (1 active), Execution time: mean = 0.00ms, total = 0.11ms, Queueing time: mean = 0.02ms, max = 0.03ms, min = 0.01ms, total = 0.39ms
	event_loop_lag_probe - 14 total (0 active), Execution time: mean = 0.05ms, total = 0.68ms, Queueing time: mean = 0.05ms, max = 0.57ms, min = 0.00ms, total = 0.67ms
	PeriodicalRunner.RunFnPeriodically - 1 total (0 active), Execution time: mean = 0.02ms, total = 0.02ms, Queueing time: mean = 0.02ms, max = 0.02ms, min = 0.02ms, total = 0.02ms


[2025-11-28 15:38:45,080 I 672498 672498] (gcs_server) gcs_server.cc:944: pubsub_io_context Event stats:


Global stats: 51 total (6 active)
Queueing time: mean = 0.02ms, max = 0.77ms, min = 0.00ms, total = 1.27ms
Execution time:  mean = 1349.55ms, total = 68827.26ms
Event stats:
	event_loop_lag_probe - 14 total (0 active), Execution time: mean = 0.04ms, total = 0.50ms, Queueing time: mean = 0.06ms, max = 0.77ms, min = 0.00ms, total = 0.85ms
	InternalPubSubGcsService.grpc_server.GcsSubscriberPoll.HandleRequestImpl - 9 total (0 active), Execution time: mean = 0.03ms, total = 0.27ms, Queueing time: mean = 0.03ms, max = 0.12ms, min = 0.01ms, total = 0.25ms
	InternalPubSubGcsService.grpc_server.GcsSubscriberPoll - 9 total (5 active), Execution time: mean = 7647.18ms, total = 68824.62ms, Queueing time: mean = 0.00ms, max = -0.00ms, min = 9223372036854.78ms, total = 0.00ms
	InternalPubSubGcsService.grpc_server.GcsSubscriberCommandBatch.HandleRequestImpl - 8 total (0 active), Execution time: mean = 0.05ms, total = 0.44ms, Queueing time: mean = 0.02ms, max = 0.02ms, min = 0.01ms, total = 0.13ms
	InternalPubSubGcsService.grpc_server.GcsSubscriberCommandBatch - 8 total (0 active), Execution time: mean = 0.18ms, total = 1.41ms, Queueing time: mean = 0.00ms, max = -0.00ms, min = 9223372036854.78ms, total = 0.00ms
	RemoveSubscriberFrom - 1 total (0 active), Execution time: mean = 0.01ms, total = 0.01ms, Queueing time: mean = 0.02ms, max = 0.02ms, min = 0.02ms, total = 0.02ms
	Publisher.CheckDeadSubscribers - 1 total (1 active), Execution time: mean = 0.00ms, total = 0.00ms, Queueing time: mean = 0.00ms, max = -0.00ms, min = 9223372036854.78ms, total = 0.00ms
	PeriodicalRunner.RunFnPeriodically - 1 total (0 active), Execution time: mean = 0.01ms, total = 0.01ms, Queueing time: mean = 0.02ms, max = 0.02ms, min = 0.02ms, total = 0.02ms


[2025-11-28 15:38:45,080 I 672498 672498] (gcs_server) gcs_server.cc:944: ray_syncer_io_context Event stats:


Global stats: 24 total (0 active)
Queueing time: mean = 0.07ms, max = 1.29ms, min = 0.00ms, total = 1.57ms
Execution time:  mean = 0.04ms, total = 0.88ms
Event stats:
	event_loop_lag_probe - 14 total (0 active), Execution time: mean = 0.03ms, total = 0.41ms, Queueing time: mean = 0.10ms, max = 1.29ms, min = 0.00ms, total = 1.41ms
	RaySyncer.BroadcastMessage - 4 total (0 active), Execution time: mean = 0.01ms, total = 0.04ms, Queueing time: mean = 0.00ms, max = 0.00ms, min = 0.00ms, total = 0.00ms
	 - 4 total (0 active), Execution time: mean = 0.10ms, total = 0.42ms, Queueing time: mean = 0.02ms, max = 0.03ms, min = 0.01ms, total = 0.09ms
	RaySyncerRegister - 2 total (0 active), Execution time: mean = 0.00ms, total = 0.01ms, Queueing time: mean = 0.03ms, max = 0.04ms, min = 0.02ms, total = 0.06ms


[2025-11-28 15:38:45,080 I 672498 672498] (gcs_server) gcs_server.cc:944: ray_event_io_context Event stats:


Global stats: 14 total (0 active)
Queueing time: mean = 0.09ms, max = 1.12ms, min = 0.00ms, total = 1.21ms
Execution time:  mean = 0.02ms, total = 0.32ms
Event stats:
	event_loop_lag_probe - 14 total (0 active), Execution time: mean = 0.02ms, total = 0.32ms, Queueing time: mean = 0.09ms, max = 1.12ms, min = 0.00ms, total = 1.21ms


2025-11-28 15:38:46,473	INFO (monitor) autoscaler.py:147 -- The autoscaler took 0.0 seconds to fetch the list of non-terminated nodes.
2025-11-28 15:38:46,473	INFO (monitor) autoscaler.py:408 -- 
======== Autoscaler status: 2025-11-28 15:38:46.473283 ========
Node status
---------------------------------------------------------------
Active:
 1 node_fbb9841b3107256f006a4e24c5be7456a673f220f17e763ce1348e9e
Pending:
 (no pending nodes)
Recent failures:
 (no failures)

Resources
---------------------------------------------------------------
Total Usage:
 1.0/1.0 CPU
 0.0/1.0 GPU
 0B/349.75GiB memory
 0B/149.89GiB object_store_memory

From request_resources:
 (none)
Pending Demands:
 {'CPU': 1.0, 'GPU': 1.0} * 1 (STRICT_PACK): 1+ pending placement groups
2025-11-28 15:38:46,473	INFO (monitor) autoscaler.py:463 -- The autoscaler took 0.001 seconds to complete the update iteration.
[2025-11-28 15:38:47,968 I 672801 672824] (raylet) store.cc:572: Plasma store debug dump: 
Current usage: 0 / 160.946 GB
- num bytes created total: 24
0 pending objects of total size 0MB
- objects spillable: 0
- bytes spillable: 0
- objects unsealed: 0
- bytes unsealed: 0
- objects in use: 0
- bytes in use: 0
- objects evictable: 0
- bytes evictable: 0

- objects created by worker: 0
- bytes created by worker: 0
- objects restored: 0
- bytes restored: 0
- objects received: 0
- bytes received: 0
- objects errored: 0
- bytes errored: 0

[2025-11-28 15:38:48,992 I 672801 672801] (raylet) node_manager.cc:440: [state-dump] NodeManager:
[state-dump] Node ID: fbb9841b3107256f006a4e24c5be7456a673f220f17e763ce1348e9e
[state-dump] Node name: 10.102.35.9
[state-dump] InitialConfigResources: {accelerator_type:A100: 1, CPU: 1, memory: 3.75541e+11, GPU: 1, node:10.102.35.9: 1, object_store_memory: 1.60946e+11, node:__internal_head__: 1}
[state-dump] ClusterLeaseManager:
[state-dump] ========== Node: fbb9841b3107256f006a4e24c5be7456a673f220f17e763ce1348e9e =================
[state-dump] Infeasible queue length: 1
[state-dump] Schedule queue length: 0
[state-dump] Grant queue length: 0
[state-dump] num_waiting_for_resource: 0
[state-dump] num_waiting_for_plasma_memory: 0
[state-dump] num_waiting_for_remote_node_resources: 0
[state-dump] num_worker_not_started_by_job_config_not_exist: 0
[state-dump] num_worker_not_started_by_registration_timeout: 0
[state-dump] num_tasks_waiting_for_workers: 0
[state-dump] num_cancelled_leases: 0
[state-dump] cluster_resource_scheduler state: 
[state-dump] Local id: -6166997991266946165 Local resources: {"total":{GPU: [10000], node:10.102.35.9: [10000], CPU: [10000], node:__internal_head__: [10000], memory: [3755414892550000], object_store_memory: [1609463525370000], accelerator_type:A100: [10000]}}, "available": {GPU: [10000], node:10.102.35.9: [10000], CPU: [0], node:__internal_head__: [10000], memory: [3755414892550000], object_store_memory: [1609463525370000], accelerator_type:A100: [10000]}}, "labels":{"ray.io/node-id":"fbb9841b3107256f006a4e24c5be7456a673f220f17e763ce1348e9e","ray.io/accelerator-type":"A100",} is_draining: 0 is_idle: 0 Cluster resources (at most 20 nodes are shown): node id: -6166997991266946165{"total":{node:10.102.35.9: 10000, GPU: 10000, CPU: 10000, object_store_memory: 1609463525370000, memory: 3755414892550000, accelerator_type:A100: 10000, node:__internal_head__: 10000}}, "available": {object_store_memory: 1609463525370000, memory: 3755414892550000, accelerator_type:A100: 10000, GPU: 10000, node:10.102.35.9: 10000, node:__internal_head__: 10000}}, "labels":{"ray.io/node-id":"fbb9841b3107256f006a4e24c5be7456a673f220f17e763ce1348e9e","ray.io/accelerator-type":"A100",}, "is_draining": 0, "draining_deadline_timestamp_ms": -1} { "placement group locations": [], "node to bundles": []}
[state-dump] Waiting leases size: 0
[state-dump] Number of granted lease arguments: 0
[state-dump] Number of pinned lease arguments: 0
[state-dump] Number of total spilled leases: 0
[state-dump] Number of spilled waiting leases: 0
[state-dump] Number of spilled unschedulable leases: 0
[state-dump] Resource usage {
[state-dump]     - (language=PYTHON actor_or_taskTaskRunner.__init__ pid=673348 worker_id=3293f9baf9f0772a29df934ce9aa40562820dbe52583e5e641f030c5): {CPU: 1}
[state-dump] }
[state-dump] Backlog Size per scheduling descriptor :{workerId: num backlogs}:
[state-dump] 
[state-dump] Granted leases by scheduling class:
[state-dump] ==================================================
[state-dump] 
[state-dump] ClusterResources:
[state-dump] LocalObjectManager:
[state-dump] - num pinned objects: 0
[state-dump] - pinned objects size: 0
[state-dump] - num objects pending restore: 0
[state-dump] - num objects pending spill: 0
[state-dump] - num bytes pending spill: 0
[state-dump] - num bytes currently spilled: 0
[state-dump] - cumulative spill requests: 0
[state-dump] - cumulative restore requests: 0
[state-dump] - spilled objects pending delete: 0
[state-dump] 
[state-dump] ObjectManager:
[state-dump] - num local objects: 0
[state-dump] - num unfulfilled push requests: 0
[state-dump] - num object pull requests: 0
[state-dump] - num chunks received total: 0
[state-dump] - num chunks received failed (all): 0
[state-dump] - num chunks received failed / cancelled: 0
[state-dump] - num chunks received failed / plasma error: 0
[state-dump] Event stats:
[state-dump] Global stats: 0 total (0 active)
[state-dump] Queueing time: mean = -nanms, max = -0.00ms, min = 9223372036854.78ms, total = 0.00ms
[state-dump] Execution time:  mean = -nanms, total = 0.00ms
[state-dump] Event stats:
[state-dump] PushManager:
[state-dump] - num pushes remaining: 0
[state-dump] - num chunks in flight: 0
[state-dump] - num chunks remaining: 0
[state-dump] - max chunks allowed: 409
[state-dump] OwnershipBasedObjectDirectory:
[state-dump] - num listeners: 0
[state-dump] - cumulative location updates: 0
[state-dump] - num location updates per second: 0.000
[state-dump] - num location lookups per second: 0.000
[state-dump] - num locations added per second: 0.000
[state-dump] - num locations removed per second: 0.000
[state-dump] BufferPool:
[state-dump] - create buffer state map size: 0
[state-dump] PullManager:
[state-dump] - num bytes available for pulled objects: 160946352537
[state-dump] - num bytes being pulled (all): 0
[state-dump] - num bytes being pulled / pinned: 0
[state-dump] - get request bundles: BundlePullRequestQueue{0 total, 0 active, 0 inactive, 0 unpullable}
[state-dump] - wait request bundles: BundlePullRequestQueue{0 total, 0 active, 0 inactive, 0 unpullable}
[state-dump] - task request bundles: BundlePullRequestQueue{0 total, 0 active, 0 inactive, 0 unpullable}
[state-dump] - first get request bundle: N/A
[state-dump] - first wait request bundle: N/A
[state-dump] - first task request bundle: N/A
[state-dump] - num objects queued: 0
[state-dump] - num objects actively pulled (all): 0
[state-dump] - num objects actively pulled / pinned: 0
[state-dump] - num bundles being pulled: 0
[state-dump] - num pull retries: 0
[state-dump] - max timeout seconds: 0
[state-dump] - max timeout request is already processed. No entry.
[state-dump] 
[state-dump] WorkerPool:
[state-dump] - registered jobs: 1
[state-dump] - process_failed_job_config_missing: 0
[state-dump] - process_failed_rate_limited: 0
[state-dump] - process_failed_pending_registration: 0
[state-dump] - process_failed_runtime_env_setup_failed: 0
[state-dump] - num JAVA workers: 0
[state-dump] - num JAVA drivers: 0
[state-dump] - num JAVA pending start requests: 0
[state-dump] - num JAVA pending registration requests: 0
[state-dump] - num object spill callbacks queued: 0
[state-dump] - num object restore queued: 0
[state-dump] - num util functions queued: 0
[state-dump] - num PYTHON workers: 1
[state-dump] - num PYTHON drivers: 1
[state-dump] - num PYTHON pending start requests: 0
[state-dump] - num PYTHON pending registration requests: 0
[state-dump] - num object spill callbacks queued: 0
[state-dump] - num object restore queued: 0
[state-dump] - num util functions queued: 0
[state-dump] - num idle workers: 0
[state-dump] LeaseDependencyManager:
[state-dump] - lease deps map size: 0
[state-dump] - get req map size: 0
[state-dump] - wait req map size: 0
[state-dump] - local objects map size: 0
[state-dump] WaitManager:
[state-dump] - num active wait requests: 0
[state-dump] Subscriber:
[state-dump] Channel WORKER_OBJECT_EVICTION
[state-dump] - cumulative subscribe requests: 0
[state-dump] - cumulative unsubscribe requests: 0
[state-dump] - active subscribed publishers: 0
[state-dump] - cumulative published messages: 0
[state-dump] - cumulative processed messages: 0
[state-dump] Channel WORKER_OBJECT_LOCATIONS_CHANNEL
[state-dump] - cumulative subscribe requests: 0
[state-dump] - cumulative unsubscribe requests: 0
[state-dump] - active subscribed publishers: 0
[state-dump] - cumulative published messages: 0
[state-dump] - cumulative processed messages: 0
[state-dump] Channel WORKER_REF_REMOVED_CHANNEL
[state-dump] - cumulative subscribe requests: 0
[state-dump] - cumulative unsubscribe requests: 0
[state-dump] - active subscribed publishers: 0
[state-dump] - cumulative published messages: 0
[state-dump] - cumulative processed messages: 0
[state-dump] num async plasma notifications: 0
[state-dump] Event stats:
[state-dump] Global stats: 6013 total (18 active)
[state-dump] Queueing time: mean = 9.47ms, max = 24446.82ms, min = -0.00ms, total = 56915.61ms
[state-dump] Execution time:  mean = 7.39ms, total = 44423.70ms
[state-dump] Event stats:
[state-dump] 	RaySyncer.OnDemandBroadcasting - 1200 total (1 active), Execution time: mean = 0.00ms, total = 2.02ms, Queueing time: mean = 0.02ms, max = 6.31ms, min = -0.00ms, total = 24.77ms
[state-dump] 	NodeManager.CheckGC - 1200 total (1 active), Execution time: mean = 0.00ms, total = 0.84ms, Queueing time: mean = 0.02ms, max = 6.32ms, min = 0.00ms, total = 25.86ms
[state-dump] 	ObjectManager.UpdateAvailableMemory - 1200 total (0 active), Execution time: mean = 0.00ms, total = 0.74ms, Queueing time: mean = 0.01ms, max = 0.09ms, min = 0.00ms, total = 9.33ms
[state-dump] 	RayletWorkerPool.deadline_timer.kill_idle_workers - 600 total (1 active), Execution time: mean = 0.00ms, total = 1.47ms, Queueing time: mean = 0.02ms, max = 0.80ms, min = 0.01ms, total = 11.33ms
[state-dump] 	MemoryMonitor.CheckIsMemoryUsageAboveThreshold - 480 total (1 active), Execution time: mean = 0.42ms, total = 202.45ms, Queueing time: mean = 0.01ms, max = 0.03ms, min = 0.00ms, total = 6.99ms
[state-dump] 	NodeManagerService.grpc_server.ReportWorkerBacklog - 162 total (0 active), Execution time: mean = 0.20ms, total = 32.23ms, Queueing time: mean = 0.00ms, max = -0.00ms, min = 9223372036854.78ms, total = 0.00ms
[state-dump] 	NodeManagerService.grpc_server.ReportWorkerBacklog.HandleRequestImpl - 162 total (0 active), Execution time: mean = 0.03ms, total = 4.89ms, Queueing time: mean = 0.02ms, max = 0.12ms, min = 0.01ms, total = 2.60ms
[state-dump] 	NodeManager.ScheduleAndGrantLeases - 121 total (1 active), Execution time: mean = 0.00ms, total = 0.38ms, Queueing time: mean = 0.02ms, max = 0.07ms, min = 0.01ms, total = 1.84ms
[state-dump] 	NodeManager.CheckForUnexpectedWorkerDisconnects - 121 total (1 active), Execution time: mean = 0.01ms, total = 0.64ms, Queueing time: mean = 0.01ms, max = 0.07ms, min = -0.00ms, total = 1.57ms
[state-dump] 	NodeManager.deadline_timer.flush_free_objects - 120 total (1 active), Execution time: mean = 0.00ms, total = 0.13ms, Queueing time: mean = 0.08ms, max = 0.97ms, min = 0.01ms, total = 9.62ms
[state-dump] 	NodeManagerService.grpc_server.GetResourceLoad.HandleRequestImpl - 120 total (0 active), Execution time: mean = 0.07ms, total = 8.07ms, Queueing time: mean = 0.02ms, max = 0.02ms, min = 0.01ms, total = 1.83ms
[state-dump] 	NodeManagerService.grpc_server.GetResourceLoad - 120 total (0 active), Execution time: mean = 0.36ms, total = 43.70ms, Queueing time: mean = 0.00ms, max = -0.00ms, min = 9223372036854.78ms, total = 0.00ms
[state-dump] 	NodeManager.deadline_timer.spill_objects_when_over_threshold - 120 total (1 active), Execution time: mean = 0.00ms, total = 0.11ms, Queueing time: mean = 0.08ms, max = 0.97ms, min = 0.01ms, total = 9.64ms
[state-dump] 	ClusterResourceManager.ResetRemoteNodeView - 41 total (1 active), Execution time: mean = 0.00ms, total = 0.10ms, Queueing time: mean = 0.02ms, max = 0.03ms, min = 0.01ms, total = 0.68ms
[state-dump] 	ReporterService.grpc_client.HealthCheck - 31 total (0 active), Execution time: mean = 0.16ms, total = 4.89ms, Queueing time: mean = 0.00ms, max = -0.00ms, min = 9223372036854.78ms, total = 0.00ms
[state-dump] 	ReporterService.grpc_client.HealthCheck.OnReplyReceived - 31 total (0 active), Execution time: mean = 0.03ms, total = 0.86ms, Queueing time: mean = 0.02ms, max = 0.24ms, min = 0.00ms, total = 0.54ms
[state-dump] 	MetricsAgentClient.WaitForServerReadyWithRetry - 30 total (0 active), Execution time: mean = 0.09ms, total = 2.76ms, Queueing time: mean = 1000.01ms, max = 1000.02ms, min = 1000.01ms, total = 30000.42ms
[state-dump] 	NodeManager.deadline_timer.record_metrics - 24 total (1 active), Execution time: mean = 0.11ms, total = 2.76ms, Queueing time: mean = 0.29ms, max = 0.86ms, min = 0.01ms, total = 6.92ms
[state-dump] 	ClientConnection.async_read.ProcessMessageHeader - 14 total (2 active), Execution time: mean = 0.00ms, total = 0.06ms, Queueing time: mean = 1908.23ms, max = 24446.82ms, min = 0.03ms, total = 26715.22ms
[state-dump] 	event_loop_lag_probe - 14 total (0 active), Execution time: mean = 0.03ms, total = 0.38ms, Queueing time: mean = 0.88ms, max = 12.24ms, min = 0.00ms, total = 12.28ms
[state-dump] 	PeriodicalRunner.RunFnPeriodically - 14 total (0 active), Execution time: mean = 0.20ms, total = 2.78ms, Queueing time: mean = 5.10ms, max = 15.84ms, min = 0.04ms, total = 71.38ms
[state-dump] 	NodeManager.deadline_timer.debug_state_dump - 12 total (1 active), Execution time: mean = 0.78ms, total = 9.40ms, Queueing time: mean = 0.01ms, max = 0.02ms, min = 0.01ms, total = 0.14ms
[state-dump] 	ClientConnection.async_read.ProcessMessage - 12 total (0 active), Execution time: mean = 0.64ms, total = 7.69ms, Queueing time: mean = 0.01ms, max = 0.02ms, min = 0.00ms, total = 0.07ms
[state-dump] 	ClientConnection.async_write.DoAsyncWrites - 4 total (0 active), Execution time: mean = 0.00ms, total = 0.00ms, Queueing time: mean = 0.06ms, max = 0.17ms, min = 0.02ms, total = 0.25ms
[state-dump] 	 - 4 total (0 active), Execution time: mean = 0.00ms, total = 0.00ms, Queueing time: mean = 0.01ms, max = 0.02ms, min = 0.01ms, total = 0.06ms
[state-dump] 	RaySyncer.BroadcastMessage - 4 total (0 active), Execution time: mean = 0.14ms, total = 0.55ms, Queueing time: mean = 0.00ms, max = 0.00ms, min = 0.00ms, total = 0.00ms
[state-dump] 	NodeManagerService.grpc_server.GetSystemConfig - 3 total (0 active), Execution time: mean = 0.33ms, total = 1.00ms, Queueing time: mean = 0.00ms, max = -0.00ms, min = 9223372036854.78ms, total = 0.00ms
[state-dump] 	ray::rpc::InternalPubSubGcsService.grpc_client.GcsSubscriberPoll - 3 total (1 active), Execution time: mean = 13680.88ms, total = 41042.65ms, Queueing time: mean = 0.00ms, max = -0.00ms, min = 9223372036854.78ms, total = 0.00ms
[state-dump] 	ObjectManager.ObjectDeleted - 3 total (0 active), Execution time: mean = 0.01ms, total = 0.03ms, Queueing time: mean = 0.02ms, max = 0.02ms, min = 0.02ms, total = 0.06ms
[state-dump] 	NodeManagerService.grpc_server.GetSystemConfig.HandleRequestImpl - 3 total (0 active), Execution time: mean = 0.05ms, total = 0.14ms, Queueing time: mean = 0.01ms, max = 0.02ms, min = 0.01ms, total = 0.04ms
[state-dump] 	ObjectManager.ObjectAdded - 3 total (0 active), Execution time: mean = 0.01ms, total = 0.03ms, Queueing time: mean = 0.01ms, max = 0.01ms, min = 0.01ms, total = 0.03ms
[state-dump] 	ray::rpc::InternalPubSubGcsService.grpc_client.GcsSubscriberPoll.OnReplyReceived - 2 total (0 active), Execution time: mean = 0.08ms, total = 0.17ms, Queueing time: mean = 0.02ms, max = 0.04ms, min = 0.01ms, total = 0.05ms
[state-dump] 	ray::rpc::InternalPubSubGcsService.grpc_client.GcsSubscriberCommandBatch.OnReplyReceived - 2 total (0 active), Execution time: mean = 0.10ms, total = 0.19ms, Queueing time: mean = 0.57ms, max = 0.97ms, min = 0.16ms, total = 1.13ms
[state-dump] 	ray::rpc::NodeInfoGcsService.grpc_client.CheckAlive - 2 total (0 active), Execution time: mean = 0.81ms, total = 1.61ms, Queueing time: mean = 0.00ms, max = -0.00ms, min = 9223372036854.78ms, total = 0.00ms
[state-dump] 	NodeManagerService.grpc_server.RequestWorkerLease.HandleRequestImpl - 2 total (0 active), Execution time: mean = 0.09ms, total = 0.18ms, Queueing time: mean = 0.01ms, max = 0.02ms, min = 0.01ms, total = 0.03ms
[state-dump] 	ray::rpc::InternalPubSubGcsService.grpc_client.GcsSubscriberCommandBatch - 2 total (0 active), Execution time: mean = 0.88ms, total = 1.76ms, Queueing time: mean = 0.00ms, max = -0.00ms, min = 9223372036854.78ms, total = 0.00ms
[state-dump] 	ray::rpc::NodeInfoGcsService.grpc_client.CheckAlive.OnReplyReceived - 2 total (0 active), Execution time: mean = 0.02ms, total = 0.04ms, Queueing time: mean = 0.02ms, max = 0.03ms, min = 0.01ms, total = 0.04ms
[state-dump] 	NodeManager.deadline_timer.print_event_loop_stats - 2 total (1 active, 1 running), Execution time: mean = 0.44ms, total = 0.88ms, Queueing time: mean = 0.00ms, max = 0.01ms, min = 0.01ms, total = 0.01ms
[state-dump] 	NodeManagerService.grpc_server.RequestWorkerLease - 2 total (1 active), Execution time: mean = 1004.34ms, total = 2008.67ms, Queueing time: mean = 0.00ms, max = -0.00ms, min = 9223372036854.78ms, total = 0.00ms
[state-dump] 	RaySyncerRegister - 2 total (0 active), Execution time: mean = 0.00ms, total = 0.00ms, Queueing time: mean = 0.00ms, max = 0.00ms, min = 0.00ms, total = 0.00ms
[state-dump] 	NodeManager.GcsCheckAlive - 2 total (1 active), Execution time: mean = 0.08ms, total = 0.17ms, Queueing time: mean = 0.32ms, max = 0.64ms, min = 0.64ms, total = 0.64ms
[state-dump] 	ray::rpc::NodeInfoGcsService.grpc_client.GetAllNodeAddressAndLiveness.OnReplyReceived - 1 total (0 active), Execution time: mean = 0.15ms, total = 0.15ms, Queueing time: mean = 0.01ms, max = 0.01ms, min = 0.01ms, total = 0.01ms
[state-dump] 	ray::rpc::WorkerInfoGcsService.grpc_client.ReportWorkerFailure - 1 total (0 active), Execution time: mean = 2.04ms, total = 2.04ms, Queueing time: mean = 0.00ms, max = -0.00ms, min = 9223372036854.78ms, total = 0.00ms
[state-dump] 	ray::rpc::NodeInfoGcsService.grpc_client.RegisterNode.OnReplyReceived - 1 total (0 active), Execution time: mean = 0.36ms, total = 0.36ms, Queueing time: mean = 0.01ms, max = 0.01ms, min = 0.01ms, total = 0.01ms
[state-dump] 	ray::rpc::WorkerInfoGcsService.grpc_client.ReportWorkerFailure.OnReplyReceived - 1 total (0 active), Execution time: mean = 0.02ms, total = 0.02ms, Queueing time: mean = 0.02ms, max = 0.02ms, min = 0.02ms, total = 0.02ms
[state-dump] 	ray::rpc::JobInfoGcsService.grpc_client.AddJob - 1 total (0 active), Execution time: mean = 1.76ms, total = 1.76ms, Queueing time: mean = 0.00ms, max = -0.00ms, min = 9223372036854.78ms, total = 0.00ms
[state-dump] 	ray::rpc::InternalKVGcsService.grpc_client.GetInternalConfig.OnReplyReceived - 1 total (0 active), Execution time: mean = 1023.30ms, total = 1023.30ms, Queueing time: mean = 0.01ms, max = 0.01ms, min = 0.01ms, total = 0.01ms
[state-dump] 	ray::rpc::JobInfoGcsService.grpc_client.AddJob.OnReplyReceived - 1 total (0 active), Execution time: mean = 0.05ms, total = 0.05ms, Queueing time: mean = 0.02ms, max = 0.02ms, min = 0.02ms, total = 0.02ms
[state-dump] 	ray::rpc::InternalKVGcsService.grpc_client.GetInternalConfig - 1 total (0 active), Execution time: mean = 1.11ms, total = 1.11ms, Queueing time: mean = 0.00ms, max = -0.00ms, min = 9223372036854.78ms, total = 0.00ms
[state-dump] 	ray::rpc::NodeInfoGcsService.grpc_client.GetAllNodeAddressAndLiveness - 1 total (0 active), Execution time: mean = 0.72ms, total = 0.72ms, Queueing time: mean = 0.00ms, max = -0.00ms, min = 9223372036854.78ms, total = 0.00ms
[state-dump] 	Subscriber.HandlePublishedMessage_GCS_WORKER_DELTA_CHANNEL - 1 total (0 active), Execution time: mean = 0.00ms, total = 0.00ms, Queueing time: mean = 0.06ms, max = 0.06ms, min = 0.06ms, total = 0.06ms
[state-dump] 	NodeManager.GCTaskFailureReason - 1 total (1 active), Execution time: mean = 0.00ms, total = 0.00ms, Queueing time: mean = 0.00ms, max = -0.00ms, min = 9223372036854.78ms, total = 0.00ms
[state-dump] 	ray::rpc::NodeInfoGcsService.grpc_client.RegisterNode - 1 total (0 active), Execution time: mean = 1.83ms, total = 1.83ms, Queueing time: mean = 0.00ms, max = -0.00ms, min = 9223372036854.78ms, total = 0.00ms
[state-dump] 	Subscriber.HandlePublishedMessage_GCS_JOB_CHANNEL - 1 total (0 active), Execution time: mean = 0.02ms, total = 0.02ms, Queueing time: mean = 0.11ms, max = 0.11ms, min = 0.11ms, total = 0.11ms
[state-dump] 	ray::rpc::JobInfoGcsService.grpc_client.GetAllJobInfo - 1 total (0 active), Execution time: mean = 0.70ms, total = 0.70ms, Queueing time: mean = 0.00ms, max = -0.00ms, min = 9223372036854.78ms, total = 0.00ms
[state-dump] 	CoreWorkerService.grpc_client.Exit.OnReplyReceived - 1 total (0 active), Execution time: mean = 0.02ms, total = 0.02ms, Queueing time: mean = 0.01ms, max = 0.01ms, min = 0.01ms, total = 0.01ms
[state-dump] 	ray::rpc::JobInfoGcsService.grpc_client.GetAllJobInfo.OnReplyReceived - 1 total (0 active), Execution time: mean = 0.01ms, total = 0.01ms, Queueing time: mean = 0.01ms, max = 0.01ms, min = 0.01ms, total = 0.01ms
[state-dump] 	CoreWorkerService.grpc_client.Exit - 1 total (0 active), Execution time: mean = 4.20ms, total = 4.20ms, Queueing time: mean = 0.00ms, max = -0.00ms, min = 9223372036854.78ms, total = 0.00ms
[state-dump] DebugString() time ms: 0
[state-dump] 
[state-dump] 
2025-11-28 15:38:51,476	INFO (monitor) autoscaler.py:147 -- The autoscaler took 0.0 seconds to fetch the list of non-terminated nodes.
2025-11-28 15:38:51,476	INFO (monitor) autoscaler.py:408 -- 
======== Autoscaler status: 2025-11-28 15:38:51.476483 ========
Node status
---------------------------------------------------------------
Active:
 1 node_fbb9841b3107256f006a4e24c5be7456a673f220f17e763ce1348e9e
Pending:
 (no pending nodes)
Recent failures:
 (no failures)

Resources
---------------------------------------------------------------
Total Usage:
 1.0/1.0 CPU
 0.0/1.0 GPU
 0B/349.75GiB memory
 0B/149.89GiB object_store_memory

From request_resources:
 (none)
Pending Demands:
 {'CPU': 1.0, 'GPU': 1.0} * 1 (STRICT_PACK): 1+ pending placement groups
2025-11-28 15:38:51,477	INFO (monitor) autoscaler.py:463 -- The autoscaler took 0.001 seconds to complete the update iteration.
2025-11-28 15:38:56,479	INFO (monitor) autoscaler.py:147 -- The autoscaler took 0.0 seconds to fetch the list of non-terminated nodes.
2025-11-28 15:38:56,480	INFO (monitor) autoscaler.py:408 -- 
======== Autoscaler status: 2025-11-28 15:38:56.480037 ========
Node status
---------------------------------------------------------------
Active:
 1 node_fbb9841b3107256f006a4e24c5be7456a673f220f17e763ce1348e9e
Pending:
 (no pending nodes)
Recent failures:
 (no failures)

Resources
---------------------------------------------------------------
Total Usage:
 1.0/1.0 CPU
 0.0/1.0 GPU
 0B/349.75GiB memory
 0B/149.89GiB object_store_memory

From request_resources:
 (none)
Pending Demands:
 {'CPU': 1.0, 'GPU': 1.0} * 1 (STRICT_PACK): 1+ pending placement groups
2025-11-28 15:38:56,480	INFO (monitor) autoscaler.py:463 -- The autoscaler took 0.001 seconds to complete the update iteration.
2025-11-28 15:39:01,483	INFO (monitor) autoscaler.py:147 -- The autoscaler took 0.0 seconds to fetch the list of non-terminated nodes.
2025-11-28 15:39:01,483	INFO (monitor) autoscaler.py:408 -- 
======== Autoscaler status: 2025-11-28 15:39:01.483622 ========
Node status
---------------------------------------------------------------
Active:
 1 node_fbb9841b3107256f006a4e24c5be7456a673f220f17e763ce1348e9e
Pending:
 (no pending nodes)
Recent failures:
 (no failures)

Resources
---------------------------------------------------------------
Total Usage:
 1.0/1.0 CPU
 0.0/1.0 GPU
 0B/349.75GiB memory
 0B/149.89GiB object_store_memory

From request_resources:
 (none)
Pending Demands:
 {'CPU': 1.0, 'GPU': 1.0} * 1 (STRICT_PACK): 1+ pending placement groups
2025-11-28 15:39:01,484	INFO (monitor) autoscaler.py:463 -- The autoscaler took 0.001 seconds to complete the update iteration.
2025-11-28 15:39:06,486	INFO (monitor) autoscaler.py:147 -- The autoscaler took 0.0 seconds to fetch the list of non-terminated nodes.
2025-11-28 15:39:06,487	INFO (monitor) autoscaler.py:408 -- 
======== Autoscaler status: 2025-11-28 15:39:06.487036 ========
Node status
---------------------------------------------------------------
Active:
 1 node_fbb9841b3107256f006a4e24c5be7456a673f220f17e763ce1348e9e
Pending:
 (no pending nodes)
Recent failures:
 (no failures)

Resources
---------------------------------------------------------------
Total Usage:
 1.0/1.0 CPU
 0.0/1.0 GPU
 0B/349.75GiB memory
 0B/149.89GiB object_store_memory

From request_resources:
 (none)
Pending Demands:
 {'CPU': 1.0, 'GPU': 1.0} * 1 (STRICT_PACK): 1+ pending placement groups
2025-11-28 15:39:06,487	INFO (monitor) autoscaler.py:463 -- The autoscaler took 0.001 seconds to complete the update iteration.
2025-11-28 15:39:11,490	INFO (monitor) autoscaler.py:147 -- The autoscaler took 0.0 seconds to fetch the list of non-terminated nodes.
2025-11-28 15:39:11,490	INFO (monitor) autoscaler.py:408 -- 
======== Autoscaler status: 2025-11-28 15:39:11.490500 ========
Node status
---------------------------------------------------------------
Active:
 1 node_fbb9841b3107256f006a4e24c5be7456a673f220f17e763ce1348e9e
Pending:
 (no pending nodes)
Recent failures:
 (no failures)

Resources
---------------------------------------------------------------
Total Usage:
 1.0/1.0 CPU
 0.0/1.0 GPU
 0B/349.75GiB memory
 0B/149.89GiB object_store_memory

From request_resources:
 (none)
Pending Demands:
 {'CPU': 1.0, 'GPU': 1.0} * 1 (STRICT_PACK): 1+ pending placement groups
2025-11-28 15:39:11,491	INFO (monitor) autoscaler.py:463 -- The autoscaler took 0.001 seconds to complete the update iteration.
2025-11-28 15:39:16,493	INFO (monitor) autoscaler.py:147 -- The autoscaler took 0.0 seconds to fetch the list of non-terminated nodes.
2025-11-28 15:39:16,494	INFO (monitor) autoscaler.py:408 -- 
======== Autoscaler status: 2025-11-28 15:39:16.493986 ========
Node status
---------------------------------------------------------------
Active:
 1 node_fbb9841b3107256f006a4e24c5be7456a673f220f17e763ce1348e9e
Pending:
 (no pending nodes)
Recent failures:
 (no failures)

Resources
---------------------------------------------------------------
Total Usage:
 1.0/1.0 CPU
 0.0/1.0 GPU
 0B/349.75GiB memory
 0B/149.89GiB object_store_memory

From request_resources:
 (none)
Pending Demands:
 {'CPU': 1.0, 'GPU': 1.0} * 1 (STRICT_PACK): 1+ pending placement groups
2025-11-28 15:39:16,494	INFO (monitor) autoscaler.py:463 -- The autoscaler took 0.001 seconds to complete the update iteration.
2025-11-28 15:39:21,497	INFO (monitor) autoscaler.py:147 -- The autoscaler took 0.0 seconds to fetch the list of non-terminated nodes.
2025-11-28 15:39:21,497	INFO (monitor) autoscaler.py:408 -- 
======== Autoscaler status: 2025-11-28 15:39:21.497476 ========
Node status
---------------------------------------------------------------
Active:
 1 node_fbb9841b3107256f006a4e24c5be7456a673f220f17e763ce1348e9e
Pending:
 (no pending nodes)
Recent failures:
 (no failures)

Resources
---------------------------------------------------------------
Total Usage:
 1.0/1.0 CPU
 0.0/1.0 GPU
 0B/349.75GiB memory
 0B/149.89GiB object_store_memory

From request_resources:
 (none)
Pending Demands:
 {'CPU': 1.0, 'GPU': 1.0} * 1 (STRICT_PACK): 1+ pending placement groups
2025-11-28 15:39:21,498	INFO (monitor) autoscaler.py:463 -- The autoscaler took 0.001 seconds to complete the update iteration.
2025-11-28 15:39:26,500	INFO (monitor) autoscaler.py:147 -- The autoscaler took 0.0 seconds to fetch the list of non-terminated nodes.
2025-11-28 15:39:26,500	INFO (monitor) autoscaler.py:408 -- 
======== Autoscaler status: 2025-11-28 15:39:26.500648 ========
Node status
---------------------------------------------------------------
Active:
 1 node_fbb9841b3107256f006a4e24c5be7456a673f220f17e763ce1348e9e
Pending:
 (no pending nodes)
Recent failures:
 (no failures)

Resources
---------------------------------------------------------------
Total Usage:
 1.0/1.0 CPU
 0.0/1.0 GPU
 0B/349.75GiB memory
 0B/149.89GiB object_store_memory

From request_resources:
 (none)
Pending Demands:
 {'CPU': 1.0, 'GPU': 1.0} * 1 (STRICT_PACK): 1+ pending placement groups
2025-11-28 15:39:26,501	INFO (monitor) autoscaler.py:463 -- The autoscaler took 0.001 seconds to complete the update iteration.
[2025-11-28 15:39:28,839 I 672950 673266] (python-core-driver-01000000ffffffffffffffffffffffffffffffffffffffffffffffff) core_worker.cc:455: Event stats:


Global stats: 1720 total (9 active)
Queueing time: mean = 17.46ms, max = 1000.04ms, min = -0.00ms, total = 30024.17ms
Execution time:  mean = 30.88ms, total = 53116.74ms
Event stats:
	CoreWorker.RecoverObjects - 1200 total (1 active), Execution time: mean = 0.00ms, total = 3.28ms, Queueing time: mean = 0.01ms, max = 0.45ms, min = -0.00ms, total = 17.97ms
	CoreWorker.InternalHeartbeat - 120 total (1 active), Execution time: mean = 0.10ms, total = 11.96ms, Queueing time: mean = 0.01ms, max = 0.03ms, min = 0.01ms, total = 1.65ms
	NodeManagerService.grpc_client.ReportWorkerBacklog.OnReplyReceived - 120 total (0 active), Execution time: mean = 0.01ms, total = 1.59ms, Queueing time: mean = 0.01ms, max = 0.02ms, min = 0.01ms, total = 1.31ms
	NodeManagerService.grpc_client.ReportWorkerBacklog - 120 total (0 active), Execution time: mean = 0.48ms, total = 57.99ms, Queueing time: mean = 0.00ms, max = -0.00ms, min = 9223372036854.78ms, total = 0.00ms
	ReporterService.grpc_client.HealthCheck.OnReplyReceived - 31 total (0 active), Execution time: mean = 0.01ms, total = 0.44ms, Queueing time: mean = 0.01ms, max = 0.01ms, min = 0.00ms, total = 0.19ms
	ReporterService.grpc_client.HealthCheck - 31 total (0 active), Execution time: mean = 0.08ms, total = 2.61ms, Queueing time: mean = 0.00ms, max = -0.00ms, min = 9223372036854.78ms, total = 0.00ms
	MetricsAgentClient.WaitForServerReadyWithRetry - 30 total (0 active), Execution time: mean = 0.06ms, total = 1.91ms, Queueing time: mean = 1000.01ms, max = 1000.04ms, min = 1000.01ms, total = 30000.33ms
	CoreWorker.RecordMetrics - 24 total (1 active), Execution time: mean = 0.07ms, total = 1.59ms, Queueing time: mean = 0.01ms, max = 0.02ms, min = 0.01ms, total = 0.29ms
	CoreWorker.TryDelPendingObjectRefStreams - 12 total (1 active), Execution time: mean = 0.00ms, total = 0.03ms, Queueing time: mean = 0.01ms, max = 0.02ms, min = 0.01ms, total = 0.14ms
	PeriodicalRunner.RunFnPeriodically - 6 total (0 active), Execution time: mean = 0.10ms, total = 0.63ms, Queueing time: mean = 0.27ms, max = 0.59ms, min = 0.01ms, total = 1.60ms
	ray::rpc::InternalPubSubGcsService.grpc_client.GcsSubscriberCommandBatch.OnReplyReceived - 2 total (0 active), Execution time: mean = 0.12ms, total = 0.24ms, Queueing time: mean = 0.01ms, max = 0.01ms, min = 0.01ms, total = 0.02ms
	ray::rpc::InternalPubSubGcsService.grpc_client.GcsSubscriberPoll - 2 total (1 active), Execution time: mean = 13284.78ms, total = 26569.57ms, Queueing time: mean = 0.00ms, max = -0.00ms, min = 9223372036854.78ms, total = 0.00ms
	CoreWorker.PrintEventStats - 2 total (1 active, 1 running), Execution time: mean = 0.19ms, total = 0.38ms, Queueing time: mean = 0.01ms, max = 0.02ms, min = 0.02ms, total = 0.02ms
	ray::rpc::InternalPubSubGcsService.grpc_client.GcsSubscriberCommandBatch - 2 total (0 active), Execution time: mean = 0.34ms, total = 0.67ms, Queueing time: mean = 0.00ms, max = -0.00ms, min = 9223372036854.78ms, total = 0.00ms
	CoreWorkerService.grpc_server.WaitForActorRefDeleted - 1 total (1 active), Execution time: mean = 0.00ms, total = 0.00ms, Queueing time: mean = 0.00ms, max = -0.00ms, min = 9223372036854.78ms, total = 0.00ms
	ray::rpc::ActorInfoGcsService.grpc_client.RegisterActor.OnReplyReceived - 1 total (0 active), Execution time: mean = 0.14ms, total = 0.14ms, Queueing time: mean = 0.01ms, max = 0.01ms, min = 0.01ms, total = 0.01ms
	ray::rpc::ActorInfoGcsService.grpc_client.GetActorInfo - 1 total (0 active), Execution time: mean = 0.33ms, total = 0.33ms, Queueing time: mean = 0.00ms, max = -0.00ms, min = 9223372036854.78ms, total = 0.00ms
	ray::rpc::ActorInfoGcsService.grpc_client.CreateActor - 1 total (0 active), Execution time: mean = 26458.78ms, total = 26458.78ms, Queueing time: mean = 0.00ms, max = -0.00ms, min = 9223372036854.78ms, total = 0.00ms
	Publisher.CheckDeadSubscribers - 1 total (1 active), Execution time: mean = 0.00ms, total = 0.00ms, Queueing time: mean = 0.00ms, max = -0.00ms, min = 9223372036854.78ms, total = 0.00ms
	ActorTaskSubmitter::SubmitTask - 1 total (0 active), Execution time: mean = 0.01ms, total = 0.01ms, Queueing time: mean = 0.01ms, max = 0.01ms, min = 0.01ms, total = 0.01ms
	ray::rpc::NodeInfoGcsService.grpc_client.GetAllNodeAddressAndLiveness - 1 total (0 active), Execution time: mean = 0.33ms, total = 0.33ms, Queueing time: mean = 0.00ms, max = -0.00ms, min = 9223372036854.78ms, total = 0.00ms
	ActorCreator.AsyncRegisterActor - 1 total (0 active), Execution time: mean = 0.39ms, total = 0.39ms, Queueing time: mean = 0.01ms, max = 0.01ms, min = 0.01ms, total = 0.01ms
	ray::rpc::WorkerInfoGcsService.grpc_client.AddWorkerInfo - 1 total (0 active), Execution time: mean = 0.47ms, total = 0.47ms, Queueing time: mean = 0.00ms, max = -0.00ms, min = 9223372036854.78ms, total = 0.00ms
	ray::rpc::ActorInfoGcsService.grpc_client.RegisterActor - 1 total (0 active), Execution time: mean = 1.04ms, total = 1.04ms, Queueing time: mean = 0.00ms, max = -0.00ms, min = 9223372036854.78ms, total = 0.00ms
	CoreWorkerService.grpc_client.PushTask - 1 total (1 active), Execution time: mean = 0.00ms, total = 0.00ms, Queueing time: mean = 0.00ms, max = -0.00ms, min = 9223372036854.78ms, total = 0.00ms
	ray::rpc::ActorInfoGcsService.grpc_client.CreateActor.OnReplyReceived - 1 total (0 active), Execution time: mean = 0.19ms, total = 0.19ms, Queueing time: mean = 0.01ms, max = 0.01ms, min = 0.01ms, total = 0.01ms
	ray::rpc::NodeInfoGcsService.grpc_client.GetAllNodeAddressAndLiveness.OnReplyReceived - 1 total (0 active), Execution time: mean = 0.04ms, total = 0.04ms, Queueing time: mean = 0.45ms, max = 0.45ms, min = 0.45ms, total = 0.45ms
	Subscriber.HandlePublishedMessage_GCS_ACTOR_CHANNEL - 1 total (0 active), Execution time: mean = 1.10ms, total = 1.10ms, Queueing time: mean = 0.11ms, max = 0.11ms, min = 0.11ms, total = 0.11ms
	ray::rpc::WorkerInfoGcsService.grpc_client.AddWorkerInfo.OnReplyReceived - 1 total (0 active), Execution time: mean = 0.03ms, total = 0.03ms, Queueing time: mean = 0.01ms, max = 0.01ms, min = 0.01ms, total = 0.01ms
	CoreWorkerService.grpc_server.WaitForActorRefDeleted.HandleRequestImpl - 1 total (0 active), Execution time: mean = 0.04ms, total = 0.04ms, Queueing time: mean = 0.01ms, max = 0.01ms, min = 0.01ms, total = 0.01ms
	ray::rpc::ActorInfoGcsService.grpc_client.GetActorInfo.OnReplyReceived - 1 total (0 active), Execution time: mean = 0.66ms, total = 0.66ms, Queueing time: mean = 0.01ms, max = 0.01ms, min = 0.01ms, total = 0.01ms
	ray::rpc::InternalPubSubGcsService.grpc_client.GcsSubscriberPoll.OnReplyReceived - 1 total (0 active), Execution time: mean = 0.29ms, total = 0.29ms, Queueing time: mean = 0.02ms, max = 0.02ms, min = 0.02ms, total = 0.02ms

-----------------
Task execution event stats:

Global stats: 0 total (0 active)
Queueing time: mean = -nanms, max = -0.00ms, min = 9223372036854.78ms, total = 0.00ms
Execution time:  mean = -nanms, total = 0.00ms
Event stats:

-----------------
Task Event stats:

IO Service Stats:

Global stats: 361 total (1 active)
Queueing time: mean = 0.01ms, max = 0.03ms, min = 0.01ms, total = 3.45ms
Execution time:  mean = 0.19ms, total = 67.45ms
Event stats:
	CoreWorker.deadline_timer.flush_task_events - 120 total (1 active), Execution time: mean = 0.12ms, total = 14.55ms, Queueing time: mean = 0.02ms, max = 0.03ms, min = 0.01ms, total = 1.94ms
	ray::rpc::TaskInfoGcsService.grpc_client.AddTaskEventData.OnReplyReceived - 120 total (0 active), Execution time: mean = 0.02ms, total = 1.99ms, Queueing time: mean = 0.01ms, max = 0.03ms, min = 0.01ms, total = 1.50ms
	ray::rpc::TaskInfoGcsService.grpc_client.AddTaskEventData - 120 total (0 active), Execution time: mean = 0.42ms, total = 50.55ms, Queueing time: mean = 0.00ms, max = -0.00ms, min = 9223372036854.78ms, total = 0.00ms
	PeriodicalRunner.RunFnPeriodically - 1 total (0 active), Execution time: mean = 0.37ms, total = 0.37ms, Queueing time: mean = 0.01ms, max = 0.01ms, min = 0.01ms, total = 0.01ms
Other Stats:
	gcs_grpc_in_progress:0
	event_aggregator_grpc_in_progress:0
	current number of task status events in buffer: 0
	current number of profile events in buffer: 0
	current number of dropped task attempts tracked: 0
	total task events sent: 0.00124359 MiB
	total number of task attempts sent: 5
	total number of task attempts dropped reported: 0
	total number of sent failure: 0
	num status task events dropped: 0
	num profile task events dropped: 0
	num ray task events reported to aggregator: 0
	num ray task events failed to report to aggregator: 0
	num of task attempts dropped reported to aggregator: 0
	num of failed requests to aggregator: 0

[2025-11-28 15:39:30,958 I 673348 673427] (python-core-worker-3293f9baf9f0772a29df934ce9aa40562820dbe52583e5e641f030c5) core_worker.cc:455: Event stats:


Global stats: 1833 total (10 active)
Queueing time: mean = 16.39ms, max = 1000.44ms, min = -0.01ms, total = 30035.95ms
Execution time:  mean = 13.40ms, total = 24560.48ms
Event stats:
	CoreWorker.RecoverObjects - 1200 total (1 active), Execution time: mean = 0.00ms, total = 3.55ms, Queueing time: mean = 0.02ms, max = 1.00ms, min = -0.01ms, total = 22.88ms
	NodeManagerService.grpc_client.ReportWorkerBacklog.OnReplyReceived - 120 total (0 active), Execution time: mean = 0.02ms, total = 2.85ms, Queueing time: mean = 0.02ms, max = 0.07ms, min = 0.00ms, total = 1.91ms
	CoreWorker.ExitIfParentRayletDies - 120 total (1 active), Execution time: mean = 0.01ms, total = 0.79ms, Queueing time: mean = 0.02ms, max = 0.07ms, min = 0.01ms, total = 2.08ms
	CoreWorker.InternalHeartbeat - 120 total (1 active), Execution time: mean = 0.18ms, total = 21.04ms, Queueing time: mean = 0.02ms, max = 0.82ms, min = 0.01ms, total = 2.38ms
	NodeManagerService.grpc_client.ReportWorkerBacklog - 120 total (0 active), Execution time: mean = 0.56ms, total = 67.73ms, Queueing time: mean = 0.00ms, max = -0.00ms, min = 9223372036854.78ms, total = 0.00ms
	ReporterService.grpc_client.HealthCheck.OnReplyReceived - 31 total (0 active), Execution time: mean = 0.03ms, total = 1.02ms, Queueing time: mean = 0.02ms, max = 0.08ms, min = 0.01ms, total = 0.60ms
	ReporterService.grpc_client.HealthCheck - 31 total (0 active), Execution time: mean = 0.16ms, total = 5.00ms, Queueing time: mean = 0.00ms, max = -0.00ms, min = 9223372036854.78ms, total = 0.00ms
	MetricsAgentClient.WaitForServerReadyWithRetry - 30 total (0 active), Execution time: mean = 0.11ms, total = 3.16ms, Queueing time: mean = 1000.05ms, max = 1000.44ms, min = 1000.01ms, total = 30001.61ms
	CoreWorker.RecordMetrics - 24 total (1 active), Execution time: mean = 0.11ms, total = 2.68ms, Queueing time: mean = 0.01ms, max = 0.02ms, min = 0.01ms, total = 0.25ms
	CoreWorker.TryDelPendingObjectRefStreams - 12 total (1 active), Execution time: mean = 0.00ms, total = 0.04ms, Queueing time: mean = 0.01ms, max = 0.03ms, min = 0.01ms, total = 0.18ms
	PeriodicalRunner.RunFnPeriodically - 7 total (0 active), Execution time: mean = 0.14ms, total = 0.96ms, Queueing time: mean = 0.36ms, max = 0.92ms, min = 0.02ms, total = 2.49ms
	CoreWorker.PrintEventStats - 2 total (1 active, 1 running), Execution time: mean = 0.29ms, total = 0.57ms, Queueing time: mean = 0.01ms, max = 0.02ms, min = 0.02ms, total = 0.02ms
	CoreWorkerService.grpc_server.PushTask.HandleRequestImpl - 2 total (0 active), Execution time: mean = 0.23ms, total = 0.46ms, Queueing time: mean = 0.02ms, max = 0.02ms, min = 0.02ms, total = 0.04ms
	CoreWorkerService.grpc_server.PushTask - 2 total (1 active), Execution time: mean = 12223.26ms, total = 24446.51ms, Queueing time: mean = 0.00ms, max = -0.00ms, min = 9223372036854.78ms, total = 0.00ms
	ray::rpc::InternalPubSubGcsService.grpc_client.GcsSubscriberCommandBatch - 1 total (0 active), Execution time: mean = 0.60ms, total = 0.60ms, Queueing time: mean = 0.00ms, max = -0.00ms, min = 9223372036854.78ms, total = 0.00ms
	ray::rpc::WorkerInfoGcsService.grpc_client.AddWorkerInfo.OnReplyReceived - 1 total (0 active), Execution time: mean = 0.08ms, total = 0.08ms, Queueing time: mean = 0.79ms, max = 0.79ms, min = 0.79ms, total = 0.79ms
	CoreWorker.SubmitTask - 1 total (0 active), Execution time: mean = 0.59ms, total = 0.59ms, Queueing time: mean = 0.03ms, max = 0.03ms, min = 0.03ms, total = 0.03ms
	Publisher.CheckDeadSubscribers - 1 total (1 active), Execution time: mean = 0.00ms, total = 0.00ms, Queueing time: mean = 0.00ms, max = -0.00ms, min = 9223372036854.78ms, total = 0.00ms
	NodeManagerService.grpc_client.RequestWorkerLease - 1 total (1 active), Execution time: mean = 0.00ms, total = 0.00ms, Queueing time: mean = 0.00ms, max = -0.00ms, min = 9223372036854.78ms, total = 0.00ms
	ray::rpc::InternalPubSubGcsService.grpc_client.GcsSubscriberPoll - 1 total (1 active), Execution time: mean = 0.00ms, total = 0.00ms, Queueing time: mean = 0.00ms, max = -0.00ms, min = 9223372036854.78ms, total = 0.00ms
	ray::rpc::PlacementGroupInfoGcsService.grpc_client.CreatePlacementGroup.OnReplyReceived - 1 total (0 active), Execution time: mean = 0.08ms, total = 0.08ms, Queueing time: mean = 0.03ms, max = 0.03ms, min = 0.03ms, total = 0.03ms
	ray::rpc::InternalPubSubGcsService.grpc_client.GcsSubscriberCommandBatch.OnReplyReceived - 1 total (0 active), Execution time: mean = 0.27ms, total = 0.27ms, Queueing time: mean = 0.64ms, max = 0.64ms, min = 0.64ms, total = 0.64ms
	ray::rpc::NodeInfoGcsService.grpc_client.GetAllNodeAddressAndLiveness.OnReplyReceived - 1 total (0 active), Execution time: mean = 0.07ms, total = 0.07ms, Queueing time: mean = 0.02ms, max = 0.02ms, min = 0.02ms, total = 0.02ms
	ray::rpc::WorkerInfoGcsService.grpc_client.AddWorkerInfo - 1 total (0 active), Execution time: mean = 0.78ms, total = 0.78ms, Queueing time: mean = 0.00ms, max = -0.00ms, min = 9223372036854.78ms, total = 0.00ms
	ray::rpc::NodeInfoGcsService.grpc_client.GetAllNodeAddressAndLiveness - 1 total (0 active), Execution time: mean = 0.93ms, total = 0.93ms, Queueing time: mean = 0.00ms, max = -0.00ms, min = 9223372036854.78ms, total = 0.00ms
	ray::rpc::PlacementGroupInfoGcsService.grpc_client.CreatePlacementGroup - 1 total (0 active), Execution time: mean = 0.72ms, total = 0.72ms, Queueing time: mean = 0.00ms, max = -0.00ms, min = 9223372036854.78ms, total = 0.00ms

-----------------
Task execution event stats:

Global stats: 5 total (2 active)
Queueing time: mean = 4887.30ms, max = 24436.48ms, min = 0.00ms, total = 24436.50ms
Execution time:  mean = 4889.22ms, total = 24446.10ms
Event stats:
	CoreWorker.CheckSignal - 2 total (1 active), Execution time: mean = 0.01ms, total = 0.01ms, Queueing time: mean = 12218.24ms, max = 24436.48ms, min = 24436.48ms, total = 24436.48ms
	PeriodicalRunner.RunFnPeriodically - 1 total (0 active), Execution time: mean = 0.01ms, total = 0.01ms, Queueing time: mean = 0.00ms, max = 0.00ms, min = 0.00ms, total = 0.00ms
	CoreWorker.HandlePushTask - 1 total (0 active), Execution time: mean = 24446.07ms, total = 24446.07ms, Queueing time: mean = 0.02ms, max = 0.02ms, min = 0.02ms, total = 0.02ms
	CoreWorker.HandlePushTaskActor - 1 total (1 active, 1 running), Execution time: mean = 0.00ms, total = 0.00ms, Queueing time: mean = 0.00ms, max = -0.00ms, min = 9223372036854.78ms, total = 0.00ms

-----------------
Task Event stats:

IO Service Stats:

Global stats: 361 total (1 active)
Queueing time: mean = 0.01ms, max = 0.14ms, min = 0.01ms, total = 4.85ms
Execution time:  mean = 0.24ms, total = 88.31ms
Event stats:
	CoreWorker.deadline_timer.flush_task_events - 120 total (1 active), Execution time: mean = 0.19ms, total = 22.66ms, Queueing time: mean = 0.03ms, max = 0.14ms, min = 0.02ms, total = 3.18ms
	ray::rpc::TaskInfoGcsService.grpc_client.AddTaskEventData.OnReplyReceived - 120 total (0 active), Execution time: mean = 0.02ms, total = 2.88ms, Queueing time: mean = 0.01ms, max = 0.02ms, min = 0.01ms, total = 1.65ms
	ray::rpc::TaskInfoGcsService.grpc_client.AddTaskEventData - 120 total (0 active), Execution time: mean = 0.52ms, total = 62.29ms, Queueing time: mean = 0.00ms, max = -0.00ms, min = 9223372036854.78ms, total = 0.00ms
	PeriodicalRunner.RunFnPeriodically - 1 total (0 active), Execution time: mean = 0.49ms, total = 0.49ms, Queueing time: mean = 0.02ms, max = 0.02ms, min = 0.02ms, total = 0.02ms
Other Stats:
	gcs_grpc_in_progress:0
	event_aggregator_grpc_in_progress:0
	current number of task status events in buffer: 0
	current number of profile events in buffer: 0
	current number of dropped task attempts tracked: 0
	total task events sent: 0.00118923 MiB
	total number of task attempts sent: 5
	total number of task attempts dropped reported: 0
	total number of sent failure: 0
	num status task events dropped: 0
	num profile task events dropped: 0
	num ray task events reported to aggregator: 0
	num ray task events failed to report to aggregator: 0
	num of task attempts dropped reported to aggregator: 0
	num of failed requests to aggregator: 0

2025-11-28 15:39:31,503	INFO (monitor) autoscaler.py:147 -- The autoscaler took 0.0 seconds to fetch the list of non-terminated nodes.
2025-11-28 15:39:31,503	INFO (monitor) autoscaler.py:408 -- 
======== Autoscaler status: 2025-11-28 15:39:31.503804 ========
Node status
---------------------------------------------------------------
Active:
 1 node_fbb9841b3107256f006a4e24c5be7456a673f220f17e763ce1348e9e
Pending:
 (no pending nodes)
Recent failures:
 (no failures)

Resources
---------------------------------------------------------------
Total Usage:
 1.0/1.0 CPU
 0.0/1.0 GPU
 0B/349.75GiB memory
 0B/149.89GiB object_store_memory

From request_resources:
 (none)
Pending Demands:
 {'CPU': 1.0, 'GPU': 1.0} * 1 (STRICT_PACK): 1+ pending placement groups
2025-11-28 15:39:31,504	INFO (monitor) autoscaler.py:463 -- The autoscaler took 0.001 seconds to complete the update iteration.
2025-11-28 15:39:36,506	INFO (monitor) autoscaler.py:147 -- The autoscaler took 0.0 seconds to fetch the list of non-terminated nodes.
2025-11-28 15:39:36,507	INFO (monitor) autoscaler.py:408 -- 
======== Autoscaler status: 2025-11-28 15:39:36.507090 ========
Node status
---------------------------------------------------------------
Active:
 1 node_fbb9841b3107256f006a4e24c5be7456a673f220f17e763ce1348e9e
Pending:
 (no pending nodes)
Recent failures:
 (no failures)

Resources
---------------------------------------------------------------
Total Usage:
 1.0/1.0 CPU
 0.0/1.0 GPU
 0B/349.75GiB memory
 0B/149.89GiB object_store_memory

From request_resources:
 (none)
Pending Demands:
 {'CPU': 1.0, 'GPU': 1.0} * 1 (STRICT_PACK): 1+ pending placement groups
2025-11-28 15:39:36,507	INFO (monitor) autoscaler.py:463 -- The autoscaler took 0.001 seconds to complete the update iteration.
2025-11-28 15:39:41,510	INFO (monitor) autoscaler.py:147 -- The autoscaler took 0.0 seconds to fetch the list of non-terminated nodes.
2025-11-28 15:39:41,510	INFO (monitor) autoscaler.py:408 -- 
======== Autoscaler status: 2025-11-28 15:39:41.510501 ========
Node status
---------------------------------------------------------------
Active:
 1 node_fbb9841b3107256f006a4e24c5be7456a673f220f17e763ce1348e9e
Pending:
 (no pending nodes)
Recent failures:
 (no failures)

Resources
---------------------------------------------------------------
Total Usage:
 1.0/1.0 CPU
 0.0/1.0 GPU
 0B/349.75GiB memory
 0B/149.89GiB object_store_memory

From request_resources:
 (none)
Pending Demands:
 {'CPU': 1.0, 'GPU': 1.0} * 1 (STRICT_PACK): 1+ pending placement groups
2025-11-28 15:39:41,511	INFO (monitor) autoscaler.py:463 -- The autoscaler took 0.001 seconds to complete the update iteration.
[2025-11-28 15:39:45,080 I 672498 672498] (gcs_server) gcs_server.cc:926: Gcs Debug state:

GcsNodeManager: 
- RegisterNode request count: 1
- DrainNode request count: 0
- GetAllNodeInfo request count: 11

GcsActorManager: 
- RegisterActor request count: 1
- CreateActor request count: 1
- GetActorInfo request count: 1
- GetNamedActorInfo request count: 0
- GetAllActorInfo request count: 0
- KillActor request count: 0
- ListNamedActors request count: 0
- Registered actors count: 1
- Destroyed actors count: 0
- Named actors count: 0
- Unresolved actors count: 0
- Pending actors count: 0
- Created actors count: 1
- owners_: 1
- actor_to_register_callbacks_: 0
- actor_to_restart_for_lineage_reconstruction_callbacks_: 0
- actor_to_create_callbacks_: 0
- sorted_destroyed_actor_list_: 0

GcsResourceManager: 
- GetAllAvailableResources request count: 1
- GetAllTotalResources request count: 0
- GetAllResourceUsage request count: 36

GcsPlacementGroupManager: 
- CreatePlacementGroup request count: 1
- RemovePlacementGroup request count: 0
- GetPlacementGroup request count: 1
- GetAllPlacementGroup request count: 0
- WaitPlacementGroupUntilReady request count: 0
- GetNamedPlacementGroup request count: 0
- Scheduling pending placement group count: 124
- Registered placement groups count: 1
- Named placement group count: 1
- Pending placement groups count: 1
- Infeasible placement groups count: 0

Publisher:
GCS_NODE_INFO_CHANNEL
- cumulative published messages: 1
- cumulative published bytes: 585
- current buffered bytes: 0
GCS_ACTOR_CHANNEL
- cumulative published messages: 3
- cumulative published bytes: 1321
- current buffered bytes: 169
GCS_JOB_CHANNEL
- cumulative published messages: 1
- cumulative published bytes: 2122
- current buffered bytes: 2122
GCS_WORKER_DELTA_CHANNEL
- cumulative published messages: 1
- cumulative published bytes: 96
- current buffered bytes: 96
GCS_NODE_ADDRESS_AND_LIVENESS_CHANNEL
- cumulative published messages: 1
- cumulative published bytes: 89
- current buffered bytes: 0

[runtime env manager] ID to URIs table:
[runtime env manager] URIs reference table:

GcsTaskManager: 
-Total num task events reported: 10
-Total num status task events dropped: 0
-Total num profile events dropped: 0
-Current num of task events stored: 4
-Total num of actor creation tasks: 1
-Total num of actor tasks: 1
-Total num of normal tasks: 1
-Total num of driver tasks: 1

GcsAutoscalerStateManager: 
- last_seen_autoscaler_state_version_: 0
- last_cluster_resource_state_version_: 36
- pending demands:
	{bundle_group_adfc0b96fa53e5a35df41c354c0e01000000: 0.001, label_selectors: [{}, ]} * 1



[2025-11-28 15:39:45,080 I 672498 672498] (gcs_server) gcs_server.cc:940: Main service Event stats:


Global stats: 2500 total (6 active)
Queueing time: mean = 13.60ms, max = 1000.05ms, min = 0.00ms, total = 34000.30ms
Execution time:  mean = 22.07ms, total = 55180.83ms
Event stats:
	GcsInMemoryStore.Put - 499 total (0 active), Execution time: mean = 1.96ms, total = 979.55ms, Queueing time: mean = 1.99ms, max = 977.34ms, min = 0.00ms, total = 992.66ms
	InternalKVGcsService.grpc_server.InternalKVPut - 269 total (0 active), Execution time: mean = 0.20ms, total = 53.50ms, Queueing time: mean = 0.00ms, max = -0.00ms, min = 9223372036854.78ms, total = 0.00ms
	InternalKVGcsService.grpc_server.InternalKVPut.HandleRequestImpl - 269 total (0 active), Execution time: mean = 0.04ms, total = 10.60ms, Queueing time: mean = 0.02ms, max = 0.04ms, min = 0.01ms, total = 4.46ms
	RayletLoadPulled - 180 total (1 active), Execution time: mean = 0.12ms, total = 21.60ms, Queueing time: mean = 0.02ms, max = 0.03ms, min = 0.01ms, total = 2.91ms
	NodeManagerService.grpc_client.GetResourceLoad.OnReplyReceived - 176 total (0 active), Execution time: mean = 0.04ms, total = 6.48ms, Queueing time: mean = 0.02ms, max = 0.04ms, min = 0.01ms, total = 3.43ms
	NodeManagerService.grpc_client.GetResourceLoad - 176 total (0 active), Execution time: mean = 0.68ms, total = 120.11ms, Queueing time: mean = 0.00ms, max = -0.00ms, min = 9223372036854.78ms, total = 0.00ms
	GcsInMemoryStore.Get - 81 total (0 active), Execution time: mean = 0.02ms, total = 1.90ms, Queueing time: mean = 0.01ms, max = 0.02ms, min = 0.00ms, total = 0.49ms
	InternalKVGcsService.grpc_server.InternalKVGet.HandleRequestImpl - 79 total (0 active), Execution time: mean = 0.03ms, total = 2.37ms, Queueing time: mean = 0.02ms, max = 0.37ms, min = 0.01ms, total = 1.51ms
	InternalKVGcsService.grpc_server.InternalKVGet - 79 total (0 active), Execution time: mean = 0.26ms, total = 20.61ms, Queueing time: mean = 0.00ms, max = -0.00ms, min = 9223372036854.78ms, total = 0.00ms
	GcsPlacementGroupManager.SchedulePendingPlacementGroups - 62 total (0 active), Execution time: mean = 0.00ms, total = 0.02ms, Queueing time: mean = 0.00ms, max = 0.01ms, min = 0.00ms, total = 0.30ms
	ClusterResourceManager.ResetRemoteNodeView - 61 total (1 active), Execution time: mean = 0.00ms, total = 0.30ms, Queueing time: mean = 0.02ms, max = 0.04ms, min = 0.01ms, total = 1.24ms
	HealthCheck - 56 total (0 active), Execution time: mean = 0.00ms, total = 0.27ms, Queueing time: mean = 0.02ms, max = 0.04ms, min = 0.01ms, total = 1.15ms
	NodeInfoGcsService.grpc_server.CheckAlive.HandleRequestImpl - 39 total (0 active), Execution time: mean = 0.01ms, total = 0.52ms, Queueing time: mean = 0.02ms, max = 0.04ms, min = 0.01ms, total = 0.78ms
	NodeInfoGcsService.grpc_server.CheckAlive - 39 total (0 active), Execution time: mean = 0.18ms, total = 7.09ms, Queueing time: mean = 0.00ms, max = -0.00ms, min = 9223372036854.78ms, total = 0.00ms
	AutoscalerStateService.grpc_server.GetClusterResourceState - 36 total (0 active), Execution time: mean = 0.17ms, total = 6.10ms, Queueing time: mean = 0.00ms, max = -0.00ms, min = 9223372036854.78ms, total = 0.00ms
	NodeResourceInfoGcsService.grpc_server.GetAllResourceUsage.HandleRequestImpl - 36 total (0 active), Execution time: mean = 0.04ms, total = 1.47ms, Queueing time: mean = 0.02ms, max = 0.03ms, min = 0.01ms, total = 0.73ms
	NodeResourceInfoGcsService.grpc_server.GetAllResourceUsage - 36 total (0 active), Execution time: mean = 0.24ms, total = 8.79ms, Queueing time: mean = 0.00ms, max = -0.00ms, min = 9223372036854.78ms, total = 0.00ms
	GCSServer.deadline_timer.metrics_report - 36 total (1 active), Execution time: mean = 0.09ms, total = 3.25ms, Queueing time: mean = 0.03ms, max = 0.49ms, min = 0.00ms, total = 0.96ms
	AutoscalerStateService.grpc_server.GetClusterResourceState.HandleRequestImpl - 36 total (0 active), Execution time: mean = 0.03ms, total = 1.21ms, Queueing time: mean = 0.01ms, max = 0.02ms, min = 0.01ms, total = 0.53ms
	ReporterService.grpc_client.HealthCheck.OnReplyReceived - 31 total (0 active), Execution time: mean = 0.03ms, total = 0.92ms, Queueing time: mean = 31.36ms, max = 971.79ms, min = 0.01ms, total = 972.29ms
	ReporterService.grpc_client.HealthCheck - 31 total (0 active), Execution time: mean = 0.20ms, total = 6.17ms, Queueing time: mean = 0.00ms, max = -0.00ms, min = 9223372036854.78ms, total = 0.00ms
	MetricsAgentClient.WaitForServerReadyWithRetry - 30 total (0 active), Execution time: mean = 0.08ms, total = 2.51ms, Queueing time: mean = 1000.02ms, max = 1000.05ms, min = 1000.01ms, total = 30000.54ms
	event_loop_lag_probe - 20 total (0 active), Execution time: mean = 0.01ms, total = 0.12ms, Queueing time: mean = 1.73ms, max = 34.33ms, min = 0.00ms, total = 34.51ms
	GCSServer.deadline_timer.gcs_global_gc - 18 total (1 active), Execution time: mean = 0.00ms, total = 0.06ms, Queueing time: mean = 0.11ms, max = 1.06ms, min = 0.01ms, total = 1.98ms
	NodeInfoGcsService.grpc_server.GetClusterId.HandleRequestImpl - 10 total (0 active), Execution time: mean = 0.38ms, total = 3.85ms, Queueing time: mean = 0.87ms, max = 8.47ms, min = 0.01ms, total = 8.66ms
	NodeInfoGcsService.grpc_server.GetClusterId - 10 total (0 active), Execution time: mean = 1.54ms, total = 15.35ms, Queueing time: mean = 0.00ms, max = -0.00ms, min = 9223372036854.78ms, total = 0.00ms
	GcsInMemoryStore.GetAll - 8 total (0 active), Execution time: mean = 0.02ms, total = 0.13ms, Queueing time: mean = 0.05ms, max = 0.10ms, min = 0.00ms, total = 0.38ms
	NodeInfoGcsService.grpc_server.GetAllNodeInfo.HandleRequestImpl - 7 total (0 active), Execution time: mean = 0.02ms, total = 0.13ms, Queueing time: mean = 0.01ms, max = 0.02ms, min = 0.01ms, total = 0.08ms
	NodeInfoGcsService.grpc_server.GetAllNodeInfo - 7 total (0 active), Execution time: mean = 0.15ms, total = 1.07ms, Queueing time: mean = 0.00ms, max = -0.00ms, min = 9223372036854.78ms, total = 0.00ms
	PeriodicalRunner.RunFnPeriodically - 5 total (0 active), Execution time: mean = 0.13ms, total = 0.64ms, Queueing time: mean = 393.88ms, max = 978.61ms, min = 3.95ms, total = 1969.40ms
	NodeInfoGcsService.grpc_server.GetAllNodeAddressAndLiveness - 4 total (0 active), Execution time: mean = 0.24ms, total = 0.95ms, Queueing time: mean = 0.00ms, max = -0.00ms, min = 9223372036854.78ms, total = 0.00ms
	NodeInfoGcsService.grpc_server.GetAllNodeAddressAndLiveness.HandleRequestImpl - 4 total (0 active), Execution time: mean = 0.01ms, total = 0.03ms, Queueing time: mean = 0.12ms, max = 0.45ms, min = 0.01ms, total = 0.48ms
	GcsResourceManager::Update - 4 total (0 active), Execution time: mean = 0.04ms, total = 0.18ms, Queueing time: mean = 0.01ms, max = 0.01ms, min = 0.01ms, total = 0.04ms
	GcsHealthCheckManager::MarkNodeHealthy - 4 total (0 active), Execution time: mean = 0.00ms, total = 0.00ms, Queueing time: mean = 0.01ms, max = 0.01ms, min = 0.01ms, total = 0.05ms
	WorkerInfoGcsService.grpc_server.AddWorkerInfo - 3 total (0 active), Execution time: mean = 0.19ms, total = 0.57ms, Queueing time: mean = 0.00ms, max = -0.00ms, min = 9223372036854.78ms, total = 0.00ms
	InternalKVGcsService.grpc_server.InternalKVKeys - 3 total (0 active), Execution time: mean = 0.18ms, total = 0.55ms, Queueing time: mean = 0.00ms, max = -0.00ms, min = 9223372036854.78ms, total = 0.00ms
	GcsInMemoryStore.Keys - 3 total (0 active), Execution time: mean = 0.01ms, total = 0.03ms, Queueing time: mean = 0.01ms, max = 0.01ms, min = 0.01ms, total = 0.02ms
	GCSServer.deadline_timer.debug_state_event_stats_print - 3 total (1 active, 1 running), Execution time: mean = 0.63ms, total = 1.90ms, Queueing time: mean = 0.01ms, max = 0.01ms, min = 0.01ms, total = 0.03ms
	InternalKVGcsService.grpc_server.InternalKVKeys.HandleRequestImpl - 3 total (0 active), Execution time: mean = 0.04ms, total = 0.11ms, Queueing time: mean = 0.01ms, max = 0.02ms, min = 0.01ms, total = 0.04ms
	WorkerInfoGcsService.grpc_server.AddWorkerInfo.HandleRequestImpl - 3 total (0 active), Execution time: mean = 0.03ms, total = 0.08ms, Queueing time: mean = 0.01ms, max = 0.02ms, min = 0.01ms, total = 0.04ms
	JobInfoGcsService.grpc_server.GetAllJobInfo - 2 total (0 active), Execution time: mean = 0.17ms, total = 0.34ms, Queueing time: mean = 0.00ms, max = -0.00ms, min = 9223372036854.78ms, total = 0.00ms
	JobInfoGcsService.grpc_server.GetAllJobInfo.HandleRequestImpl - 2 total (0 active), Execution time: mean = 0.02ms, total = 0.04ms, Queueing time: mean = 0.01ms, max = 0.01ms, min = 0.01ms, total = 0.03ms
	GcsInMemoryStore.GetNextJobID - 1 total (0 active), Execution time: mean = 0.00ms, total = 0.00ms, Queueing time: mean = 0.00ms, max = 0.00ms, min = 0.00ms, total = 0.00ms
	NodeInfoGcsService.grpc_server.RegisterNode.HandleRequestImpl - 1 total (0 active), Execution time: mean = 0.09ms, total = 0.09ms, Queueing time: mean = 0.02ms, max = 0.02ms, min = 0.02ms, total = 0.02ms
	NodeManagerService.grpc_client.RequestWorkerLease - 1 total (0 active), Execution time: mean = 2009.14ms, total = 2009.14ms, Queueing time: mean = 0.00ms, max = -0.00ms, min = 9223372036854.78ms, total = 0.00ms
	InternalKVGcsService.grpc_server.InternalKVExists.HandleRequestImpl - 1 total (0 active), Execution time: mean = 0.04ms, total = 0.04ms, Queueing time: mean = 0.01ms, max = 0.01ms, min = 0.01ms, total = 0.01ms
	PlacementGroupInfoGcsService.grpc_server.GetPlacementGroup.HandleRequestImpl - 1 total (0 active), Execution time: mean = 0.02ms, total = 0.02ms, Queueing time: mean = 0.01ms, max = 0.01ms, min = 0.01ms, total = 0.01ms
	JobInfoGcsService.grpc_server.GetNextJobID - 1 total (0 active), Execution time: mean = 0.12ms, total = 0.12ms, Queueing time: mean = 0.00ms, max = -0.00ms, min = 9223372036854.78ms, total = 0.00ms
	GcsInitData::AsyncLoad - 1 total (0 active), Execution time: mean = 0.01ms, total = 0.01ms, Queueing time: mean = 0.00ms, max = 0.00ms, min = 0.00ms, total = 0.00ms
	ActorInfoGcsService.grpc_server.GetActorInfo.HandleRequestImpl - 1 total (0 active), Execution time: mean = 0.02ms, total = 0.02ms, Queueing time: mean = 0.01ms, max = 0.01ms, min = 0.01ms, total = 0.01ms
	JobInfoGcsService.grpc_server.GetNextJobID.HandleRequestImpl - 1 total (0 active), Execution time: mean = 0.01ms, total = 0.01ms, Queueing time: mean = 0.01ms, max = 0.01ms, min = 0.01ms, total = 0.01ms
	JobInfoGcsService.grpc_server.AddJob.HandleRequestImpl - 1 total (0 active), Execution time: mean = 0.10ms, total = 0.10ms, Queueing time: mean = 0.03ms, max = 0.03ms, min = 0.03ms, total = 0.03ms
	CoreWorkerService.grpc_client.PushTask - 1 total (0 active), Execution time: mean = 24448.09ms, total = 24448.09ms, Queueing time: mean = 0.00ms, max = -0.00ms, min = 9223372036854.78ms, total = 0.00ms
	InternalKVGcsService.grpc_server.InternalKVMultiGet - 1 total (0 active), Execution time: mean = 0.18ms, total = 0.18ms, Queueing time: mean = 0.00ms, max = -0.00ms, min = 9223372036854.78ms, total = 0.00ms
	NodeInfoGcsService.grpc_server.RegisterNode - 1 total (0 active), Execution time: mean = 0.53ms, total = 0.53ms, Queueing time: mean = 0.00ms, max = -0.00ms, min = 9223372036854.78ms, total = 0.00ms
	InternalKVGcsService.grpc_server.InternalKVDel - 1 total (0 active), Execution time: mean = 0.50ms, total = 0.50ms, Queueing time: mean = 0.00ms, max = -0.00ms, min = 9223372036854.78ms, total = 0.00ms
	NodeResourceInfoGcsService.grpc_server.GetAllAvailableResources.HandleRequestImpl - 1 total (0 active), Execution time: mean = 0.03ms, total = 0.03ms, Queueing time: mean = 0.02ms, max = 0.02ms, min = 0.02ms, total = 0.02ms
	JobInfoGcsService.grpc_server.AddJob - 1 total (0 active), Execution time: mean = 0.39ms, total = 0.39ms, Queueing time: mean = 0.00ms, max = -0.00ms, min = 9223372036854.78ms, total = 0.00ms
	WorkerInfoGcsService.grpc_server.ReportWorkerFailure - 1 total (0 active), Execution time: mean = 1.66ms, total = 1.66ms, Queueing time: mean = 0.00ms, max = -0.00ms, min = 9223372036854.78ms, total = 0.00ms
	CoreWorkerService.grpc_client.PushTask.OnReplyReceived - 1 total (0 active), Execution time: mean = 0.21ms, total = 0.21ms, Queueing time: mean = 0.02ms, max = 0.02ms, min = 0.02ms, total = 0.02ms
	GcsInMemoryStore.Delete - 1 total (0 active), Execution time: mean = 0.01ms, total = 0.01ms, Queueing time: mean = 0.01ms, max = 0.01ms, min = 0.01ms, total = 0.01ms
	ActorInfoGcsService.grpc_server.RegisterActor - 1 total (0 active), Execution time: mean = 0.77ms, total = 0.77ms, Queueing time: mean = 0.00ms, max = -0.00ms, min = 9223372036854.78ms, total = 0.00ms
	PlacementGroupInfoGcsService.grpc_server.GetPlacementGroup - 1 total (0 active), Execution time: mean = 0.14ms, total = 0.14ms, Queueing time: mean = 0.00ms, max = -0.00ms, min = 9223372036854.78ms, total = 0.00ms
	NodeManager.AddNodeCallback - 1 total (0 active), Execution time: mean = 0.43ms, total = 0.43ms, Queueing time: mean = 0.28ms, max = 0.28ms, min = 0.28ms, total = 0.28ms
	InternalKVGcsService.grpc_server.GetInternalConfig.HandleRequestImpl - 1 total (0 active), Execution time: mean = 0.02ms, total = 0.02ms, Queueing time: mean = 0.02ms, max = 0.02ms, min = 0.02ms, total = 0.02ms
	InternalKVGcsService.grpc_server.InternalKVExists - 1 total (0 active), Execution time: mean = 0.17ms, total = 0.17ms, Queueing time: mean = 0.00ms, max = -0.00ms, min = 9223372036854.78ms, total = 0.00ms
	ActorInfoGcsService.grpc_server.CreateActor - 1 total (0 active), Execution time: mean = 26458.67ms, total = 26458.67ms, Queueing time: mean = 0.00ms, max = -0.00ms, min = 9223372036854.78ms, total = 0.00ms
	InternalKVGcsService.grpc_server.GetInternalConfig - 1 total (0 active), Execution time: mean = 0.27ms, total = 0.27ms, Queueing time: mean = 0.00ms, max = -0.00ms, min = 9223372036854.78ms, total = 0.00ms
	ActorInfoGcsService.grpc_server.RegisterActor.HandleRequestImpl - 1 total (0 active), Execution time: mean = 0.60ms, total = 0.60ms, Queueing time: mean = 0.02ms, max = 0.02ms, min = 0.02ms, total = 0.02ms
	InternalKVGcsService.grpc_server.InternalKVMultiGet.HandleRequestImpl - 1 total (0 active), Execution time: mean = 0.05ms, total = 0.05ms, Queueing time: mean = 0.01ms, max = 0.01ms, min = 0.01ms, total = 0.01ms
	PlacementGroupInfoGcsService.grpc_server.CreatePlacementGroup - 1 total (0 active), Execution time: mean = 0.32ms, total = 0.32ms, Queueing time: mean = 0.00ms, max = -0.00ms, min = 9223372036854.78ms, total = 0.00ms
	InternalKVGcsService.grpc_server.InternalKVDel.HandleRequestImpl - 1 total (0 active), Execution time: mean = 0.03ms, total = 0.03ms, Queueing time: mean = 0.01ms, max = 0.01ms, min = 0.01ms, total = 0.01ms
	CoreWorkerService.grpc_client.WaitForActorRefDeleted - 1 total (1 active), Execution time: mean = 0.00ms, total = 0.00ms, Queueing time: mean = 0.00ms, max = -0.00ms, min = 9223372036854.78ms, total = 0.00ms
	NodeResourceInfoGcsService.grpc_server.GetAllAvailableResources - 1 total (0 active), Execution time: mean = 0.28ms, total = 0.28ms, Queueing time: mean = 0.00ms, max = -0.00ms, min = 9223372036854.78ms, total = 0.00ms
	NodeManagerService.grpc_client.RequestWorkerLease.OnReplyReceived - 1 total (0 active), Execution time: mean = 0.40ms, total = 0.40ms, Queueing time: mean = 0.02ms, max = 0.02ms, min = 0.02ms, total = 0.02ms
	ActorInfoGcsService.grpc_server.GetActorInfo - 1 total (0 active), Execution time: mean = 0.15ms, total = 0.15ms, Queueing time: mean = 0.00ms, max = -0.00ms, min = 9223372036854.78ms, total = 0.00ms
	ActorInfoGcsService.grpc_server.CreateActor.HandleRequestImpl - 1 total (0 active), Execution time: mean = 0.58ms, total = 0.58ms, Queueing time: mean = 0.02ms, max = 0.02ms, min = 0.02ms, total = 0.02ms
	GcsInMemoryStore.Exists - 1 total (0 active), Execution time: mean = 0.01ms, total = 0.01ms, Queueing time: mean = 0.01ms, max = 0.01ms, min = 0.01ms, total = 0.01ms
	WorkerInfoGcsService.grpc_server.ReportWorkerFailure.HandleRequestImpl - 1 total (0 active), Execution time: mean = 0.04ms, total = 0.04ms, Queueing time: mean = 0.03ms, max = 0.03ms, min = 0.03ms, total = 0.03ms
	GcsHealthCheckManager::AddNode - 1 total (0 active), Execution time: mean = 0.01ms, total = 0.01ms, Queueing time: mean = 0.00ms, max = 0.00ms, min = 0.00ms, total = 0.00ms
	PlacementGroupInfoGcsService.grpc_server.CreatePlacementGroup.HandleRequestImpl - 1 total (0 active), Execution time: mean = 0.15ms, total = 0.15ms, Queueing time: mean = 0.01ms, max = 0.01ms, min = 0.01ms, total = 0.01ms
	GcsServer.GetOrGenerateClusterId.continuation - 1 total (0 active), Execution time: mean = 975.13ms, total = 975.13ms, Queueing time: mean = 0.00ms, max = 0.00ms, min = 0.00ms, total = 0.00ms


[2025-11-28 15:39:45,081 I 672498 672498] (gcs_server) gcs_server.cc:944: task_io_context Event stats:


Global stats: 608 total (1 active)
Queueing time: mean = 0.01ms, max = 0.57ms, min = 0.00ms, total = 6.44ms
Execution time:  mean = 0.08ms, total = 46.58ms
Event stats:
	TaskInfoGcsService.grpc_server.AddTaskEventData.HandleRequestImpl - 275 total (0 active), Execution time: mean = 0.01ms, total = 1.97ms, Queueing time: mean = 0.02ms, max = 0.03ms, min = 0.01ms, total = 5.10ms
	TaskInfoGcsService.grpc_server.AddTaskEventData - 275 total (0 active), Execution time: mean = 0.16ms, total = 43.66ms, Queueing time: mean = 0.00ms, max = -0.00ms, min = 9223372036854.78ms, total = 0.00ms
	GcsTaskManager.GcJobSummary - 37 total (1 active), Execution time: mean = 0.00ms, total = 0.18ms, Queueing time: mean = 0.02ms, max = 0.03ms, min = 0.01ms, total = 0.62ms
	event_loop_lag_probe - 20 total (0 active), Execution time: mean = 0.04ms, total = 0.74ms, Queueing time: mean = 0.04ms, max = 0.57ms, min = 0.00ms, total = 0.70ms
	PeriodicalRunner.RunFnPeriodically - 1 total (0 active), Execution time: mean = 0.02ms, total = 0.02ms, Queueing time: mean = 0.02ms, max = 0.02ms, min = 0.02ms, total = 0.02ms


[2025-11-28 15:39:45,081 I 672498 672498] (gcs_server) gcs_server.cc:944: pubsub_io_context Event stats:


Global stats: 57 total (6 active)
Queueing time: mean = 0.02ms, max = 0.77ms, min = 0.00ms, total = 1.30ms
Execution time:  mean = 1207.50ms, total = 68827.34ms
Event stats:
	event_loop_lag_probe - 20 total (0 active), Execution time: mean = 0.03ms, total = 0.58ms, Queueing time: mean = 0.04ms, max = 0.77ms, min = 0.00ms, total = 0.89ms
	InternalPubSubGcsService.grpc_server.GcsSubscriberPoll.HandleRequestImpl - 9 total (0 active), Execution time: mean = 0.03ms, total = 0.27ms, Queueing time: mean = 0.03ms, max = 0.12ms, min = 0.01ms, total = 0.25ms
	InternalPubSubGcsService.grpc_server.GcsSubscriberPoll - 9 total (5 active), Execution time: mean = 7647.18ms, total = 68824.62ms, Queueing time: mean = 0.00ms, max = -0.00ms, min = 9223372036854.78ms, total = 0.00ms
	InternalPubSubGcsService.grpc_server.GcsSubscriberCommandBatch.HandleRequestImpl - 8 total (0 active), Execution time: mean = 0.05ms, total = 0.44ms, Queueing time: mean = 0.02ms, max = 0.02ms, min = 0.01ms, total = 0.13ms
	InternalPubSubGcsService.grpc_server.GcsSubscriberCommandBatch - 8 total (0 active), Execution time: mean = 0.18ms, total = 1.41ms, Queueing time: mean = 0.00ms, max = -0.00ms, min = 9223372036854.78ms, total = 0.00ms
	RemoveSubscriberFrom - 1 total (0 active), Execution time: mean = 0.01ms, total = 0.01ms, Queueing time: mean = 0.02ms, max = 0.02ms, min = 0.02ms, total = 0.02ms
	Publisher.CheckDeadSubscribers - 1 total (1 active), Execution time: mean = 0.00ms, total = 0.00ms, Queueing time: mean = 0.00ms, max = -0.00ms, min = 9223372036854.78ms, total = 0.00ms
	PeriodicalRunner.RunFnPeriodically - 1 total (0 active), Execution time: mean = 0.01ms, total = 0.01ms, Queueing time: mean = 0.02ms, max = 0.02ms, min = 0.02ms, total = 0.02ms


[2025-11-28 15:39:45,081 I 672498 672498] (gcs_server) gcs_server.cc:944: ray_syncer_io_context Event stats:


Global stats: 30 total (0 active)
Queueing time: mean = 0.05ms, max = 1.29ms, min = 0.00ms, total = 1.59ms
Execution time:  mean = 0.03ms, total = 0.98ms
Event stats:
	event_loop_lag_probe - 20 total (0 active), Execution time: mean = 0.03ms, total = 0.52ms, Queueing time: mean = 0.07ms, max = 1.29ms, min = 0.00ms, total = 1.44ms
	RaySyncer.BroadcastMessage - 4 total (0 active), Execution time: mean = 0.01ms, total = 0.04ms, Queueing time: mean = 0.00ms, max = 0.00ms, min = 0.00ms, total = 0.00ms
	 - 4 total (0 active), Execution time: mean = 0.10ms, total = 0.42ms, Queueing time: mean = 0.02ms, max = 0.03ms, min = 0.01ms, total = 0.09ms
	RaySyncerRegister - 2 total (0 active), Execution time: mean = 0.00ms, total = 0.01ms, Queueing time: mean = 0.03ms, max = 0.04ms, min = 0.02ms, total = 0.06ms


[2025-11-28 15:39:45,081 I 672498 672498] (gcs_server) gcs_server.cc:944: ray_event_io_context Event stats:


Global stats: 20 total (0 active)
Queueing time: mean = 0.06ms, max = 1.12ms, min = 0.00ms, total = 1.24ms
Execution time:  mean = 0.02ms, total = 0.40ms
Event stats:
	event_loop_lag_probe - 20 total (0 active), Execution time: mean = 0.02ms, total = 0.40ms, Queueing time: mean = 0.06ms, max = 1.12ms, min = 0.00ms, total = 1.24ms


2025-11-28 15:39:46,513	INFO (monitor) autoscaler.py:147 -- The autoscaler took 0.0 seconds to fetch the list of non-terminated nodes.
2025-11-28 15:39:46,513	INFO (monitor) autoscaler.py:408 -- 
======== Autoscaler status: 2025-11-28 15:39:46.513634 ========
Node status
---------------------------------------------------------------
Active:
 1 node_fbb9841b3107256f006a4e24c5be7456a673f220f17e763ce1348e9e
Pending:
 (no pending nodes)
Recent failures:
 (no failures)

Resources
---------------------------------------------------------------
Total Usage:
 1.0/1.0 CPU
 0.0/1.0 GPU
 0B/349.75GiB memory
 0B/149.89GiB object_store_memory

From request_resources:
 (none)
Pending Demands:
 {'CPU': 1.0, 'GPU': 1.0} * 1 (STRICT_PACK): 1+ pending placement groups
2025-11-28 15:39:46,514	INFO (monitor) autoscaler.py:463 -- The autoscaler took 0.001 seconds to complete the update iteration.
[2025-11-28 15:39:47,968 I 672801 672824] (raylet) store.cc:572: Plasma store debug dump: 
Current usage: 0 / 160.946 GB
- num bytes created total: 24
0 pending objects of total size 0MB
- objects spillable: 0
- bytes spillable: 0
- objects unsealed: 0
- bytes unsealed: 0
- objects in use: 0
- bytes in use: 0
- objects evictable: 0
- bytes evictable: 0

- objects created by worker: 0
- bytes created by worker: 0
- objects restored: 0
- bytes restored: 0
- objects received: 0
- bytes received: 0
- objects errored: 0
- bytes errored: 0

[2025-11-28 15:39:48,993 I 672801 672801] (raylet) node_manager.cc:440: [state-dump] NodeManager:
[state-dump] Node ID: fbb9841b3107256f006a4e24c5be7456a673f220f17e763ce1348e9e
[state-dump] Node name: 10.102.35.9
[state-dump] InitialConfigResources: {accelerator_type:A100: 1, CPU: 1, memory: 3.75541e+11, GPU: 1, node:10.102.35.9: 1, object_store_memory: 1.60946e+11, node:__internal_head__: 1}
[state-dump] ClusterLeaseManager:
[state-dump] ========== Node: fbb9841b3107256f006a4e24c5be7456a673f220f17e763ce1348e9e =================
[state-dump] Infeasible queue length: 1
[state-dump] Schedule queue length: 0
[state-dump] Grant queue length: 0
[state-dump] num_waiting_for_resource: 0
[state-dump] num_waiting_for_plasma_memory: 0
[state-dump] num_waiting_for_remote_node_resources: 0
[state-dump] num_worker_not_started_by_job_config_not_exist: 0
[state-dump] num_worker_not_started_by_registration_timeout: 0
[state-dump] num_tasks_waiting_for_workers: 0
[state-dump] num_cancelled_leases: 0
[state-dump] cluster_resource_scheduler state: 
[state-dump] Local id: -6166997991266946165 Local resources: {"total":{GPU: [10000], node:10.102.35.9: [10000], CPU: [10000], node:__internal_head__: [10000], memory: [3755414892550000], object_store_memory: [1609463525370000], accelerator_type:A100: [10000]}}, "available": {GPU: [10000], node:10.102.35.9: [10000], CPU: [0], node:__internal_head__: [10000], memory: [3755414892550000], object_store_memory: [1609463525370000], accelerator_type:A100: [10000]}}, "labels":{"ray.io/node-id":"fbb9841b3107256f006a4e24c5be7456a673f220f17e763ce1348e9e","ray.io/accelerator-type":"A100",} is_draining: 0 is_idle: 0 Cluster resources (at most 20 nodes are shown): node id: -6166997991266946165{"total":{node:10.102.35.9: 10000, GPU: 10000, CPU: 10000, object_store_memory: 1609463525370000, memory: 3755414892550000, accelerator_type:A100: 10000, node:__internal_head__: 10000}}, "available": {object_store_memory: 1609463525370000, memory: 3755414892550000, accelerator_type:A100: 10000, GPU: 10000, node:10.102.35.9: 10000, node:__internal_head__: 10000}}, "labels":{"ray.io/node-id":"fbb9841b3107256f006a4e24c5be7456a673f220f17e763ce1348e9e","ray.io/accelerator-type":"A100",}, "is_draining": 0, "draining_deadline_timestamp_ms": -1} { "placement group locations": [], "node to bundles": []}
[state-dump] Waiting leases size: 0
[state-dump] Number of granted lease arguments: 0
[state-dump] Number of pinned lease arguments: 0
[state-dump] Number of total spilled leases: 0
[state-dump] Number of spilled waiting leases: 0
[state-dump] Number of spilled unschedulable leases: 0
[state-dump] Resource usage {
[state-dump]     - (language=PYTHON actor_or_taskTaskRunner.__init__ pid=673348 worker_id=3293f9baf9f0772a29df934ce9aa40562820dbe52583e5e641f030c5): {CPU: 1}
[state-dump] }
[state-dump] Backlog Size per scheduling descriptor :{workerId: num backlogs}:
[state-dump] 
[state-dump] Granted leases by scheduling class:
[state-dump] ==================================================
[state-dump] 
[state-dump] ClusterResources:
[state-dump] LocalObjectManager:
[state-dump] - num pinned objects: 0
[state-dump] - pinned objects size: 0
[state-dump] - num objects pending restore: 0
[state-dump] - num objects pending spill: 0
[state-dump] - num bytes pending spill: 0
[state-dump] - num bytes currently spilled: 0
[state-dump] - cumulative spill requests: 0
[state-dump] - cumulative restore requests: 0
[state-dump] - spilled objects pending delete: 0
[state-dump] 
[state-dump] ObjectManager:
[state-dump] - num local objects: 0
[state-dump] - num unfulfilled push requests: 0
[state-dump] - num object pull requests: 0
[state-dump] - num chunks received total: 0
[state-dump] - num chunks received failed (all): 0
[state-dump] - num chunks received failed / cancelled: 0
[state-dump] - num chunks received failed / plasma error: 0
[state-dump] Event stats:
[state-dump] Global stats: 0 total (0 active)
[state-dump] Queueing time: mean = -nanms, max = -0.00ms, min = 9223372036854.78ms, total = 0.00ms
[state-dump] Execution time:  mean = -nanms, total = 0.00ms
[state-dump] Event stats:
[state-dump] PushManager:
[state-dump] - num pushes remaining: 0
[state-dump] - num chunks in flight: 0
[state-dump] - num chunks remaining: 0
[state-dump] - max chunks allowed: 409
[state-dump] OwnershipBasedObjectDirectory:
[state-dump] - num listeners: 0
[state-dump] - cumulative location updates: 0
[state-dump] - num location updates per second: 0.000
[state-dump] - num location lookups per second: 0.000
[state-dump] - num locations added per second: 0.000
[state-dump] - num locations removed per second: 0.000
[state-dump] BufferPool:
[state-dump] - create buffer state map size: 0
[state-dump] PullManager:
[state-dump] - num bytes available for pulled objects: 160946352537
[state-dump] - num bytes being pulled (all): 0
[state-dump] - num bytes being pulled / pinned: 0
[state-dump] - get request bundles: BundlePullRequestQueue{0 total, 0 active, 0 inactive, 0 unpullable}
[state-dump] - wait request bundles: BundlePullRequestQueue{0 total, 0 active, 0 inactive, 0 unpullable}
[state-dump] - task request bundles: BundlePullRequestQueue{0 total, 0 active, 0 inactive, 0 unpullable}
[state-dump] - first get request bundle: N/A
[state-dump] - first wait request bundle: N/A
[state-dump] - first task request bundle: N/A
[state-dump] - num objects queued: 0
[state-dump] - num objects actively pulled (all): 0
[state-dump] - num objects actively pulled / pinned: 0
[state-dump] - num bundles being pulled: 0
[state-dump] - num pull retries: 0
[state-dump] - max timeout seconds: 0
[state-dump] - max timeout request is already processed. No entry.
[state-dump] 
[state-dump] WorkerPool:
[state-dump] - registered jobs: 1
[state-dump] - process_failed_job_config_missing: 0
[state-dump] - process_failed_rate_limited: 0
[state-dump] - process_failed_pending_registration: 0
[state-dump] - process_failed_runtime_env_setup_failed: 0
[state-dump] - num JAVA workers: 0
[state-dump] - num JAVA drivers: 0
[state-dump] - num JAVA pending start requests: 0
[state-dump] - num JAVA pending registration requests: 0
[state-dump] - num object spill callbacks queued: 0
[state-dump] - num object restore queued: 0
[state-dump] - num util functions queued: 0
[state-dump] - num PYTHON workers: 1
[state-dump] - num PYTHON drivers: 1
[state-dump] - num PYTHON pending start requests: 0
[state-dump] - num PYTHON pending registration requests: 0
[state-dump] - num object spill callbacks queued: 0
[state-dump] - num object restore queued: 0
[state-dump] - num util functions queued: 0
[state-dump] - num idle workers: 0
[state-dump] LeaseDependencyManager:
[state-dump] - lease deps map size: 0
[state-dump] - get req map size: 0
[state-dump] - wait req map size: 0
[state-dump] - local objects map size: 0
[state-dump] WaitManager:
[state-dump] - num active wait requests: 0
[state-dump] Subscriber:
[state-dump] Channel WORKER_OBJECT_EVICTION
[state-dump] - cumulative subscribe requests: 0
[state-dump] - cumulative unsubscribe requests: 0
[state-dump] - active subscribed publishers: 0
[state-dump] - cumulative published messages: 0
[state-dump] - cumulative processed messages: 0
[state-dump] Channel WORKER_OBJECT_LOCATIONS_CHANNEL
[state-dump] - cumulative subscribe requests: 0
[state-dump] - cumulative unsubscribe requests: 0
[state-dump] - active subscribed publishers: 0
[state-dump] - cumulative published messages: 0
[state-dump] - cumulative processed messages: 0
[state-dump] Channel WORKER_REF_REMOVED_CHANNEL
[state-dump] - cumulative subscribe requests: 0
[state-dump] - cumulative unsubscribe requests: 0
[state-dump] - active subscribed publishers: 0
[state-dump] - cumulative published messages: 0
[state-dump] - cumulative processed messages: 0
[state-dump] num async plasma notifications: 0
[state-dump] Event stats:
[state-dump] Global stats: 9000 total (18 active)
[state-dump] Queueing time: mean = 6.33ms, max = 24446.82ms, min = -0.03ms, total = 56968.01ms
[state-dump] Execution time:  mean = 4.95ms, total = 44568.40ms
[state-dump] Event stats:
[state-dump] 	RaySyncer.OnDemandBroadcasting - 1800 total (1 active), Execution time: mean = 0.00ms, total = 2.84ms, Queueing time: mean = 0.02ms, max = 6.31ms, min = -0.00ms, total = 33.55ms
[state-dump] 	ObjectManager.UpdateAvailableMemory - 1800 total (0 active), Execution time: mean = 0.00ms, total = 1.12ms, Queueing time: mean = 0.01ms, max = 0.09ms, min = 0.00ms, total = 14.07ms
[state-dump] 	NodeManager.CheckGC - 1800 total (1 active), Execution time: mean = 0.00ms, total = 1.26ms, Queueing time: mean = 0.02ms, max = 6.32ms, min = 0.00ms, total = 35.02ms
[state-dump] 	RayletWorkerPool.deadline_timer.kill_idle_workers - 900 total (1 active), Execution time: mean = 0.00ms, total = 1.86ms, Queueing time: mean = 0.02ms, max = 0.80ms, min = 0.01ms, total = 16.55ms
[state-dump] 	MemoryMonitor.CheckIsMemoryUsageAboveThreshold - 719 total (1 active), Execution time: mean = 0.40ms, total = 289.35ms, Queueing time: mean = 0.01ms, max = 0.04ms, min = 0.00ms, total = 10.47ms
[state-dump] 	NodeManagerService.grpc_server.ReportWorkerBacklog - 282 total (0 active), Execution time: mean = 0.20ms, total = 56.20ms, Queueing time: mean = 0.00ms, max = -0.00ms, min = 9223372036854.78ms, total = 0.00ms
[state-dump] 	NodeManagerService.grpc_server.ReportWorkerBacklog.HandleRequestImpl - 282 total (0 active), Execution time: mean = 0.04ms, total = 9.91ms, Queueing time: mean = 0.02ms, max = 0.12ms, min = 0.01ms, total = 4.36ms
[state-dump] 	NodeManager.ScheduleAndGrantLeases - 181 total (1 active), Execution time: mean = 0.00ms, total = 0.84ms, Queueing time: mean = 0.02ms, max = 0.07ms, min = 0.00ms, total = 2.77ms
[state-dump] 	NodeManager.CheckForUnexpectedWorkerDisconnects - 181 total (1 active), Execution time: mean = 0.01ms, total = 1.03ms, Queueing time: mean = 0.01ms, max = 0.07ms, min = -0.00ms, total = 2.56ms
[state-dump] 	NodeManager.deadline_timer.flush_free_objects - 180 total (1 active), Execution time: mean = 0.00ms, total = 0.20ms, Queueing time: mean = 0.08ms, max = 0.97ms, min = 0.01ms, total = 15.20ms
[state-dump] 	NodeManager.deadline_timer.spill_objects_when_over_threshold - 180 total (1 active), Execution time: mean = 0.00ms, total = 0.16ms, Queueing time: mean = 0.08ms, max = 0.97ms, min = 0.01ms, total = 15.24ms
[state-dump] 	NodeManagerService.grpc_server.GetResourceLoad - 180 total (0 active), Execution time: mean = 0.32ms, total = 57.43ms, Queueing time: mean = 0.00ms, max = -0.00ms, min = 9223372036854.78ms, total = 0.00ms
[state-dump] 	NodeManagerService.grpc_server.GetResourceLoad.HandleRequestImpl - 180 total (0 active), Execution time: mean = 0.06ms, total = 11.38ms, Queueing time: mean = 0.01ms, max = 0.02ms, min = 0.01ms, total = 2.69ms
[state-dump] 	ClusterResourceManager.ResetRemoteNodeView - 61 total (1 active), Execution time: mean = 0.00ms, total = 0.16ms, Queueing time: mean = 0.02ms, max = 0.03ms, min = 0.01ms, total = 1.01ms
[state-dump] 	NodeManager.deadline_timer.record_metrics - 36 total (1 active), Execution time: mean = 0.11ms, total = 4.14ms, Queueing time: mean = 0.31ms, max = 0.94ms, min = 0.01ms, total = 11.18ms
[state-dump] 	ReporterService.grpc_client.HealthCheck.OnReplyReceived - 31 total (0 active), Execution time: mean = 0.03ms, total = 0.86ms, Queueing time: mean = 0.02ms, max = 0.24ms, min = 0.00ms, total = 0.54ms
[state-dump] 	ReporterService.grpc_client.HealthCheck - 31 total (0 active), Execution time: mean = 0.16ms, total = 4.89ms, Queueing time: mean = 0.00ms, max = -0.00ms, min = 9223372036854.78ms, total = 0.00ms
[state-dump] 	MetricsAgentClient.WaitForServerReadyWithRetry - 30 total (0 active), Execution time: mean = 0.09ms, total = 2.76ms, Queueing time: mean = 1000.01ms, max = 1000.02ms, min = 1000.01ms, total = 30000.42ms
[state-dump] 	event_loop_lag_probe - 20 total (0 active), Execution time: mean = 0.02ms, total = 0.46ms, Queueing time: mean = 0.62ms, max = 12.24ms, min = 0.00ms, total = 12.30ms
[state-dump] 	NodeManager.deadline_timer.debug_state_dump - 18 total (1 active), Execution time: mean = 0.83ms, total = 15.01ms, Queueing time: mean = 0.01ms, max = 0.02ms, min = -0.03ms, total = 0.19ms
[state-dump] 	PeriodicalRunner.RunFnPeriodically - 14 total (0 active), Execution time: mean = 0.20ms, total = 2.78ms, Queueing time: mean = 5.10ms, max = 15.84ms, min = 0.04ms, total = 71.38ms
[state-dump] 	ClientConnection.async_read.ProcessMessageHeader - 14 total (2 active), Execution time: mean = 0.00ms, total = 0.06ms, Queueing time: mean = 1908.23ms, max = 24446.82ms, min = 0.03ms, total = 26715.22ms
[state-dump] 	ClientConnection.async_read.ProcessMessage - 12 total (0 active), Execution time: mean = 0.64ms, total = 7.69ms, Queueing time: mean = 0.01ms, max = 0.02ms, min = 0.00ms, total = 0.07ms
[state-dump] 	ClientConnection.async_write.DoAsyncWrites - 4 total (0 active), Execution time: mean = 0.00ms, total = 0.00ms, Queueing time: mean = 0.06ms, max = 0.17ms, min = 0.02ms, total = 0.25ms
[state-dump] 	 - 4 total (0 active), Execution time: mean = 0.00ms, total = 0.00ms, Queueing time: mean = 0.01ms, max = 0.02ms, min = 0.01ms, total = 0.06ms
[state-dump] 	RaySyncer.BroadcastMessage - 4 total (0 active), Execution time: mean = 0.14ms, total = 0.55ms, Queueing time: mean = 0.00ms, max = 0.00ms, min = 0.00ms, total = 0.00ms
[state-dump] 	ray::rpc::NodeInfoGcsService.grpc_client.CheckAlive - 3 total (0 active), Execution time: mean = 0.77ms, total = 2.32ms, Queueing time: mean = 0.00ms, max = -0.00ms, min = 9223372036854.78ms, total = 0.00ms
[state-dump] 	NodeManager.deadline_timer.print_event_loop_stats - 3 total (1 active, 1 running), Execution time: mean = 0.55ms, total = 1.65ms, Queueing time: mean = 0.01ms, max = 0.02ms, min = 0.01ms, total = 0.02ms
[state-dump] 	NodeManager.GcsCheckAlive - 3 total (1 active), Execution time: mean = 0.11ms, total = 0.34ms, Queueing time: mean = 0.42ms, max = 0.64ms, min = 0.62ms, total = 1.26ms
[state-dump] 	ray::rpc::InternalPubSubGcsService.grpc_client.GcsSubscriberPoll - 3 total (1 active), Execution time: mean = 13680.88ms, total = 41042.65ms, Queueing time: mean = 0.00ms, max = -0.00ms, min = 9223372036854.78ms, total = 0.00ms
[state-dump] 	NodeManagerService.grpc_server.GetSystemConfig - 3 total (0 active), Execution time: mean = 0.33ms, total = 1.00ms, Queueing time: mean = 0.00ms, max = -0.00ms, min = 9223372036854.78ms, total = 0.00ms
[state-dump] 	ObjectManager.ObjectDeleted - 3 total (0 active), Execution time: mean = 0.01ms, total = 0.03ms, Queueing time: mean = 0.02ms, max = 0.02ms, min = 0.02ms, total = 0.06ms
[state-dump] 	NodeManagerService.grpc_server.GetSystemConfig.HandleRequestImpl - 3 total (0 active), Execution time: mean = 0.05ms, total = 0.14ms, Queueing time: mean = 0.01ms, max = 0.02ms, min = 0.01ms, total = 0.04ms
[state-dump] 	ObjectManager.ObjectAdded - 3 total (0 active), Execution time: mean = 0.01ms, total = 0.03ms, Queueing time: mean = 0.01ms, max = 0.01ms, min = 0.01ms, total = 0.03ms
[state-dump] 	ray::rpc::NodeInfoGcsService.grpc_client.CheckAlive.OnReplyReceived - 3 total (0 active), Execution time: mean = 0.02ms, total = 0.06ms, Queueing time: mean = 0.02ms, max = 0.03ms, min = 0.01ms, total = 0.06ms
[state-dump] 	ray::rpc::InternalPubSubGcsService.grpc_client.GcsSubscriberPoll.OnReplyReceived - 2 total (0 active), Execution time: mean = 0.08ms, total = 0.17ms, Queueing time: mean = 0.02ms, max = 0.04ms, min = 0.01ms, total = 0.05ms
[state-dump] 	ray::rpc::InternalPubSubGcsService.grpc_client.GcsSubscriberCommandBatch.OnReplyReceived - 2 total (0 active), Execution time: mean = 0.10ms, total = 0.19ms, Queueing time: mean = 0.57ms, max = 0.97ms, min = 0.16ms, total = 1.13ms
[state-dump] 	NodeManagerService.grpc_server.RequestWorkerLease.HandleRequestImpl - 2 total (0 active), Execution time: mean = 0.09ms, total = 0.18ms, Queueing time: mean = 0.01ms, max = 0.02ms, min = 0.01ms, total = 0.03ms
[state-dump] 	ray::rpc::InternalPubSubGcsService.grpc_client.GcsSubscriberCommandBatch - 2 total (0 active), Execution time: mean = 0.88ms, total = 1.76ms, Queueing time: mean = 0.00ms, max = -0.00ms, min = 9223372036854.78ms, total = 0.00ms
[state-dump] 	NodeManagerService.grpc_server.RequestWorkerLease - 2 total (1 active), Execution time: mean = 1004.34ms, total = 2008.67ms, Queueing time: mean = 0.00ms, max = -0.00ms, min = 9223372036854.78ms, total = 0.00ms
[state-dump] 	RaySyncerRegister - 2 total (0 active), Execution time: mean = 0.00ms, total = 0.00ms, Queueing time: mean = 0.00ms, max = 0.00ms, min = 0.00ms, total = 0.00ms
[state-dump] 	ray::rpc::WorkerInfoGcsService.grpc_client.ReportWorkerFailure - 1 total (0 active), Execution time: mean = 2.04ms, total = 2.04ms, Queueing time: mean = 0.00ms, max = -0.00ms, min = 9223372036854.78ms, total = 0.00ms
[state-dump] 	ray::rpc::NodeInfoGcsService.grpc_client.GetAllNodeAddressAndLiveness.OnReplyReceived - 1 total (0 active), Execution time: mean = 0.15ms, total = 0.15ms, Queueing time: mean = 0.01ms, max = 0.01ms, min = 0.01ms, total = 0.01ms
[state-dump] 	ray::rpc::NodeInfoGcsService.grpc_client.RegisterNode.OnReplyReceived - 1 total (0 active), Execution time: mean = 0.36ms, total = 0.36ms, Queueing time: mean = 0.01ms, max = 0.01ms, min = 0.01ms, total = 0.01ms
[state-dump] 	ray::rpc::InternalKVGcsService.grpc_client.GetInternalConfig.OnReplyReceived - 1 total (0 active), Execution time: mean = 1023.30ms, total = 1023.30ms, Queueing time: mean = 0.01ms, max = 0.01ms, min = 0.01ms, total = 0.01ms
[state-dump] 	ray::rpc::JobInfoGcsService.grpc_client.AddJob - 1 total (0 active), Execution time: mean = 1.76ms, total = 1.76ms, Queueing time: mean = 0.00ms, max = -0.00ms, min = 9223372036854.78ms, total = 0.00ms
[state-dump] 	ray::rpc::NodeInfoGcsService.grpc_client.GetAllNodeAddressAndLiveness - 1 total (0 active), Execution time: mean = 0.72ms, total = 0.72ms, Queueing time: mean = 0.00ms, max = -0.00ms, min = 9223372036854.78ms, total = 0.00ms
[state-dump] 	ray::rpc::JobInfoGcsService.grpc_client.AddJob.OnReplyReceived - 1 total (0 active), Execution time: mean = 0.05ms, total = 0.05ms, Queueing time: mean = 0.02ms, max = 0.02ms, min = 0.02ms, total = 0.02ms
[state-dump] 	ray::rpc::InternalKVGcsService.grpc_client.GetInternalConfig - 1 total (0 active), Execution time: mean = 1.11ms, total = 1.11ms, Queueing time: mean = 0.00ms, max = -0.00ms, min = 9223372036854.78ms, total = 0.00ms
[state-dump] 	Subscriber.HandlePublishedMessage_GCS_WORKER_DELTA_CHANNEL - 1 total (0 active), Execution time: mean = 0.00ms, total = 0.00ms, Queueing time: mean = 0.06ms, max = 0.06ms, min = 0.06ms, total = 0.06ms
[state-dump] 	Subscriber.HandlePublishedMessage_GCS_JOB_CHANNEL - 1 total (0 active), Execution time: mean = 0.02ms, total = 0.02ms, Queueing time: mean = 0.11ms, max = 0.11ms, min = 0.11ms, total = 0.11ms
[state-dump] 	NodeManager.GCTaskFailureReason - 1 total (1 active), Execution time: mean = 0.00ms, total = 0.00ms, Queueing time: mean = 0.00ms, max = -0.00ms, min = 9223372036854.78ms, total = 0.00ms
[state-dump] 	ray::rpc::NodeInfoGcsService.grpc_client.RegisterNode - 1 total (0 active), Execution time: mean = 1.83ms, total = 1.83ms, Queueing time: mean = 0.00ms, max = -0.00ms, min = 9223372036854.78ms, total = 0.00ms
[state-dump] 	ray::rpc::JobInfoGcsService.grpc_client.GetAllJobInfo - 1 total (0 active), Execution time: mean = 0.70ms, total = 0.70ms, Queueing time: mean = 0.00ms, max = -0.00ms, min = 9223372036854.78ms, total = 0.00ms
[state-dump] 	CoreWorkerService.grpc_client.Exit.OnReplyReceived - 1 total (0 active), Execution time: mean = 0.02ms, total = 0.02ms, Queueing time: mean = 0.01ms, max = 0.01ms, min = 0.01ms, total = 0.01ms
[state-dump] 	ray::rpc::JobInfoGcsService.grpc_client.GetAllJobInfo.OnReplyReceived - 1 total (0 active), Execution time: mean = 0.01ms, total = 0.01ms, Queueing time: mean = 0.01ms, max = 0.01ms, min = 0.01ms, total = 0.01ms
[state-dump] 	CoreWorkerService.grpc_client.Exit - 1 total (0 active), Execution time: mean = 4.20ms, total = 4.20ms, Queueing time: mean = 0.00ms, max = -0.00ms, min = 9223372036854.78ms, total = 0.00ms
[state-dump] 	ray::rpc::WorkerInfoGcsService.grpc_client.ReportWorkerFailure.OnReplyReceived - 1 total (0 active), Execution time: mean = 0.02ms, total = 0.02ms, Queueing time: mean = 0.02ms, max = 0.02ms, min = 0.02ms, total = 0.02ms
[state-dump] DebugString() time ms: 1
[state-dump] 
[state-dump] 
2025-11-28 15:39:51,516	INFO (monitor) autoscaler.py:147 -- The autoscaler took 0.0 seconds to fetch the list of non-terminated nodes.
2025-11-28 15:39:51,516	INFO (monitor) autoscaler.py:408 -- 
======== Autoscaler status: 2025-11-28 15:39:51.516758 ========
Node status
---------------------------------------------------------------
Active:
 1 node_fbb9841b3107256f006a4e24c5be7456a673f220f17e763ce1348e9e
Pending:
 (no pending nodes)
Recent failures:
 (no failures)

Resources
---------------------------------------------------------------
Total Usage:
 1.0/1.0 CPU
 0.0/1.0 GPU
 0B/349.75GiB memory
 0B/149.89GiB object_store_memory

From request_resources:
 (none)
Pending Demands:
 {'CPU': 1.0, 'GPU': 1.0} * 1 (STRICT_PACK): 1+ pending placement groups
2025-11-28 15:39:51,517	INFO (monitor) autoscaler.py:463 -- The autoscaler took 0.001 seconds to complete the update iteration.
2025-11-28 15:39:56,519	INFO (monitor) autoscaler.py:147 -- The autoscaler took 0.0 seconds to fetch the list of non-terminated nodes.
2025-11-28 15:39:56,520	INFO (monitor) autoscaler.py:408 -- 
======== Autoscaler status: 2025-11-28 15:39:56.520045 ========
Node status
---------------------------------------------------------------
Active:
 1 node_fbb9841b3107256f006a4e24c5be7456a673f220f17e763ce1348e9e
Pending:
 (no pending nodes)
Recent failures:
 (no failures)

Resources
---------------------------------------------------------------
Total Usage:
 1.0/1.0 CPU
 0.0/1.0 GPU
 0B/349.75GiB memory
 0B/149.89GiB object_store_memory

From request_resources:
 (none)
Pending Demands:
 {'CPU': 1.0, 'GPU': 1.0} * 1 (STRICT_PACK): 1+ pending placement groups
2025-11-28 15:39:56,520	INFO (monitor) autoscaler.py:463 -- The autoscaler took 0.001 seconds to complete the update iteration.
2025-11-28 15:40:01,523	INFO (monitor) autoscaler.py:147 -- The autoscaler took 0.0 seconds to fetch the list of non-terminated nodes.
2025-11-28 15:40:01,523	INFO (monitor) autoscaler.py:408 -- 
======== Autoscaler status: 2025-11-28 15:40:01.523251 ========
Node status
---------------------------------------------------------------
Active:
 1 node_fbb9841b3107256f006a4e24c5be7456a673f220f17e763ce1348e9e
Pending:
 (no pending nodes)
Recent failures:
 (no failures)

Resources
---------------------------------------------------------------
Total Usage:
 1.0/1.0 CPU
 0.0/1.0 GPU
 0B/349.75GiB memory
 0B/149.89GiB object_store_memory

From request_resources:
 (none)
Pending Demands:
 {'CPU': 1.0, 'GPU': 1.0} * 1 (STRICT_PACK): 1+ pending placement groups
2025-11-28 15:40:01,523	INFO (monitor) autoscaler.py:463 -- The autoscaler took 0.001 seconds to complete the update iteration.
2025-11-28 15:40:06,526	INFO (monitor) autoscaler.py:147 -- The autoscaler took 0.0 seconds to fetch the list of non-terminated nodes.
2025-11-28 15:40:06,526	INFO (monitor) autoscaler.py:408 -- 
======== Autoscaler status: 2025-11-28 15:40:06.526366 ========
Node status
---------------------------------------------------------------
Active:
 1 node_fbb9841b3107256f006a4e24c5be7456a673f220f17e763ce1348e9e
Pending:
 (no pending nodes)
Recent failures:
 (no failures)

Resources
---------------------------------------------------------------
Total Usage:
 1.0/1.0 CPU
 0.0/1.0 GPU
 0B/349.75GiB memory
 0B/149.89GiB object_store_memory

From request_resources:
 (none)
Pending Demands:
 {'CPU': 1.0, 'GPU': 1.0} * 1 (STRICT_PACK): 1+ pending placement groups
2025-11-28 15:40:06,527	INFO (monitor) autoscaler.py:463 -- The autoscaler took 0.001 seconds to complete the update iteration.
2025-11-28 15:40:11,529	INFO (monitor) autoscaler.py:147 -- The autoscaler took 0.0 seconds to fetch the list of non-terminated nodes.
2025-11-28 15:40:11,529	INFO (monitor) autoscaler.py:408 -- 
======== Autoscaler status: 2025-11-28 15:40:11.529622 ========
Node status
---------------------------------------------------------------
Active:
 1 node_fbb9841b3107256f006a4e24c5be7456a673f220f17e763ce1348e9e
Pending:
 (no pending nodes)
Recent failures:
 (no failures)

Resources
---------------------------------------------------------------
Total Usage:
 1.0/1.0 CPU
 0.0/1.0 GPU
 0B/349.75GiB memory
 0B/149.89GiB object_store_memory

From request_resources:
 (none)
Pending Demands:
 {'CPU': 1.0, 'GPU': 1.0} * 1 (STRICT_PACK): 1+ pending placement groups
2025-11-28 15:40:11,530	INFO (monitor) autoscaler.py:463 -- The autoscaler took 0.001 seconds to complete the update iteration.
2025-11-28 15:40:16,532	INFO (monitor) autoscaler.py:147 -- The autoscaler took 0.0 seconds to fetch the list of non-terminated nodes.
2025-11-28 15:40:16,532	INFO (monitor) autoscaler.py:408 -- 
======== Autoscaler status: 2025-11-28 15:40:16.532694 ========
Node status
---------------------------------------------------------------
Active:
 1 node_fbb9841b3107256f006a4e24c5be7456a673f220f17e763ce1348e9e
Pending:
 (no pending nodes)
Recent failures:
 (no failures)

Resources
---------------------------------------------------------------
Total Usage:
 1.0/1.0 CPU
 0.0/1.0 GPU
 0B/349.75GiB memory
 0B/149.89GiB object_store_memory

From request_resources:
 (none)
Pending Demands:
 {'CPU': 1.0, 'GPU': 1.0} * 1 (STRICT_PACK): 1+ pending placement groups
2025-11-28 15:40:16,533	INFO (monitor) autoscaler.py:463 -- The autoscaler took 0.001 seconds to complete the update iteration.
2025-11-28 15:40:21,535	INFO (monitor) autoscaler.py:147 -- The autoscaler took 0.0 seconds to fetch the list of non-terminated nodes.
2025-11-28 15:40:21,536	INFO (monitor) autoscaler.py:408 -- 
======== Autoscaler status: 2025-11-28 15:40:21.535994 ========
Node status
---------------------------------------------------------------
Active:
 1 node_fbb9841b3107256f006a4e24c5be7456a673f220f17e763ce1348e9e
Pending:
 (no pending nodes)
Recent failures:
 (no failures)

Resources
---------------------------------------------------------------
Total Usage:
 1.0/1.0 CPU
 0.0/1.0 GPU
 0B/349.75GiB memory
 0B/149.89GiB object_store_memory

From request_resources:
 (none)
Pending Demands:
 {'CPU': 1.0, 'GPU': 1.0} * 1 (STRICT_PACK): 1+ pending placement groups
2025-11-28 15:40:21,536	INFO (monitor) autoscaler.py:463 -- The autoscaler took 0.001 seconds to complete the update iteration.
2025-11-28 15:40:26,539	INFO (monitor) autoscaler.py:147 -- The autoscaler took 0.0 seconds to fetch the list of non-terminated nodes.
2025-11-28 15:40:26,539	INFO (monitor) autoscaler.py:408 -- 
======== Autoscaler status: 2025-11-28 15:40:26.539665 ========
Node status
---------------------------------------------------------------
Active:
 1 node_fbb9841b3107256f006a4e24c5be7456a673f220f17e763ce1348e9e
Pending:
 (no pending nodes)
Recent failures:
 (no failures)

Resources
---------------------------------------------------------------
Total Usage:
 1.0/1.0 CPU
 0.0/1.0 GPU
 0B/349.75GiB memory
 0B/149.89GiB object_store_memory

From request_resources:
 (none)
Pending Demands:
 {'CPU': 1.0, 'GPU': 1.0} * 1 (STRICT_PACK): 1+ pending placement groups
2025-11-28 15:40:26,540	INFO (monitor) autoscaler.py:463 -- The autoscaler took 0.001 seconds to complete the update iteration.
[2025-11-28 15:40:28,839 I 672950 673266] (python-core-driver-01000000ffffffffffffffffffffffffffffffffffffffffffffffff) core_worker.cc:455: Event stats:


Global stats: 2519 total (9 active)
Queueing time: mean = 11.92ms, max = 1000.04ms, min = -0.00ms, total = 30035.36ms
Execution time:  mean = 21.10ms, total = 53153.65ms
Event stats:
	CoreWorker.RecoverObjects - 1800 total (1 active), Execution time: mean = 0.00ms, total = 4.80ms, Queueing time: mean = 0.01ms, max = 0.45ms, min = -0.00ms, total = 26.95ms
	CoreWorker.InternalHeartbeat - 180 total (1 active), Execution time: mean = 0.10ms, total = 17.74ms, Queueing time: mean = 0.01ms, max = 0.03ms, min = 0.01ms, total = 2.50ms
	NodeManagerService.grpc_client.ReportWorkerBacklog.OnReplyReceived - 180 total (0 active), Execution time: mean = 0.01ms, total = 2.45ms, Queueing time: mean = 0.01ms, max = 0.02ms, min = 0.01ms, total = 2.06ms
	NodeManagerService.grpc_client.ReportWorkerBacklog - 180 total (0 active), Execution time: mean = 0.48ms, total = 85.86ms, Queueing time: mean = 0.00ms, max = -0.00ms, min = 9223372036854.78ms, total = 0.00ms
	CoreWorker.RecordMetrics - 36 total (1 active), Execution time: mean = 0.05ms, total = 1.95ms, Queueing time: mean = 0.01ms, max = 0.02ms, min = 0.01ms, total = 0.44ms
	ReporterService.grpc_client.HealthCheck.OnReplyReceived - 31 total (0 active), Execution time: mean = 0.01ms, total = 0.44ms, Queueing time: mean = 0.01ms, max = 0.01ms, min = 0.00ms, total = 0.19ms
	ReporterService.grpc_client.HealthCheck - 31 total (0 active), Execution time: mean = 0.08ms, total = 2.61ms, Queueing time: mean = 0.00ms, max = -0.00ms, min = 9223372036854.78ms, total = 0.00ms
	MetricsAgentClient.WaitForServerReadyWithRetry - 30 total (0 active), Execution time: mean = 0.06ms, total = 1.91ms, Queueing time: mean = 1000.01ms, max = 1000.04ms, min = 1000.01ms, total = 30000.33ms
	CoreWorker.TryDelPendingObjectRefStreams - 18 total (1 active), Execution time: mean = 0.00ms, total = 0.05ms, Queueing time: mean = 0.03ms, max = 0.36ms, min = 0.01ms, total = 0.58ms
	PeriodicalRunner.RunFnPeriodically - 6 total (0 active), Execution time: mean = 0.10ms, total = 0.63ms, Queueing time: mean = 0.27ms, max = 0.59ms, min = 0.01ms, total = 1.60ms
	CoreWorker.PrintEventStats - 3 total (1 active, 1 running), Execution time: mean = 0.29ms, total = 0.88ms, Queueing time: mean = 0.01ms, max = 0.02ms, min = 0.02ms, total = 0.03ms
	ray::rpc::InternalPubSubGcsService.grpc_client.GcsSubscriberCommandBatch.OnReplyReceived - 2 total (0 active), Execution time: mean = 0.12ms, total = 0.24ms, Queueing time: mean = 0.01ms, max = 0.01ms, min = 0.01ms, total = 0.02ms
	ray::rpc::InternalPubSubGcsService.grpc_client.GcsSubscriberPoll - 2 total (1 active), Execution time: mean = 13284.78ms, total = 26569.57ms, Queueing time: mean = 0.00ms, max = -0.00ms, min = 9223372036854.78ms, total = 0.00ms
	ray::rpc::InternalPubSubGcsService.grpc_client.GcsSubscriberCommandBatch - 2 total (0 active), Execution time: mean = 0.34ms, total = 0.67ms, Queueing time: mean = 0.00ms, max = -0.00ms, min = 9223372036854.78ms, total = 0.00ms
	ray::rpc::ActorInfoGcsService.grpc_client.RegisterActor.OnReplyReceived - 1 total (0 active), Execution time: mean = 0.14ms, total = 0.14ms, Queueing time: mean = 0.01ms, max = 0.01ms, min = 0.01ms, total = 0.01ms
	ray::rpc::InternalPubSubGcsService.grpc_client.GcsSubscriberPoll.OnReplyReceived - 1 total (0 active), Execution time: mean = 0.29ms, total = 0.29ms, Queueing time: mean = 0.02ms, max = 0.02ms, min = 0.02ms, total = 0.02ms
	ray::rpc::ActorInfoGcsService.grpc_client.GetActorInfo - 1 total (0 active), Execution time: mean = 0.33ms, total = 0.33ms, Queueing time: mean = 0.00ms, max = -0.00ms, min = 9223372036854.78ms, total = 0.00ms
	ray::rpc::ActorInfoGcsService.grpc_client.CreateActor - 1 total (0 active), Execution time: mean = 26458.78ms, total = 26458.78ms, Queueing time: mean = 0.00ms, max = -0.00ms, min = 9223372036854.78ms, total = 0.00ms
	Publisher.CheckDeadSubscribers - 1 total (1 active), Execution time: mean = 0.00ms, total = 0.00ms, Queueing time: mean = 0.00ms, max = -0.00ms, min = 9223372036854.78ms, total = 0.00ms
	ActorTaskSubmitter::SubmitTask - 1 total (0 active), Execution time: mean = 0.01ms, total = 0.01ms, Queueing time: mean = 0.01ms, max = 0.01ms, min = 0.01ms, total = 0.01ms
	ray::rpc::NodeInfoGcsService.grpc_client.GetAllNodeAddressAndLiveness - 1 total (0 active), Execution time: mean = 0.33ms, total = 0.33ms, Queueing time: mean = 0.00ms, max = -0.00ms, min = 9223372036854.78ms, total = 0.00ms
	CoreWorkerService.grpc_server.WaitForActorRefDeleted - 1 total (1 active), Execution time: mean = 0.00ms, total = 0.00ms, Queueing time: mean = 0.00ms, max = -0.00ms, min = 9223372036854.78ms, total = 0.00ms
	ActorCreator.AsyncRegisterActor - 1 total (0 active), Execution time: mean = 0.39ms, total = 0.39ms, Queueing time: mean = 0.01ms, max = 0.01ms, min = 0.01ms, total = 0.01ms
	ray::rpc::ActorInfoGcsService.grpc_client.RegisterActor - 1 total (0 active), Execution time: mean = 1.04ms, total = 1.04ms, Queueing time: mean = 0.00ms, max = -0.00ms, min = 9223372036854.78ms, total = 0.00ms
	ray::rpc::WorkerInfoGcsService.grpc_client.AddWorkerInfo - 1 total (0 active), Execution time: mean = 0.47ms, total = 0.47ms, Queueing time: mean = 0.00ms, max = -0.00ms, min = 9223372036854.78ms, total = 0.00ms
	CoreWorkerService.grpc_client.PushTask - 1 total (1 active), Execution time: mean = 0.00ms, total = 0.00ms, Queueing time: mean = 0.00ms, max = -0.00ms, min = 9223372036854.78ms, total = 0.00ms
	Subscriber.HandlePublishedMessage_GCS_ACTOR_CHANNEL - 1 total (0 active), Execution time: mean = 1.10ms, total = 1.10ms, Queueing time: mean = 0.11ms, max = 0.11ms, min = 0.11ms, total = 0.11ms
	ray::rpc::ActorInfoGcsService.grpc_client.CreateActor.OnReplyReceived - 1 total (0 active), Execution time: mean = 0.19ms, total = 0.19ms, Queueing time: mean = 0.01ms, max = 0.01ms, min = 0.01ms, total = 0.01ms
	ray::rpc::NodeInfoGcsService.grpc_client.GetAllNodeAddressAndLiveness.OnReplyReceived - 1 total (0 active), Execution time: mean = 0.04ms, total = 0.04ms, Queueing time: mean = 0.45ms, max = 0.45ms, min = 0.45ms, total = 0.45ms
	CoreWorkerService.grpc_server.WaitForActorRefDeleted.HandleRequestImpl - 1 total (0 active), Execution time: mean = 0.04ms, total = 0.04ms, Queueing time: mean = 0.01ms, max = 0.01ms, min = 0.01ms, total = 0.01ms
	ray::rpc::WorkerInfoGcsService.grpc_client.AddWorkerInfo.OnReplyReceived - 1 total (0 active), Execution time: mean = 0.03ms, total = 0.03ms, Queueing time: mean = 0.01ms, max = 0.01ms, min = 0.01ms, total = 0.01ms
	ray::rpc::ActorInfoGcsService.grpc_client.GetActorInfo.OnReplyReceived - 1 total (0 active), Execution time: mean = 0.66ms, total = 0.66ms, Queueing time: mean = 0.01ms, max = 0.01ms, min = 0.01ms, total = 0.01ms

-----------------
Task execution event stats:

Global stats: 0 total (0 active)
Queueing time: mean = -nanms, max = -0.00ms, min = 9223372036854.78ms, total = 0.00ms
Execution time:  mean = -nanms, total = 0.00ms
Event stats:

-----------------
Task Event stats:

IO Service Stats:

Global stats: 541 total (1 active)
Queueing time: mean = 0.01ms, max = 0.03ms, min = 0.01ms, total = 5.12ms
Execution time:  mean = 0.18ms, total = 98.39ms
Event stats:
	CoreWorker.deadline_timer.flush_task_events - 180 total (1 active), Execution time: mean = 0.11ms, total = 20.46ms, Queueing time: mean = 0.02ms, max = 0.03ms, min = 0.01ms, total = 2.92ms
	ray::rpc::TaskInfoGcsService.grpc_client.AddTaskEventData.OnReplyReceived - 180 total (0 active), Execution time: mean = 0.02ms, total = 2.91ms, Queueing time: mean = 0.01ms, max = 0.03ms, min = 0.01ms, total = 2.19ms
	ray::rpc::TaskInfoGcsService.grpc_client.AddTaskEventData - 180 total (0 active), Execution time: mean = 0.41ms, total = 74.66ms, Queueing time: mean = 0.00ms, max = -0.00ms, min = 9223372036854.78ms, total = 0.00ms
	PeriodicalRunner.RunFnPeriodically - 1 total (0 active), Execution time: mean = 0.37ms, total = 0.37ms, Queueing time: mean = 0.01ms, max = 0.01ms, min = 0.01ms, total = 0.01ms
Other Stats:
	gcs_grpc_in_progress:0
	event_aggregator_grpc_in_progress:0
	current number of task status events in buffer: 0
	current number of profile events in buffer: 0
	current number of dropped task attempts tracked: 0
	total task events sent: 0.00124359 MiB
	total number of task attempts sent: 5
	total number of task attempts dropped reported: 0
	total number of sent failure: 0
	num status task events dropped: 0
	num profile task events dropped: 0
	num ray task events reported to aggregator: 0
	num ray task events failed to report to aggregator: 0
	num of task attempts dropped reported to aggregator: 0
	num of failed requests to aggregator: 0

[2025-11-28 15:40:30,959 I 673348 673427] (python-core-worker-3293f9baf9f0772a29df934ce9aa40562820dbe52583e5e641f030c5) core_worker.cc:455: Event stats:


Global stats: 2692 total (10 active)
Queueing time: mean = 11.16ms, max = 1000.44ms, min = -0.01ms, total = 30052.13ms
Execution time:  mean = 9.14ms, total = 24611.66ms
Event stats:
	CoreWorker.RecoverObjects - 1800 total (1 active), Execution time: mean = 0.00ms, total = 5.25ms, Queueing time: mean = 0.02ms, max = 1.00ms, min = -0.01ms, total = 35.69ms
	NodeManagerService.grpc_client.ReportWorkerBacklog.OnReplyReceived - 180 total (0 active), Execution time: mean = 0.02ms, total = 4.33ms, Queueing time: mean = 0.02ms, max = 0.07ms, min = 0.00ms, total = 2.89ms
	CoreWorker.ExitIfParentRayletDies - 180 total (1 active), Execution time: mean = 0.01ms, total = 1.15ms, Queueing time: mean = 0.02ms, max = 0.07ms, min = 0.01ms, total = 3.00ms
	CoreWorker.InternalHeartbeat - 180 total (1 active), Execution time: mean = 0.19ms, total = 33.55ms, Queueing time: mean = 0.02ms, max = 0.82ms, min = -0.00ms, total = 3.25ms
	NodeManagerService.grpc_client.ReportWorkerBacklog - 180 total (0 active), Execution time: mean = 0.56ms, total = 101.65ms, Queueing time: mean = 0.00ms, max = -0.00ms, min = 9223372036854.78ms, total = 0.00ms
	CoreWorker.RecordMetrics - 36 total (1 active), Execution time: mean = 0.09ms, total = 3.26ms, Queueing time: mean = 0.01ms, max = 0.02ms, min = 0.01ms, total = 0.39ms
	ReporterService.grpc_client.HealthCheck.OnReplyReceived - 31 total (0 active), Execution time: mean = 0.03ms, total = 1.02ms, Queueing time: mean = 0.02ms, max = 0.08ms, min = 0.01ms, total = 0.60ms
	ReporterService.grpc_client.HealthCheck - 31 total (0 active), Execution time: mean = 0.16ms, total = 5.00ms, Queueing time: mean = 0.00ms, max = -0.00ms, min = 9223372036854.78ms, total = 0.00ms
	MetricsAgentClient.WaitForServerReadyWithRetry - 30 total (0 active), Execution time: mean = 0.11ms, total = 3.16ms, Queueing time: mean = 1000.05ms, max = 1000.44ms, min = 1000.01ms, total = 30001.61ms
	CoreWorker.TryDelPendingObjectRefStreams - 18 total (1 active), Execution time: mean = 0.00ms, total = 0.05ms, Queueing time: mean = 0.03ms, max = 0.38ms, min = 0.01ms, total = 0.63ms
	PeriodicalRunner.RunFnPeriodically - 7 total (0 active), Execution time: mean = 0.14ms, total = 0.96ms, Queueing time: mean = 0.36ms, max = 0.92ms, min = 0.02ms, total = 2.49ms
	CoreWorker.PrintEventStats - 3 total (1 active, 1 running), Execution time: mean = 0.40ms, total = 1.19ms, Queueing time: mean = 0.01ms, max = 0.02ms, min = 0.02ms, total = 0.03ms
	CoreWorkerService.grpc_server.PushTask.HandleRequestImpl - 2 total (0 active), Execution time: mean = 0.23ms, total = 0.46ms, Queueing time: mean = 0.02ms, max = 0.02ms, min = 0.02ms, total = 0.04ms
	CoreWorkerService.grpc_server.PushTask - 2 total (1 active), Execution time: mean = 12223.26ms, total = 24446.51ms, Queueing time: mean = 0.00ms, max = -0.00ms, min = 9223372036854.78ms, total = 0.00ms
	ray::rpc::InternalPubSubGcsService.grpc_client.GcsSubscriberCommandBatch - 1 total (0 active), Execution time: mean = 0.60ms, total = 0.60ms, Queueing time: mean = 0.00ms, max = -0.00ms, min = 9223372036854.78ms, total = 0.00ms
	ray::rpc::WorkerInfoGcsService.grpc_client.AddWorkerInfo.OnReplyReceived - 1 total (0 active), Execution time: mean = 0.08ms, total = 0.08ms, Queueing time: mean = 0.79ms, max = 0.79ms, min = 0.79ms, total = 0.79ms
	CoreWorker.SubmitTask - 1 total (0 active), Execution time: mean = 0.59ms, total = 0.59ms, Queueing time: mean = 0.03ms, max = 0.03ms, min = 0.03ms, total = 0.03ms
	Publisher.CheckDeadSubscribers - 1 total (1 active), Execution time: mean = 0.00ms, total = 0.00ms, Queueing time: mean = 0.00ms, max = -0.00ms, min = 9223372036854.78ms, total = 0.00ms
	NodeManagerService.grpc_client.RequestWorkerLease - 1 total (1 active), Execution time: mean = 0.00ms, total = 0.00ms, Queueing time: mean = 0.00ms, max = -0.00ms, min = 9223372036854.78ms, total = 0.00ms
	ray::rpc::InternalPubSubGcsService.grpc_client.GcsSubscriberPoll - 1 total (1 active), Execution time: mean = 0.00ms, total = 0.00ms, Queueing time: mean = 0.00ms, max = -0.00ms, min = 9223372036854.78ms, total = 0.00ms
	ray::rpc::PlacementGroupInfoGcsService.grpc_client.CreatePlacementGroup.OnReplyReceived - 1 total (0 active), Execution time: mean = 0.08ms, total = 0.08ms, Queueing time: mean = 0.03ms, max = 0.03ms, min = 0.03ms, total = 0.03ms
	ray::rpc::InternalPubSubGcsService.grpc_client.GcsSubscriberCommandBatch.OnReplyReceived - 1 total (0 active), Execution time: mean = 0.27ms, total = 0.27ms, Queueing time: mean = 0.64ms, max = 0.64ms, min = 0.64ms, total = 0.64ms
	ray::rpc::NodeInfoGcsService.grpc_client.GetAllNodeAddressAndLiveness.OnReplyReceived - 1 total (0 active), Execution time: mean = 0.07ms, total = 0.07ms, Queueing time: mean = 0.02ms, max = 0.02ms, min = 0.02ms, total = 0.02ms
	ray::rpc::WorkerInfoGcsService.grpc_client.AddWorkerInfo - 1 total (0 active), Execution time: mean = 0.78ms, total = 0.78ms, Queueing time: mean = 0.00ms, max = -0.00ms, min = 9223372036854.78ms, total = 0.00ms
	ray::rpc::NodeInfoGcsService.grpc_client.GetAllNodeAddressAndLiveness - 1 total (0 active), Execution time: mean = 0.93ms, total = 0.93ms, Queueing time: mean = 0.00ms, max = -0.00ms, min = 9223372036854.78ms, total = 0.00ms
	ray::rpc::PlacementGroupInfoGcsService.grpc_client.CreatePlacementGroup - 1 total (0 active), Execution time: mean = 0.72ms, total = 0.72ms, Queueing time: mean = 0.00ms, max = -0.00ms, min = 9223372036854.78ms, total = 0.00ms

-----------------
Task execution event stats:

Global stats: 5 total (2 active)
Queueing time: mean = 4887.30ms, max = 24436.48ms, min = 0.00ms, total = 24436.50ms
Execution time:  mean = 4889.22ms, total = 24446.10ms
Event stats:
	CoreWorker.CheckSignal - 2 total (1 active), Execution time: mean = 0.01ms, total = 0.01ms, Queueing time: mean = 12218.24ms, max = 24436.48ms, min = 24436.48ms, total = 24436.48ms
	PeriodicalRunner.RunFnPeriodically - 1 total (0 active), Execution time: mean = 0.01ms, total = 0.01ms, Queueing time: mean = 0.00ms, max = 0.00ms, min = 0.00ms, total = 0.00ms
	CoreWorker.HandlePushTask - 1 total (0 active), Execution time: mean = 24446.07ms, total = 24446.07ms, Queueing time: mean = 0.02ms, max = 0.02ms, min = 0.02ms, total = 0.02ms
	CoreWorker.HandlePushTaskActor - 1 total (1 active, 1 running), Execution time: mean = 0.00ms, total = 0.00ms, Queueing time: mean = 0.00ms, max = -0.00ms, min = 9223372036854.78ms, total = 0.00ms

-----------------
Task Event stats:

IO Service Stats:

Global stats: 541 total (1 active)
Queueing time: mean = 0.01ms, max = 0.14ms, min = 0.01ms, total = 7.23ms
Execution time:  mean = 0.24ms, total = 132.43ms
Event stats:
	CoreWorker.deadline_timer.flush_task_events - 180 total (1 active), Execution time: mean = 0.19ms, total = 33.46ms, Queueing time: mean = 0.03ms, max = 0.14ms, min = 0.02ms, total = 4.66ms
	ray::rpc::TaskInfoGcsService.grpc_client.AddTaskEventData.OnReplyReceived - 180 total (0 active), Execution time: mean = 0.02ms, total = 4.47ms, Queueing time: mean = 0.01ms, max = 0.03ms, min = 0.01ms, total = 2.56ms
	ray::rpc::TaskInfoGcsService.grpc_client.AddTaskEventData - 180 total (0 active), Execution time: mean = 0.52ms, total = 94.02ms, Queueing time: mean = 0.00ms, max = -0.00ms, min = 9223372036854.78ms, total = 0.00ms
	PeriodicalRunner.RunFnPeriodically - 1 total (0 active), Execution time: mean = 0.49ms, total = 0.49ms, Queueing time: mean = 0.02ms, max = 0.02ms, min = 0.02ms, total = 0.02ms
Other Stats:
	gcs_grpc_in_progress:0
	event_aggregator_grpc_in_progress:0
	current number of task status events in buffer: 0
	current number of profile events in buffer: 0
	current number of dropped task attempts tracked: 0
	total task events sent: 0.00118923 MiB
	total number of task attempts sent: 5
	total number of task attempts dropped reported: 0
	total number of sent failure: 0
	num status task events dropped: 0
	num profile task events dropped: 0
	num ray task events reported to aggregator: 0
	num ray task events failed to report to aggregator: 0
	num of task attempts dropped reported to aggregator: 0
	num of failed requests to aggregator: 0

2025-11-28 15:40:31,542	INFO (monitor) autoscaler.py:147 -- The autoscaler took 0.0 seconds to fetch the list of non-terminated nodes.
2025-11-28 15:40:31,542	INFO (monitor) autoscaler.py:408 -- 
======== Autoscaler status: 2025-11-28 15:40:31.542834 ========
Node status
---------------------------------------------------------------
Active:
 1 node_fbb9841b3107256f006a4e24c5be7456a673f220f17e763ce1348e9e
Pending:
 (no pending nodes)
Recent failures:
 (no failures)

Resources
---------------------------------------------------------------
Total Usage:
 1.0/1.0 CPU
 0.0/1.0 GPU
 0B/349.75GiB memory
 0B/149.89GiB object_store_memory

From request_resources:
 (none)
Pending Demands:
 {'CPU': 1.0, 'GPU': 1.0} * 1 (STRICT_PACK): 1+ pending placement groups
2025-11-28 15:40:31,543	INFO (monitor) autoscaler.py:463 -- The autoscaler took 0.001 seconds to complete the update iteration.
2025-11-28 15:40:36,545	INFO (monitor) autoscaler.py:147 -- The autoscaler took 0.0 seconds to fetch the list of non-terminated nodes.
2025-11-28 15:40:36,545	INFO (monitor) autoscaler.py:408 -- 
======== Autoscaler status: 2025-11-28 15:40:36.545920 ========
Node status
---------------------------------------------------------------
Active:
 1 node_fbb9841b3107256f006a4e24c5be7456a673f220f17e763ce1348e9e
Pending:
 (no pending nodes)
Recent failures:
 (no failures)

Resources
---------------------------------------------------------------
Total Usage:
 1.0/1.0 CPU
 0.0/1.0 GPU
 0B/349.75GiB memory
 0B/149.89GiB object_store_memory

From request_resources:
 (none)
Pending Demands:
 {'CPU': 1.0, 'GPU': 1.0} * 1 (STRICT_PACK): 1+ pending placement groups
2025-11-28 15:40:36,546	INFO (monitor) autoscaler.py:463 -- The autoscaler took 0.001 seconds to complete the update iteration.
2025-11-28 15:40:41,549	INFO (monitor) autoscaler.py:147 -- The autoscaler took 0.0 seconds to fetch the list of non-terminated nodes.
2025-11-28 15:40:41,549	INFO (monitor) autoscaler.py:408 -- 
======== Autoscaler status: 2025-11-28 15:40:41.549299 ========
Node status
---------------------------------------------------------------
Active:
 1 node_fbb9841b3107256f006a4e24c5be7456a673f220f17e763ce1348e9e
Pending:
 (no pending nodes)
Recent failures:
 (no failures)

Resources
---------------------------------------------------------------
Total Usage:
 1.0/1.0 CPU
 0.0/1.0 GPU
 0B/349.75GiB memory
 0B/149.89GiB object_store_memory

From request_resources:
 (none)
Pending Demands:
 {'CPU': 1.0, 'GPU': 1.0} * 1 (STRICT_PACK): 1+ pending placement groups
2025-11-28 15:40:41,550	INFO (monitor) autoscaler.py:463 -- The autoscaler took 0.001 seconds to complete the update iteration.
[2025-11-28 15:40:45,081 I 672498 672498] (gcs_server) gcs_server.cc:926: Gcs Debug state:

GcsNodeManager: 
- RegisterNode request count: 1
- DrainNode request count: 0
- GetAllNodeInfo request count: 11

GcsActorManager: 
- RegisterActor request count: 1
- CreateActor request count: 1
- GetActorInfo request count: 1
- GetNamedActorInfo request count: 0
- GetAllActorInfo request count: 0
- KillActor request count: 0
- ListNamedActors request count: 0
- Registered actors count: 1
- Destroyed actors count: 0
- Named actors count: 0
- Unresolved actors count: 0
- Pending actors count: 0
- Created actors count: 1
- owners_: 1
- actor_to_register_callbacks_: 0
- actor_to_restart_for_lineage_reconstruction_callbacks_: 0
- actor_to_create_callbacks_: 0
- sorted_destroyed_actor_list_: 0

GcsResourceManager: 
- GetAllAvailableResources request count: 1
- GetAllTotalResources request count: 0
- GetAllResourceUsage request count: 48

GcsPlacementGroupManager: 
- CreatePlacementGroup request count: 1
- RemovePlacementGroup request count: 0
- GetPlacementGroup request count: 1
- GetAllPlacementGroup request count: 0
- WaitPlacementGroupUntilReady request count: 0
- GetNamedPlacementGroup request count: 0
- Scheduling pending placement group count: 244
- Registered placement groups count: 1
- Named placement group count: 1
- Pending placement groups count: 1
- Infeasible placement groups count: 0

Publisher:
GCS_NODE_INFO_CHANNEL
- cumulative published messages: 1
- cumulative published bytes: 585
- current buffered bytes: 0
GCS_ACTOR_CHANNEL
- cumulative published messages: 3
- cumulative published bytes: 1321
- current buffered bytes: 169
GCS_JOB_CHANNEL
- cumulative published messages: 1
- cumulative published bytes: 2122
- current buffered bytes: 2122
GCS_WORKER_DELTA_CHANNEL
- cumulative published messages: 1
- cumulative published bytes: 96
- current buffered bytes: 96
GCS_NODE_ADDRESS_AND_LIVENESS_CHANNEL
- cumulative published messages: 1
- cumulative published bytes: 89
- current buffered bytes: 0

[runtime env manager] ID to URIs table:
[runtime env manager] URIs reference table:

GcsTaskManager: 
-Total num task events reported: 10
-Total num status task events dropped: 0
-Total num profile events dropped: 0
-Current num of task events stored: 4
-Total num of actor creation tasks: 1
-Total num of actor tasks: 1
-Total num of normal tasks: 1
-Total num of driver tasks: 1

GcsAutoscalerStateManager: 
- last_seen_autoscaler_state_version_: 0
- last_cluster_resource_state_version_: 48
- pending demands:
	{bundle_group_adfc0b96fa53e5a35df41c354c0e01000000: 0.001, label_selectors: [{}, ]} * 1



[2025-11-28 15:40:45,081 I 672498 672498] (gcs_server) gcs_server.cc:940: Main service Event stats:


Global stats: 3239 total (6 active)
Queueing time: mean = 10.50ms, max = 1000.05ms, min = 0.00ms, total = 34012.39ms
Execution time:  mean = 17.06ms, total = 55261.03ms
Event stats:
	GcsInMemoryStore.Put - 655 total (0 active), Execution time: mean = 1.50ms, total = 980.58ms, Queueing time: mean = 1.52ms, max = 977.34ms, min = 0.00ms, total = 997.49ms
	InternalKVGcsService.grpc_server.InternalKVPut - 353 total (0 active), Execution time: mean = 0.20ms, total = 70.95ms, Queueing time: mean = 0.00ms, max = -0.00ms, min = 9223372036854.78ms, total = 0.00ms
	InternalKVGcsService.grpc_server.InternalKVPut.HandleRequestImpl - 353 total (0 active), Execution time: mean = 0.04ms, total = 14.45ms, Queueing time: mean = 0.02ms, max = 0.04ms, min = 0.01ms, total = 6.05ms
	RayletLoadPulled - 240 total (1 active), Execution time: mean = 0.12ms, total = 29.55ms, Queueing time: mean = 0.02ms, max = 0.03ms, min = 0.01ms, total = 3.99ms
	NodeManagerService.grpc_client.GetResourceLoad.OnReplyReceived - 236 total (0 active), Execution time: mean = 0.04ms, total = 8.80ms, Queueing time: mean = 0.02ms, max = 0.05ms, min = 0.01ms, total = 4.65ms
	NodeManagerService.grpc_client.GetResourceLoad - 236 total (0 active), Execution time: mean = 0.65ms, total = 153.62ms, Queueing time: mean = 0.00ms, max = -0.00ms, min = 9223372036854.78ms, total = 0.00ms
	GcsPlacementGroupManager.SchedulePendingPlacementGroups - 122 total (0 active), Execution time: mean = 0.00ms, total = 0.03ms, Queueing time: mean = 0.01ms, max = 0.07ms, min = 0.00ms, total = 0.67ms
	GcsInMemoryStore.Get - 93 total (0 active), Execution time: mean = 0.02ms, total = 2.00ms, Queueing time: mean = 0.01ms, max = 0.02ms, min = 0.00ms, total = 0.58ms
	InternalKVGcsService.grpc_server.InternalKVGet.HandleRequestImpl - 91 total (0 active), Execution time: mean = 0.03ms, total = 2.82ms, Queueing time: mean = 0.02ms, max = 0.37ms, min = 0.01ms, total = 1.68ms
	InternalKVGcsService.grpc_server.InternalKVGet - 91 total (0 active), Execution time: mean = 0.25ms, total = 22.34ms, Queueing time: mean = 0.00ms, max = -0.00ms, min = 9223372036854.78ms, total = 0.00ms
	ClusterResourceManager.ResetRemoteNodeView - 81 total (1 active), Execution time: mean = 0.01ms, total = 0.43ms, Queueing time: mean = 0.02ms, max = 0.04ms, min = 0.01ms, total = 1.71ms
	HealthCheck - 76 total (0 active), Execution time: mean = 0.01ms, total = 0.38ms, Queueing time: mean = 0.02ms, max = 0.04ms, min = 0.01ms, total = 1.60ms
	NodeInfoGcsService.grpc_server.CheckAlive.HandleRequestImpl - 52 total (0 active), Execution time: mean = 0.01ms, total = 0.69ms, Queueing time: mean = 0.02ms, max = 0.04ms, min = 0.01ms, total = 1.06ms
	NodeInfoGcsService.grpc_server.CheckAlive - 52 total (0 active), Execution time: mean = 0.19ms, total = 9.62ms, Queueing time: mean = 0.00ms, max = -0.00ms, min = 9223372036854.78ms, total = 0.00ms
	AutoscalerStateService.grpc_server.GetClusterResourceState - 48 total (0 active), Execution time: mean = 0.17ms, total = 8.21ms, Queueing time: mean = 0.00ms, max = -0.00ms, min = 9223372036854.78ms, total = 0.00ms
	NodeResourceInfoGcsService.grpc_server.GetAllResourceUsage.HandleRequestImpl - 48 total (0 active), Execution time: mean = 0.05ms, total = 2.21ms, Queueing time: mean = 0.02ms, max = 0.03ms, min = 0.01ms, total = 0.99ms
	NodeResourceInfoGcsService.grpc_server.GetAllResourceUsage - 48 total (0 active), Execution time: mean = 0.25ms, total = 12.01ms, Queueing time: mean = 0.00ms, max = -0.00ms, min = 9223372036854.78ms, total = 0.00ms
	GCSServer.deadline_timer.metrics_report - 48 total (1 active), Execution time: mean = 0.09ms, total = 4.52ms, Queueing time: mean = 0.02ms, max = 0.49ms, min = 0.00ms, total = 1.15ms
	AutoscalerStateService.grpc_server.GetClusterResourceState.HandleRequestImpl - 48 total (0 active), Execution time: mean = 0.04ms, total = 1.77ms, Queueing time: mean = 0.01ms, max = 0.02ms, min = 0.01ms, total = 0.72ms
	ReporterService.grpc_client.HealthCheck.OnReplyReceived - 31 total (0 active), Execution time: mean = 0.03ms, total = 0.92ms, Queueing time: mean = 31.36ms, max = 971.79ms, min = 0.01ms, total = 972.29ms
	ReporterService.grpc_client.HealthCheck - 31 total (0 active), Execution time: mean = 0.20ms, total = 6.17ms, Queueing time: mean = 0.00ms, max = -0.00ms, min = 9223372036854.78ms, total = 0.00ms
	MetricsAgentClient.WaitForServerReadyWithRetry - 30 total (0 active), Execution time: mean = 0.08ms, total = 2.51ms, Queueing time: mean = 1000.02ms, max = 1000.05ms, min = 1000.01ms, total = 30000.54ms
	event_loop_lag_probe - 26 total (0 active), Execution time: mean = 0.01ms, total = 0.15ms, Queueing time: mean = 1.33ms, max = 34.33ms, min = 0.00ms, total = 34.53ms
	GCSServer.deadline_timer.gcs_global_gc - 24 total (1 active), Execution time: mean = 0.00ms, total = 0.09ms, Queueing time: mean = 0.12ms, max = 1.06ms, min = 0.01ms, total = 2.86ms
	NodeInfoGcsService.grpc_server.GetClusterId.HandleRequestImpl - 10 total (0 active), Execution time: mean = 0.38ms, total = 3.85ms, Queueing time: mean = 0.87ms, max = 8.47ms, min = 0.01ms, total = 8.66ms
	NodeInfoGcsService.grpc_server.GetClusterId - 10 total (0 active), Execution time: mean = 1.54ms, total = 15.35ms, Queueing time: mean = 0.00ms, max = -0.00ms, min = 9223372036854.78ms, total = 0.00ms
	GcsInMemoryStore.GetAll - 8 total (0 active), Execution time: mean = 0.02ms, total = 0.13ms, Queueing time: mean = 0.05ms, max = 0.10ms, min = 0.00ms, total = 0.38ms
	NodeInfoGcsService.grpc_server.GetAllNodeInfo.HandleRequestImpl - 7 total (0 active), Execution time: mean = 0.02ms, total = 0.13ms, Queueing time: mean = 0.01ms, max = 0.02ms, min = 0.01ms, total = 0.08ms
	NodeInfoGcsService.grpc_server.GetAllNodeInfo - 7 total (0 active), Execution time: mean = 0.15ms, total = 1.07ms, Queueing time: mean = 0.00ms, max = -0.00ms, min = 9223372036854.78ms, total = 0.00ms
	PeriodicalRunner.RunFnPeriodically - 5 total (0 active), Execution time: mean = 0.13ms, total = 0.64ms, Queueing time: mean = 393.88ms, max = 978.61ms, min = 3.95ms, total = 1969.40ms
	NodeInfoGcsService.grpc_server.GetAllNodeAddressAndLiveness - 4 total (0 active), Execution time: mean = 0.24ms, total = 0.95ms, Queueing time: mean = 0.00ms, max = -0.00ms, min = 9223372036854.78ms, total = 0.00ms
	GCSServer.deadline_timer.debug_state_event_stats_print - 4 total (1 active, 1 running), Execution time: mean = 0.70ms, total = 2.79ms, Queueing time: mean = 0.01ms, max = 0.01ms, min = 0.01ms, total = 0.04ms
	NodeInfoGcsService.grpc_server.GetAllNodeAddressAndLiveness.HandleRequestImpl - 4 total (0 active), Execution time: mean = 0.01ms, total = 0.03ms, Queueing time: mean = 0.12ms, max = 0.45ms, min = 0.01ms, total = 0.48ms
	GcsResourceManager::Update - 4 total (0 active), Execution time: mean = 0.04ms, total = 0.18ms, Queueing time: mean = 0.01ms, max = 0.01ms, min = 0.01ms, total = 0.04ms
	GcsHealthCheckManager::MarkNodeHealthy - 4 total (0 active), Execution time: mean = 0.00ms, total = 0.00ms, Queueing time: mean = 0.01ms, max = 0.01ms, min = 0.01ms, total = 0.05ms
	WorkerInfoGcsService.grpc_server.AddWorkerInfo - 3 total (0 active), Execution time: mean = 0.19ms, total = 0.57ms, Queueing time: mean = 0.00ms, max = -0.00ms, min = 9223372036854.78ms, total = 0.00ms
	InternalKVGcsService.grpc_server.InternalKVKeys - 3 total (0 active), Execution time: mean = 0.18ms, total = 0.55ms, Queueing time: mean = 0.00ms, max = -0.00ms, min = 9223372036854.78ms, total = 0.00ms
	GcsInMemoryStore.Keys - 3 total (0 active), Execution time: mean = 0.01ms, total = 0.03ms, Queueing time: mean = 0.01ms, max = 0.01ms, min = 0.01ms, total = 0.02ms
	InternalKVGcsService.grpc_server.InternalKVKeys.HandleRequestImpl - 3 total (0 active), Execution time: mean = 0.04ms, total = 0.11ms, Queueing time: mean = 0.01ms, max = 0.02ms, min = 0.01ms, total = 0.04ms
	WorkerInfoGcsService.grpc_server.AddWorkerInfo.HandleRequestImpl - 3 total (0 active), Execution time: mean = 0.03ms, total = 0.08ms, Queueing time: mean = 0.01ms, max = 0.02ms, min = 0.01ms, total = 0.04ms
	JobInfoGcsService.grpc_server.GetAllJobInfo - 2 total (0 active), Execution time: mean = 0.17ms, total = 0.34ms, Queueing time: mean = 0.00ms, max = -0.00ms, min = 9223372036854.78ms, total = 0.00ms
	JobInfoGcsService.grpc_server.GetAllJobInfo.HandleRequestImpl - 2 total (0 active), Execution time: mean = 0.02ms, total = 0.04ms, Queueing time: mean = 0.01ms, max = 0.01ms, min = 0.01ms, total = 0.03ms
	GcsInMemoryStore.GetNextJobID - 1 total (0 active), Execution time: mean = 0.00ms, total = 0.00ms, Queueing time: mean = 0.00ms, max = 0.00ms, min = 0.00ms, total = 0.00ms
	NodeInfoGcsService.grpc_server.RegisterNode.HandleRequestImpl - 1 total (0 active), Execution time: mean = 0.09ms, total = 0.09ms, Queueing time: mean = 0.02ms, max = 0.02ms, min = 0.02ms, total = 0.02ms
	NodeManagerService.grpc_client.RequestWorkerLease - 1 total (0 active), Execution time: mean = 2009.14ms, total = 2009.14ms, Queueing time: mean = 0.00ms, max = -0.00ms, min = 9223372036854.78ms, total = 0.00ms
	InternalKVGcsService.grpc_server.InternalKVExists.HandleRequestImpl - 1 total (0 active), Execution time: mean = 0.04ms, total = 0.04ms, Queueing time: mean = 0.01ms, max = 0.01ms, min = 0.01ms, total = 0.01ms
	PlacementGroupInfoGcsService.grpc_server.GetPlacementGroup.HandleRequestImpl - 1 total (0 active), Execution time: mean = 0.02ms, total = 0.02ms, Queueing time: mean = 0.01ms, max = 0.01ms, min = 0.01ms, total = 0.01ms
	JobInfoGcsService.grpc_server.GetNextJobID - 1 total (0 active), Execution time: mean = 0.12ms, total = 0.12ms, Queueing time: mean = 0.00ms, max = -0.00ms, min = 9223372036854.78ms, total = 0.00ms
	GcsInitData::AsyncLoad - 1 total (0 active), Execution time: mean = 0.01ms, total = 0.01ms, Queueing time: mean = 0.00ms, max = 0.00ms, min = 0.00ms, total = 0.00ms
	ActorInfoGcsService.grpc_server.GetActorInfo.HandleRequestImpl - 1 total (0 active), Execution time: mean = 0.02ms, total = 0.02ms, Queueing time: mean = 0.01ms, max = 0.01ms, min = 0.01ms, total = 0.01ms
	JobInfoGcsService.grpc_server.GetNextJobID.HandleRequestImpl - 1 total (0 active), Execution time: mean = 0.01ms, total = 0.01ms, Queueing time: mean = 0.01ms, max = 0.01ms, min = 0.01ms, total = 0.01ms
	JobInfoGcsService.grpc_server.AddJob.HandleRequestImpl - 1 total (0 active), Execution time: mean = 0.10ms, total = 0.10ms, Queueing time: mean = 0.03ms, max = 0.03ms, min = 0.03ms, total = 0.03ms
	CoreWorkerService.grpc_client.PushTask - 1 total (0 active), Execution time: mean = 24448.09ms, total = 24448.09ms, Queueing time: mean = 0.00ms, max = -0.00ms, min = 9223372036854.78ms, total = 0.00ms
	InternalKVGcsService.grpc_server.InternalKVMultiGet - 1 total (0 active), Execution time: mean = 0.18ms, total = 0.18ms, Queueing time: mean = 0.00ms, max = -0.00ms, min = 9223372036854.78ms, total = 0.00ms
	NodeInfoGcsService.grpc_server.RegisterNode - 1 total (0 active), Execution time: mean = 0.53ms, total = 0.53ms, Queueing time: mean = 0.00ms, max = -0.00ms, min = 9223372036854.78ms, total = 0.00ms
	InternalKVGcsService.grpc_server.InternalKVDel - 1 total (0 active), Execution time: mean = 0.50ms, total = 0.50ms, Queueing time: mean = 0.00ms, max = -0.00ms, min = 9223372036854.78ms, total = 0.00ms
	NodeResourceInfoGcsService.grpc_server.GetAllAvailableResources.HandleRequestImpl - 1 total (0 active), Execution time: mean = 0.03ms, total = 0.03ms, Queueing time: mean = 0.02ms, max = 0.02ms, min = 0.02ms, total = 0.02ms
	JobInfoGcsService.grpc_server.AddJob - 1 total (0 active), Execution time: mean = 0.39ms, total = 0.39ms, Queueing time: mean = 0.00ms, max = -0.00ms, min = 9223372036854.78ms, total = 0.00ms
	WorkerInfoGcsService.grpc_server.ReportWorkerFailure - 1 total (0 active), Execution time: mean = 1.66ms, total = 1.66ms, Queueing time: mean = 0.00ms, max = -0.00ms, min = 9223372036854.78ms, total = 0.00ms
	CoreWorkerService.grpc_client.PushTask.OnReplyReceived - 1 total (0 active), Execution time: mean = 0.21ms, total = 0.21ms, Queueing time: mean = 0.02ms, max = 0.02ms, min = 0.02ms, total = 0.02ms
	GcsInMemoryStore.Delete - 1 total (0 active), Execution time: mean = 0.01ms, total = 0.01ms, Queueing time: mean = 0.01ms, max = 0.01ms, min = 0.01ms, total = 0.01ms
	ActorInfoGcsService.grpc_server.RegisterActor - 1 total (0 active), Execution time: mean = 0.77ms, total = 0.77ms, Queueing time: mean = 0.00ms, max = -0.00ms, min = 9223372036854.78ms, total = 0.00ms
	PlacementGroupInfoGcsService.grpc_server.GetPlacementGroup - 1 total (0 active), Execution time: mean = 0.14ms, total = 0.14ms, Queueing time: mean = 0.00ms, max = -0.00ms, min = 9223372036854.78ms, total = 0.00ms
	NodeManager.AddNodeCallback - 1 total (0 active), Execution time: mean = 0.43ms, total = 0.43ms, Queueing time: mean = 0.28ms, max = 0.28ms, min = 0.28ms, total = 0.28ms
	InternalKVGcsService.grpc_server.GetInternalConfig.HandleRequestImpl - 1 total (0 active), Execution time: mean = 0.02ms, total = 0.02ms, Queueing time: mean = 0.02ms, max = 0.02ms, min = 0.02ms, total = 0.02ms
	InternalKVGcsService.grpc_server.InternalKVExists - 1 total (0 active), Execution time: mean = 0.17ms, total = 0.17ms, Queueing time: mean = 0.00ms, max = -0.00ms, min = 9223372036854.78ms, total = 0.00ms
	ActorInfoGcsService.grpc_server.CreateActor - 1 total (0 active), Execution time: mean = 26458.67ms, total = 26458.67ms, Queueing time: mean = 0.00ms, max = -0.00ms, min = 9223372036854.78ms, total = 0.00ms
	InternalKVGcsService.grpc_server.GetInternalConfig - 1 total (0 active), Execution time: mean = 0.27ms, total = 0.27ms, Queueing time: mean = 0.00ms, max = -0.00ms, min = 9223372036854.78ms, total = 0.00ms
	ActorInfoGcsService.grpc_server.RegisterActor.HandleRequestImpl - 1 total (0 active), Execution time: mean = 0.60ms, total = 0.60ms, Queueing time: mean = 0.02ms, max = 0.02ms, min = 0.02ms, total = 0.02ms
	InternalKVGcsService.grpc_server.InternalKVMultiGet.HandleRequestImpl - 1 total (0 active), Execution time: mean = 0.05ms, total = 0.05ms, Queueing time: mean = 0.01ms, max = 0.01ms, min = 0.01ms, total = 0.01ms
	PlacementGroupInfoGcsService.grpc_server.CreatePlacementGroup - 1 total (0 active), Execution time: mean = 0.32ms, total = 0.32ms, Queueing time: mean = 0.00ms, max = -0.00ms, min = 9223372036854.78ms, total = 0.00ms
	InternalKVGcsService.grpc_server.InternalKVDel.HandleRequestImpl - 1 total (0 active), Execution time: mean = 0.03ms, total = 0.03ms, Queueing time: mean = 0.01ms, max = 0.01ms, min = 0.01ms, total = 0.01ms
	CoreWorkerService.grpc_client.WaitForActorRefDeleted - 1 total (1 active), Execution time: mean = 0.00ms, total = 0.00ms, Queueing time: mean = 0.00ms, max = -0.00ms, min = 9223372036854.78ms, total = 0.00ms
	NodeResourceInfoGcsService.grpc_server.GetAllAvailableResources - 1 total (0 active), Execution time: mean = 0.28ms, total = 0.28ms, Queueing time: mean = 0.00ms, max = -0.00ms, min = 9223372036854.78ms, total = 0.00ms
	NodeManagerService.grpc_client.RequestWorkerLease.OnReplyReceived - 1 total (0 active), Execution time: mean = 0.40ms, total = 0.40ms, Queueing time: mean = 0.02ms, max = 0.02ms, min = 0.02ms, total = 0.02ms
	ActorInfoGcsService.grpc_server.GetActorInfo - 1 total (0 active), Execution time: mean = 0.15ms, total = 0.15ms, Queueing time: mean = 0.00ms, max = -0.00ms, min = 9223372036854.78ms, total = 0.00ms
	ActorInfoGcsService.grpc_server.CreateActor.HandleRequestImpl - 1 total (0 active), Execution time: mean = 0.58ms, total = 0.58ms, Queueing time: mean = 0.02ms, max = 0.02ms, min = 0.02ms, total = 0.02ms
	GcsInMemoryStore.Exists - 1 total (0 active), Execution time: mean = 0.01ms, total = 0.01ms, Queueing time: mean = 0.01ms, max = 0.01ms, min = 0.01ms, total = 0.01ms
	WorkerInfoGcsService.grpc_server.ReportWorkerFailure.HandleRequestImpl - 1 total (0 active), Execution time: mean = 0.04ms, total = 0.04ms, Queueing time: mean = 0.03ms, max = 0.03ms, min = 0.03ms, total = 0.03ms
	GcsHealthCheckManager::AddNode - 1 total (0 active), Execution time: mean = 0.01ms, total = 0.01ms, Queueing time: mean = 0.00ms, max = 0.00ms, min = 0.00ms, total = 0.00ms
	PlacementGroupInfoGcsService.grpc_server.CreatePlacementGroup.HandleRequestImpl - 1 total (0 active), Execution time: mean = 0.15ms, total = 0.15ms, Queueing time: mean = 0.01ms, max = 0.01ms, min = 0.01ms, total = 0.01ms
	GcsServer.GetOrGenerateClusterId.continuation - 1 total (0 active), Execution time: mean = 975.13ms, total = 975.13ms, Queueing time: mean = 0.00ms, max = 0.00ms, min = 0.00ms, total = 0.00ms


[2025-11-28 15:40:45,081 I 672498 672498] (gcs_server) gcs_server.cc:944: task_io_context Event stats:


Global stats: 866 total (1 active)
Queueing time: mean = 0.01ms, max = 0.57ms, min = 0.00ms, total = 8.90ms
Execution time:  mean = 0.08ms, total = 66.68ms
Event stats:
	TaskInfoGcsService.grpc_server.AddTaskEventData.HandleRequestImpl - 395 total (0 active), Execution time: mean = 0.01ms, total = 2.68ms, Queueing time: mean = 0.02ms, max = 0.03ms, min = 0.01ms, total = 7.37ms
	TaskInfoGcsService.grpc_server.AddTaskEventData - 395 total (0 active), Execution time: mean = 0.16ms, total = 62.94ms, Queueing time: mean = 0.00ms, max = -0.00ms, min = 9223372036854.78ms, total = 0.00ms
	GcsTaskManager.GcJobSummary - 49 total (1 active), Execution time: mean = 0.00ms, total = 0.24ms, Queueing time: mean = 0.02ms, max = 0.03ms, min = 0.01ms, total = 0.79ms
	event_loop_lag_probe - 26 total (0 active), Execution time: mean = 0.03ms, total = 0.80ms, Queueing time: mean = 0.03ms, max = 0.57ms, min = 0.00ms, total = 0.73ms
	PeriodicalRunner.RunFnPeriodically - 1 total (0 active), Execution time: mean = 0.02ms, total = 0.02ms, Queueing time: mean = 0.02ms, max = 0.02ms, min = 0.02ms, total = 0.02ms


[2025-11-28 15:40:45,081 I 672498 672498] (gcs_server) gcs_server.cc:944: pubsub_io_context Event stats:


Global stats: 63 total (6 active)
Queueing time: mean = 0.02ms, max = 0.77ms, min = 0.00ms, total = 1.33ms
Execution time:  mean = 1092.50ms, total = 68827.41ms
Event stats:
	event_loop_lag_probe - 26 total (0 active), Execution time: mean = 0.03ms, total = 0.65ms, Queueing time: mean = 0.04ms, max = 0.77ms, min = 0.00ms, total = 0.92ms
	InternalPubSubGcsService.grpc_server.GcsSubscriberPoll.HandleRequestImpl - 9 total (0 active), Execution time: mean = 0.03ms, total = 0.27ms, Queueing time: mean = 0.03ms, max = 0.12ms, min = 0.01ms, total = 0.25ms
	InternalPubSubGcsService.grpc_server.GcsSubscriberPoll - 9 total (5 active), Execution time: mean = 7647.18ms, total = 68824.62ms, Queueing time: mean = 0.00ms, max = -0.00ms, min = 9223372036854.78ms, total = 0.00ms
	InternalPubSubGcsService.grpc_server.GcsSubscriberCommandBatch.HandleRequestImpl - 8 total (0 active), Execution time: mean = 0.05ms, total = 0.44ms, Queueing time: mean = 0.02ms, max = 0.02ms, min = 0.01ms, total = 0.13ms
	InternalPubSubGcsService.grpc_server.GcsSubscriberCommandBatch - 8 total (0 active), Execution time: mean = 0.18ms, total = 1.41ms, Queueing time: mean = 0.00ms, max = -0.00ms, min = 9223372036854.78ms, total = 0.00ms
	RemoveSubscriberFrom - 1 total (0 active), Execution time: mean = 0.01ms, total = 0.01ms, Queueing time: mean = 0.02ms, max = 0.02ms, min = 0.02ms, total = 0.02ms
	Publisher.CheckDeadSubscribers - 1 total (1 active), Execution time: mean = 0.00ms, total = 0.00ms, Queueing time: mean = 0.00ms, max = -0.00ms, min = 9223372036854.78ms, total = 0.00ms
	PeriodicalRunner.RunFnPeriodically - 1 total (0 active), Execution time: mean = 0.01ms, total = 0.01ms, Queueing time: mean = 0.02ms, max = 0.02ms, min = 0.02ms, total = 0.02ms


[2025-11-28 15:40:45,081 I 672498 672498] (gcs_server) gcs_server.cc:944: ray_syncer_io_context Event stats:


Global stats: 36 total (0 active)
Queueing time: mean = 0.05ms, max = 1.29ms, min = 0.00ms, total = 1.63ms
Execution time:  mean = 0.03ms, total = 1.08ms
Event stats:
	event_loop_lag_probe - 26 total (0 active), Execution time: mean = 0.02ms, total = 0.61ms, Queueing time: mean = 0.06ms, max = 1.29ms, min = 0.00ms, total = 1.47ms
	RaySyncer.BroadcastMessage - 4 total (0 active), Execution time: mean = 0.01ms, total = 0.04ms, Queueing time: mean = 0.00ms, max = 0.00ms, min = 0.00ms, total = 0.00ms
	 - 4 total (0 active), Execution time: mean = 0.10ms, total = 0.42ms, Queueing time: mean = 0.02ms, max = 0.03ms, min = 0.01ms, total = 0.09ms
	RaySyncerRegister - 2 total (0 active), Execution time: mean = 0.00ms, total = 0.01ms, Queueing time: mean = 0.03ms, max = 0.04ms, min = 0.02ms, total = 0.06ms


[2025-11-28 15:40:45,081 I 672498 672498] (gcs_server) gcs_server.cc:944: ray_event_io_context Event stats:


Global stats: 26 total (0 active)
Queueing time: mean = 0.05ms, max = 1.12ms, min = 0.00ms, total = 1.27ms
Execution time:  mean = 0.02ms, total = 0.47ms
Event stats:
	event_loop_lag_probe - 26 total (0 active), Execution time: mean = 0.02ms, total = 0.47ms, Queueing time: mean = 0.05ms, max = 1.12ms, min = 0.00ms, total = 1.27ms


2025-11-28 15:40:46,552	INFO (monitor) autoscaler.py:147 -- The autoscaler took 0.0 seconds to fetch the list of non-terminated nodes.
2025-11-28 15:40:46,552	INFO (monitor) autoscaler.py:408 -- 
======== Autoscaler status: 2025-11-28 15:40:46.552222 ========
Node status
---------------------------------------------------------------
Active:
 1 node_fbb9841b3107256f006a4e24c5be7456a673f220f17e763ce1348e9e
Pending:
 (no pending nodes)
Recent failures:
 (no failures)

Resources
---------------------------------------------------------------
Total Usage:
 1.0/1.0 CPU
 0.0/1.0 GPU
 0B/349.75GiB memory
 0B/149.89GiB object_store_memory

From request_resources:
 (none)
Pending Demands:
 {'CPU': 1.0, 'GPU': 1.0} * 1 (STRICT_PACK): 1+ pending placement groups
2025-11-28 15:40:46,552	INFO (monitor) autoscaler.py:463 -- The autoscaler took 0.001 seconds to complete the update iteration.
[2025-11-28 15:40:47,968 I 672801 672824] (raylet) store.cc:572: Plasma store debug dump: 
Current usage: 0 / 160.946 GB
- num bytes created total: 24
0 pending objects of total size 0MB
- objects spillable: 0
- bytes spillable: 0
- objects unsealed: 0
- bytes unsealed: 0
- objects in use: 0
- bytes in use: 0
- objects evictable: 0
- bytes evictable: 0

- objects created by worker: 0
- bytes created by worker: 0
- objects restored: 0
- bytes restored: 0
- objects received: 0
- bytes received: 0
- objects errored: 0
- bytes errored: 0

[2025-11-28 15:40:48,994 I 672801 672801] (raylet) node_manager.cc:440: [state-dump] NodeManager:
[state-dump] Node ID: fbb9841b3107256f006a4e24c5be7456a673f220f17e763ce1348e9e
[state-dump] Node name: 10.102.35.9
[state-dump] InitialConfigResources: {accelerator_type:A100: 1, CPU: 1, memory: 3.75541e+11, GPU: 1, node:10.102.35.9: 1, object_store_memory: 1.60946e+11, node:__internal_head__: 1}
[state-dump] ClusterLeaseManager:
[state-dump] ========== Node: fbb9841b3107256f006a4e24c5be7456a673f220f17e763ce1348e9e =================
[state-dump] Infeasible queue length: 1
[state-dump] Schedule queue length: 0
[state-dump] Grant queue length: 0
[state-dump] num_waiting_for_resource: 0
[state-dump] num_waiting_for_plasma_memory: 0
[state-dump] num_waiting_for_remote_node_resources: 0
[state-dump] num_worker_not_started_by_job_config_not_exist: 0
[state-dump] num_worker_not_started_by_registration_timeout: 0
[state-dump] num_tasks_waiting_for_workers: 0
[state-dump] num_cancelled_leases: 0
[state-dump] cluster_resource_scheduler state: 
[state-dump] Local id: -6166997991266946165 Local resources: {"total":{GPU: [10000], node:10.102.35.9: [10000], CPU: [10000], node:__internal_head__: [10000], memory: [3755414892550000], object_store_memory: [1609463525370000], accelerator_type:A100: [10000]}}, "available": {GPU: [10000], node:10.102.35.9: [10000], CPU: [0], node:__internal_head__: [10000], memory: [3755414892550000], object_store_memory: [1609463525370000], accelerator_type:A100: [10000]}}, "labels":{"ray.io/node-id":"fbb9841b3107256f006a4e24c5be7456a673f220f17e763ce1348e9e","ray.io/accelerator-type":"A100",} is_draining: 0 is_idle: 0 Cluster resources (at most 20 nodes are shown): node id: -6166997991266946165{"total":{node:10.102.35.9: 10000, GPU: 10000, CPU: 10000, object_store_memory: 1609463525370000, memory: 3755414892550000, accelerator_type:A100: 10000, node:__internal_head__: 10000}}, "available": {object_store_memory: 1609463525370000, memory: 3755414892550000, accelerator_type:A100: 10000, GPU: 10000, node:10.102.35.9: 10000, node:__internal_head__: 10000}}, "labels":{"ray.io/node-id":"fbb9841b3107256f006a4e24c5be7456a673f220f17e763ce1348e9e","ray.io/accelerator-type":"A100",}, "is_draining": 0, "draining_deadline_timestamp_ms": -1} { "placement group locations": [], "node to bundles": []}
[state-dump] Waiting leases size: 0
[state-dump] Number of granted lease arguments: 0
[state-dump] Number of pinned lease arguments: 0
[state-dump] Number of total spilled leases: 0
[state-dump] Number of spilled waiting leases: 0
[state-dump] Number of spilled unschedulable leases: 0
[state-dump] Resource usage {
[state-dump]     - (language=PYTHON actor_or_taskTaskRunner.__init__ pid=673348 worker_id=3293f9baf9f0772a29df934ce9aa40562820dbe52583e5e641f030c5): {CPU: 1}
[state-dump] }
[state-dump] Backlog Size per scheduling descriptor :{workerId: num backlogs}:
[state-dump] 
[state-dump] Granted leases by scheduling class:
[state-dump] ==================================================
[state-dump] 
[state-dump] ClusterResources:
[state-dump] LocalObjectManager:
[state-dump] - num pinned objects: 0
[state-dump] - pinned objects size: 0
[state-dump] - num objects pending restore: 0
[state-dump] - num objects pending spill: 0
[state-dump] - num bytes pending spill: 0
[state-dump] - num bytes currently spilled: 0
[state-dump] - cumulative spill requests: 0
[state-dump] - cumulative restore requests: 0
[state-dump] - spilled objects pending delete: 0
[state-dump] 
[state-dump] ObjectManager:
[state-dump] - num local objects: 0
[state-dump] - num unfulfilled push requests: 0
[state-dump] - num object pull requests: 0
[state-dump] - num chunks received total: 0
[state-dump] - num chunks received failed (all): 0
[state-dump] - num chunks received failed / cancelled: 0
[state-dump] - num chunks received failed / plasma error: 0
[state-dump] Event stats:
[state-dump] Global stats: 0 total (0 active)
[state-dump] Queueing time: mean = -nanms, max = -0.00ms, min = 9223372036854.78ms, total = 0.00ms
[state-dump] Execution time:  mean = -nanms, total = 0.00ms
[state-dump] Event stats:
[state-dump] PushManager:
[state-dump] - num pushes remaining: 0
[state-dump] - num chunks in flight: 0
[state-dump] - num chunks remaining: 0
[state-dump] - max chunks allowed: 409
[state-dump] OwnershipBasedObjectDirectory:
[state-dump] - num listeners: 0
[state-dump] - cumulative location updates: 0
[state-dump] - num location updates per second: 0.000
[state-dump] - num location lookups per second: 0.000
[state-dump] - num locations added per second: 0.000
[state-dump] - num locations removed per second: 0.000
[state-dump] BufferPool:
[state-dump] - create buffer state map size: 0
[state-dump] PullManager:
[state-dump] - num bytes available for pulled objects: 160946352537
[state-dump] - num bytes being pulled (all): 0
[state-dump] - num bytes being pulled / pinned: 0
[state-dump] - get request bundles: BundlePullRequestQueue{0 total, 0 active, 0 inactive, 0 unpullable}
[state-dump] - wait request bundles: BundlePullRequestQueue{0 total, 0 active, 0 inactive, 0 unpullable}
[state-dump] - task request bundles: BundlePullRequestQueue{0 total, 0 active, 0 inactive, 0 unpullable}
[state-dump] - first get request bundle: N/A
[state-dump] - first wait request bundle: N/A
[state-dump] - first task request bundle: N/A
[state-dump] - num objects queued: 0
[state-dump] - num objects actively pulled (all): 0
[state-dump] - num objects actively pulled / pinned: 0
[state-dump] - num bundles being pulled: 0
[state-dump] - num pull retries: 0
[state-dump] - max timeout seconds: 0
[state-dump] - max timeout request is already processed. No entry.
[state-dump] 
[state-dump] WorkerPool:
[state-dump] - registered jobs: 1
[state-dump] - process_failed_job_config_missing: 0
[state-dump] - process_failed_rate_limited: 0
[state-dump] - process_failed_pending_registration: 0
[state-dump] - process_failed_runtime_env_setup_failed: 0
[state-dump] - num JAVA workers: 0
[state-dump] - num JAVA drivers: 0
[state-dump] - num JAVA pending start requests: 0
[state-dump] - num JAVA pending registration requests: 0
[state-dump] - num object spill callbacks queued: 0
[state-dump] - num object restore queued: 0
[state-dump] - num util functions queued: 0
[state-dump] - num PYTHON workers: 1
[state-dump] - num PYTHON drivers: 1
[state-dump] - num PYTHON pending start requests: 0
[state-dump] - num PYTHON pending registration requests: 0
[state-dump] - num object spill callbacks queued: 0
[state-dump] - num object restore queued: 0
[state-dump] - num util functions queued: 0
[state-dump] - num idle workers: 0
[state-dump] LeaseDependencyManager:
[state-dump] - lease deps map size: 0
[state-dump] - get req map size: 0
[state-dump] - wait req map size: 0
[state-dump] - local objects map size: 0
[state-dump] WaitManager:
[state-dump] - num active wait requests: 0
[state-dump] Subscriber:
[state-dump] Channel WORKER_OBJECT_EVICTION
[state-dump] - cumulative subscribe requests: 0
[state-dump] - cumulative unsubscribe requests: 0
[state-dump] - active subscribed publishers: 0
[state-dump] - cumulative published messages: 0
[state-dump] - cumulative processed messages: 0
[state-dump] Channel WORKER_OBJECT_LOCATIONS_CHANNEL
[state-dump] - cumulative subscribe requests: 0
[state-dump] - cumulative unsubscribe requests: 0
[state-dump] - active subscribed publishers: 0
[state-dump] - cumulative published messages: 0
[state-dump] - cumulative processed messages: 0
[state-dump] Channel WORKER_REF_REMOVED_CHANNEL
[state-dump] - cumulative subscribe requests: 0
[state-dump] - cumulative unsubscribe requests: 0
[state-dump] - active subscribed publishers: 0
[state-dump] - cumulative published messages: 0
[state-dump] - cumulative processed messages: 0
[state-dump] num async plasma notifications: 0
[state-dump] Event stats:
[state-dump] Global stats: 11986 total (18 active)
[state-dump] Queueing time: mean = 4.76ms, max = 24446.82ms, min = -0.03ms, total = 57020.42ms
[state-dump] Execution time:  mean = 3.73ms, total = 44715.71ms
[state-dump] Event stats:
[state-dump] 	RaySyncer.OnDemandBroadcasting - 2400 total (1 active), Execution time: mean = 0.00ms, total = 3.66ms, Queueing time: mean = 0.02ms, max = 6.31ms, min = -0.00ms, total = 42.07ms
[state-dump] 	NodeManager.CheckGC - 2400 total (1 active), Execution time: mean = 0.00ms, total = 1.69ms, Queueing time: mean = 0.02ms, max = 6.32ms, min = 0.00ms, total = 43.89ms
[state-dump] 	ObjectManager.UpdateAvailableMemory - 2400 total (0 active), Execution time: mean = 0.00ms, total = 1.50ms, Queueing time: mean = 0.01ms, max = 0.09ms, min = 0.00ms, total = 18.79ms
[state-dump] 	RayletWorkerPool.deadline_timer.kill_idle_workers - 1200 total (1 active), Execution time: mean = 0.00ms, total = 2.24ms, Queueing time: mean = 0.02ms, max = 0.80ms, min = 0.01ms, total = 21.91ms
[state-dump] 	MemoryMonitor.CheckIsMemoryUsageAboveThreshold - 959 total (1 active), Execution time: mean = 0.40ms, total = 380.39ms, Queueing time: mean = 0.01ms, max = 0.04ms, min = 0.00ms, total = 14.00ms
[state-dump] 	NodeManagerService.grpc_server.ReportWorkerBacklog - 401 total (0 active), Execution time: mean = 0.20ms, total = 79.90ms, Queueing time: mean = 0.00ms, max = -0.00ms, min = 9223372036854.78ms, total = 0.00ms
[state-dump] 	NodeManagerService.grpc_server.ReportWorkerBacklog.HandleRequestImpl - 401 total (0 active), Execution time: mean = 0.04ms, total = 14.68ms, Queueing time: mean = 0.02ms, max = 0.12ms, min = 0.01ms, total = 6.07ms
[state-dump] 	NodeManager.ScheduleAndGrantLeases - 241 total (1 active), Execution time: mean = 0.01ms, total = 1.33ms, Queueing time: mean = 0.02ms, max = 0.07ms, min = 0.00ms, total = 3.70ms
[state-dump] 	NodeManager.CheckForUnexpectedWorkerDisconnects - 241 total (1 active), Execution time: mean = 0.01ms, total = 1.43ms, Queueing time: mean = 0.01ms, max = 0.07ms, min = -0.00ms, total = 3.58ms
[state-dump] 	NodeManager.deadline_timer.flush_free_objects - 240 total (1 active), Execution time: mean = 0.00ms, total = 0.27ms, Queueing time: mean = 0.09ms, max = 0.97ms, min = 0.01ms, total = 20.80ms
[state-dump] 	NodeManager.deadline_timer.spill_objects_when_over_threshold - 240 total (1 active), Execution time: mean = 0.00ms, total = 0.24ms, Queueing time: mean = 0.09ms, max = 0.97ms, min = 0.01ms, total = 20.83ms
[state-dump] 	NodeManagerService.grpc_server.GetResourceLoad - 240 total (0 active), Execution time: mean = 0.29ms, total = 70.20ms, Queueing time: mean = 0.00ms, max = -0.00ms, min = 9223372036854.78ms, total = 0.00ms
[state-dump] 	NodeManagerService.grpc_server.GetResourceLoad.HandleRequestImpl - 240 total (0 active), Execution time: mean = 0.06ms, total = 14.61ms, Queueing time: mean = 0.02ms, max = 0.32ms, min = 0.01ms, total = 3.85ms
[state-dump] 	ClusterResourceManager.ResetRemoteNodeView - 81 total (1 active), Execution time: mean = 0.00ms, total = 0.19ms, Queueing time: mean = 0.02ms, max = 0.03ms, min = 0.01ms, total = 1.33ms
[state-dump] 	NodeManager.deadline_timer.record_metrics - 48 total (1 active), Execution time: mean = 0.12ms, total = 5.53ms, Queueing time: mean = 0.32ms, max = 0.94ms, min = 0.01ms, total = 15.46ms
[state-dump] 	ReporterService.grpc_client.HealthCheck.OnReplyReceived - 31 total (0 active), Execution time: mean = 0.03ms, total = 0.86ms, Queueing time: mean = 0.02ms, max = 0.24ms, min = 0.00ms, total = 0.54ms
[state-dump] 	ReporterService.grpc_client.HealthCheck - 31 total (0 active), Execution time: mean = 0.16ms, total = 4.89ms, Queueing time: mean = 0.00ms, max = -0.00ms, min = 9223372036854.78ms, total = 0.00ms
[state-dump] 	MetricsAgentClient.WaitForServerReadyWithRetry - 30 total (0 active), Execution time: mean = 0.09ms, total = 2.76ms, Queueing time: mean = 1000.01ms, max = 1000.02ms, min = 1000.01ms, total = 30000.42ms
[state-dump] 	event_loop_lag_probe - 26 total (0 active), Execution time: mean = 0.02ms, total = 0.54ms, Queueing time: mean = 0.47ms, max = 12.24ms, min = 0.00ms, total = 12.32ms
[state-dump] 	NodeManager.deadline_timer.debug_state_dump - 24 total (1 active), Execution time: mean = 0.86ms, total = 20.61ms, Queueing time: mean = 0.01ms, max = 0.02ms, min = -0.03ms, total = 0.28ms
[state-dump] 	PeriodicalRunner.RunFnPeriodically - 14 total (0 active), Execution time: mean = 0.20ms, total = 2.78ms, Queueing time: mean = 5.10ms, max = 15.84ms, min = 0.04ms, total = 71.38ms
[state-dump] 	ClientConnection.async_read.ProcessMessageHeader - 14 total (2 active), Execution time: mean = 0.00ms, total = 0.06ms, Queueing time: mean = 1908.23ms, max = 24446.82ms, min = 0.03ms, total = 26715.22ms
[state-dump] 	ClientConnection.async_read.ProcessMessage - 12 total (0 active), Execution time: mean = 0.64ms, total = 7.69ms, Queueing time: mean = 0.01ms, max = 0.02ms, min = 0.00ms, total = 0.07ms
[state-dump] 	ClientConnection.async_write.DoAsyncWrites - 4 total (0 active), Execution time: mean = 0.00ms, total = 0.00ms, Queueing time: mean = 0.06ms, max = 0.17ms, min = 0.02ms, total = 0.25ms
[state-dump] 	ray::rpc::NodeInfoGcsService.grpc_client.CheckAlive - 4 total (0 active), Execution time: mean = 0.74ms, total = 2.96ms, Queueing time: mean = 0.00ms, max = -0.00ms, min = 9223372036854.78ms, total = 0.00ms
[state-dump] 	NodeManager.deadline_timer.print_event_loop_stats - 4 total (1 active, 1 running), Execution time: mean = 0.62ms, total = 2.47ms, Queueing time: mean = 0.01ms, max = 0.02ms, min = 0.01ms, total = 0.03ms
[state-dump] 	ray::rpc::NodeInfoGcsService.grpc_client.CheckAlive.OnReplyReceived - 4 total (0 active), Execution time: mean = 0.02ms, total = 0.08ms, Queueing time: mean = 0.02ms, max = 0.03ms, min = 0.01ms, total = 0.08ms
[state-dump] 	 - 4 total (0 active), Execution time: mean = 0.00ms, total = 0.00ms, Queueing time: mean = 0.01ms, max = 0.02ms, min = 0.01ms, total = 0.06ms
[state-dump] 	RaySyncer.BroadcastMessage - 4 total (0 active), Execution time: mean = 0.14ms, total = 0.55ms, Queueing time: mean = 0.00ms, max = 0.00ms, min = 0.00ms, total = 0.00ms
[state-dump] 	NodeManager.GcsCheckAlive - 4 total (1 active), Execution time: mean = 0.12ms, total = 0.48ms, Queueing time: mean = 0.48ms, max = 0.65ms, min = 0.62ms, total = 1.91ms
[state-dump] 	ray::rpc::InternalPubSubGcsService.grpc_client.GcsSubscriberPoll - 3 total (1 active), Execution time: mean = 13680.88ms, total = 41042.65ms, Queueing time: mean = 0.00ms, max = -0.00ms, min = 9223372036854.78ms, total = 0.00ms
[state-dump] 	NodeManagerService.grpc_server.GetSystemConfig - 3 total (0 active), Execution time: mean = 0.33ms, total = 1.00ms, Queueing time: mean = 0.00ms, max = -0.00ms, min = 9223372036854.78ms, total = 0.00ms
[state-dump] 	ObjectManager.ObjectDeleted - 3 total (0 active), Execution time: mean = 0.01ms, total = 0.03ms, Queueing time: mean = 0.02ms, max = 0.02ms, min = 0.02ms, total = 0.06ms
[state-dump] 	NodeManagerService.grpc_server.GetSystemConfig.HandleRequestImpl - 3 total (0 active), Execution time: mean = 0.05ms, total = 0.14ms, Queueing time: mean = 0.01ms, max = 0.02ms, min = 0.01ms, total = 0.04ms
[state-dump] 	ObjectManager.ObjectAdded - 3 total (0 active), Execution time: mean = 0.01ms, total = 0.03ms, Queueing time: mean = 0.01ms, max = 0.01ms, min = 0.01ms, total = 0.03ms
[state-dump] 	RaySyncerRegister - 2 total (0 active), Execution time: mean = 0.00ms, total = 0.00ms, Queueing time: mean = 0.00ms, max = 0.00ms, min = 0.00ms, total = 0.00ms
[state-dump] 	NodeManagerService.grpc_server.RequestWorkerLease - 2 total (1 active), Execution time: mean = 1004.34ms, total = 2008.67ms, Queueing time: mean = 0.00ms, max = -0.00ms, min = 9223372036854.78ms, total = 0.00ms
[state-dump] 	ray::rpc::InternalPubSubGcsService.grpc_client.GcsSubscriberCommandBatch - 2 total (0 active), Execution time: mean = 0.88ms, total = 1.76ms, Queueing time: mean = 0.00ms, max = -0.00ms, min = 9223372036854.78ms, total = 0.00ms
[state-dump] 	ray::rpc::InternalPubSubGcsService.grpc_client.GcsSubscriberCommandBatch.OnReplyReceived - 2 total (0 active), Execution time: mean = 0.10ms, total = 0.19ms, Queueing time: mean = 0.57ms, max = 0.97ms, min = 0.16ms, total = 1.13ms
[state-dump] 	NodeManagerService.grpc_server.RequestWorkerLease.HandleRequestImpl - 2 total (0 active), Execution time: mean = 0.09ms, total = 0.18ms, Queueing time: mean = 0.01ms, max = 0.02ms, min = 0.01ms, total = 0.03ms
[state-dump] 	ray::rpc::InternalPubSubGcsService.grpc_client.GcsSubscriberPoll.OnReplyReceived - 2 total (0 active), Execution time: mean = 0.08ms, total = 0.17ms, Queueing time: mean = 0.02ms, max = 0.04ms, min = 0.01ms, total = 0.05ms
[state-dump] 	ray::rpc::InternalKVGcsService.grpc_client.GetInternalConfig.OnReplyReceived - 1 total (0 active), Execution time: mean = 1023.30ms, total = 1023.30ms, Queueing time: mean = 0.01ms, max = 0.01ms, min = 0.01ms, total = 0.01ms
[state-dump] 	ray::rpc::NodeInfoGcsService.grpc_client.GetAllNodeAddressAndLiveness.OnReplyReceived - 1 total (0 active), Execution time: mean = 0.15ms, total = 0.15ms, Queueing time: mean = 0.01ms, max = 0.01ms, min = 0.01ms, total = 0.01ms
[state-dump] 	ray::rpc::WorkerInfoGcsService.grpc_client.ReportWorkerFailure - 1 total (0 active), Execution time: mean = 2.04ms, total = 2.04ms, Queueing time: mean = 0.00ms, max = -0.00ms, min = 9223372036854.78ms, total = 0.00ms
[state-dump] 	ray::rpc::NodeInfoGcsService.grpc_client.RegisterNode.OnReplyReceived - 1 total (0 active), Execution time: mean = 0.36ms, total = 0.36ms, Queueing time: mean = 0.01ms, max = 0.01ms, min = 0.01ms, total = 0.01ms
[state-dump] 	ray::rpc::JobInfoGcsService.grpc_client.AddJob.OnReplyReceived - 1 total (0 active), Execution time: mean = 0.05ms, total = 0.05ms, Queueing time: mean = 0.02ms, max = 0.02ms, min = 0.02ms, total = 0.02ms
[state-dump] 	ray::rpc::JobInfoGcsService.grpc_client.AddJob - 1 total (0 active), Execution time: mean = 1.76ms, total = 1.76ms, Queueing time: mean = 0.00ms, max = -0.00ms, min = 9223372036854.78ms, total = 0.00ms
[state-dump] 	Subscriber.HandlePublishedMessage_GCS_WORKER_DELTA_CHANNEL - 1 total (0 active), Execution time: mean = 0.00ms, total = 0.00ms, Queueing time: mean = 0.06ms, max = 0.06ms, min = 0.06ms, total = 0.06ms
[state-dump] 	ray::rpc::InternalKVGcsService.grpc_client.GetInternalConfig - 1 total (0 active), Execution time: mean = 1.11ms, total = 1.11ms, Queueing time: mean = 0.00ms, max = -0.00ms, min = 9223372036854.78ms, total = 0.00ms
[state-dump] 	ray::rpc::NodeInfoGcsService.grpc_client.GetAllNodeAddressAndLiveness - 1 total (0 active), Execution time: mean = 0.72ms, total = 0.72ms, Queueing time: mean = 0.00ms, max = -0.00ms, min = 9223372036854.78ms, total = 0.00ms
[state-dump] 	Subscriber.HandlePublishedMessage_GCS_JOB_CHANNEL - 1 total (0 active), Execution time: mean = 0.02ms, total = 0.02ms, Queueing time: mean = 0.11ms, max = 0.11ms, min = 0.11ms, total = 0.11ms
[state-dump] 	ray::rpc::JobInfoGcsService.grpc_client.GetAllJobInfo - 1 total (0 active), Execution time: mean = 0.70ms, total = 0.70ms, Queueing time: mean = 0.00ms, max = -0.00ms, min = 9223372036854.78ms, total = 0.00ms
[state-dump] 	NodeManager.GCTaskFailureReason - 1 total (1 active), Execution time: mean = 0.00ms, total = 0.00ms, Queueing time: mean = 0.00ms, max = -0.00ms, min = 9223372036854.78ms, total = 0.00ms
[state-dump] 	ray::rpc::NodeInfoGcsService.grpc_client.RegisterNode - 1 total (0 active), Execution time: mean = 1.83ms, total = 1.83ms, Queueing time: mean = 0.00ms, max = -0.00ms, min = 9223372036854.78ms, total = 0.00ms
[state-dump] 	CoreWorkerService.grpc_client.Exit.OnReplyReceived - 1 total (0 active), Execution time: mean = 0.02ms, total = 0.02ms, Queueing time: mean = 0.01ms, max = 0.01ms, min = 0.01ms, total = 0.01ms
[state-dump] 	ray::rpc::JobInfoGcsService.grpc_client.GetAllJobInfo.OnReplyReceived - 1 total (0 active), Execution time: mean = 0.01ms, total = 0.01ms, Queueing time: mean = 0.01ms, max = 0.01ms, min = 0.01ms, total = 0.01ms
[state-dump] 	CoreWorkerService.grpc_client.Exit - 1 total (0 active), Execution time: mean = 4.20ms, total = 4.20ms, Queueing time: mean = 0.00ms, max = -0.00ms, min = 9223372036854.78ms, total = 0.00ms
[state-dump] 	ray::rpc::WorkerInfoGcsService.grpc_client.ReportWorkerFailure.OnReplyReceived - 1 total (0 active), Execution time: mean = 0.02ms, total = 0.02ms, Queueing time: mean = 0.02ms, max = 0.02ms, min = 0.02ms, total = 0.02ms
[state-dump] DebugString() time ms: 1
[state-dump] 
[state-dump] 
2025-11-28 15:40:51,555	INFO (monitor) autoscaler.py:147 -- The autoscaler took 0.0 seconds to fetch the list of non-terminated nodes.
2025-11-28 15:40:51,555	INFO (monitor) autoscaler.py:408 -- 
======== Autoscaler status: 2025-11-28 15:40:51.555332 ========
Node status
---------------------------------------------------------------
Active:
 1 node_fbb9841b3107256f006a4e24c5be7456a673f220f17e763ce1348e9e
Pending:
 (no pending nodes)
Recent failures:
 (no failures)

Resources
---------------------------------------------------------------
Total Usage:
 1.0/1.0 CPU
 0.0/1.0 GPU
 0B/349.75GiB memory
 0B/149.89GiB object_store_memory

From request_resources:
 (none)
Pending Demands:
 {'CPU': 1.0, 'GPU': 1.0} * 1 (STRICT_PACK): 1+ pending placement groups
2025-11-28 15:40:51,555	INFO (monitor) autoscaler.py:463 -- The autoscaler took 0.001 seconds to complete the update iteration.
2025-11-28 15:40:56,558	INFO (monitor) autoscaler.py:147 -- The autoscaler took 0.0 seconds to fetch the list of non-terminated nodes.
2025-11-28 15:40:56,558	INFO (monitor) autoscaler.py:408 -- 
======== Autoscaler status: 2025-11-28 15:40:56.558812 ========
Node status
---------------------------------------------------------------
Active:
 1 node_fbb9841b3107256f006a4e24c5be7456a673f220f17e763ce1348e9e
Pending:
 (no pending nodes)
Recent failures:
 (no failures)

Resources
---------------------------------------------------------------
Total Usage:
 1.0/1.0 CPU
 0.0/1.0 GPU
 0B/349.75GiB memory
 0B/149.89GiB object_store_memory

From request_resources:
 (none)
Pending Demands:
 {'CPU': 1.0, 'GPU': 1.0} * 1 (STRICT_PACK): 1+ pending placement groups
2025-11-28 15:40:56,559	INFO (monitor) autoscaler.py:463 -- The autoscaler took 0.001 seconds to complete the update iteration.
2025-11-28 15:41:01,561	INFO (monitor) autoscaler.py:147 -- The autoscaler took 0.0 seconds to fetch the list of non-terminated nodes.
2025-11-28 15:41:01,562	INFO (monitor) autoscaler.py:408 -- 
======== Autoscaler status: 2025-11-28 15:41:01.562100 ========
Node status
---------------------------------------------------------------
Active:
 1 node_fbb9841b3107256f006a4e24c5be7456a673f220f17e763ce1348e9e
Pending:
 (no pending nodes)
Recent failures:
 (no failures)

Resources
---------------------------------------------------------------
Total Usage:
 1.0/1.0 CPU
 0.0/1.0 GPU
 0B/349.75GiB memory
 0B/149.89GiB object_store_memory

From request_resources:
 (none)
Pending Demands:
 {'CPU': 1.0, 'GPU': 1.0} * 1 (STRICT_PACK): 1+ pending placement groups
2025-11-28 15:41:01,562	INFO (monitor) autoscaler.py:463 -- The autoscaler took 0.001 seconds to complete the update iteration.
2025-11-28 15:41:06,565	INFO (monitor) autoscaler.py:147 -- The autoscaler took 0.0 seconds to fetch the list of non-terminated nodes.
2025-11-28 15:41:06,565	INFO (monitor) autoscaler.py:408 -- 
======== Autoscaler status: 2025-11-28 15:41:06.565716 ========
Node status
---------------------------------------------------------------
Active:
 1 node_fbb9841b3107256f006a4e24c5be7456a673f220f17e763ce1348e9e
Pending:
 (no pending nodes)
Recent failures:
 (no failures)

Resources
---------------------------------------------------------------
Total Usage:
 1.0/1.0 CPU
 0.0/1.0 GPU
 0B/349.75GiB memory
 0B/149.89GiB object_store_memory

From request_resources:
 (none)
Pending Demands:
 {'CPU': 1.0, 'GPU': 1.0} * 1 (STRICT_PACK): 1+ pending placement groups
2025-11-28 15:41:06,566	INFO (monitor) autoscaler.py:463 -- The autoscaler took 0.001 seconds to complete the update iteration.
2025-11-28 15:41:11,569	INFO (monitor) autoscaler.py:147 -- The autoscaler took 0.0 seconds to fetch the list of non-terminated nodes.
2025-11-28 15:41:11,569	INFO (monitor) autoscaler.py:408 -- 
======== Autoscaler status: 2025-11-28 15:41:11.569178 ========
Node status
---------------------------------------------------------------
Active:
 1 node_fbb9841b3107256f006a4e24c5be7456a673f220f17e763ce1348e9e
Pending:
 (no pending nodes)
Recent failures:
 (no failures)

Resources
---------------------------------------------------------------
Total Usage:
 1.0/1.0 CPU
 0.0/1.0 GPU
 0B/349.75GiB memory
 0B/149.89GiB object_store_memory

From request_resources:
 (none)
Pending Demands:
 {'CPU': 1.0, 'GPU': 1.0} * 1 (STRICT_PACK): 1+ pending placement groups
2025-11-28 15:41:11,569	INFO (monitor) autoscaler.py:463 -- The autoscaler took 0.001 seconds to complete the update iteration.
2025-11-28 15:41:16,572	INFO (monitor) autoscaler.py:147 -- The autoscaler took 0.0 seconds to fetch the list of non-terminated nodes.
2025-11-28 15:41:16,572	INFO (monitor) autoscaler.py:408 -- 
======== Autoscaler status: 2025-11-28 15:41:16.572633 ========
Node status
---------------------------------------------------------------
Active:
 1 node_fbb9841b3107256f006a4e24c5be7456a673f220f17e763ce1348e9e
Pending:
 (no pending nodes)
Recent failures:
 (no failures)

Resources
---------------------------------------------------------------
Total Usage:
 1.0/1.0 CPU
 0.0/1.0 GPU
 0B/349.75GiB memory
 0B/149.89GiB object_store_memory

From request_resources:
 (none)
Pending Demands:
 {'CPU': 1.0, 'GPU': 1.0} * 1 (STRICT_PACK): 1+ pending placement groups
2025-11-28 15:41:16,573	INFO (monitor) autoscaler.py:463 -- The autoscaler took 0.001 seconds to complete the update iteration.
2025-11-28 15:41:21,576	INFO (monitor) autoscaler.py:147 -- The autoscaler took 0.0 seconds to fetch the list of non-terminated nodes.
2025-11-28 15:41:21,576	INFO (monitor) autoscaler.py:408 -- 
======== Autoscaler status: 2025-11-28 15:41:21.576206 ========
Node status
---------------------------------------------------------------
Active:
 1 node_fbb9841b3107256f006a4e24c5be7456a673f220f17e763ce1348e9e
Pending:
 (no pending nodes)
Recent failures:
 (no failures)

Resources
---------------------------------------------------------------
Total Usage:
 1.0/1.0 CPU
 0.0/1.0 GPU
 0B/349.75GiB memory
 0B/149.89GiB object_store_memory

From request_resources:
 (none)
Pending Demands:
 {'CPU': 1.0, 'GPU': 1.0} * 1 (STRICT_PACK): 1+ pending placement groups
2025-11-28 15:41:21,576	INFO (monitor) autoscaler.py:463 -- The autoscaler took 0.001 seconds to complete the update iteration.
2025-11-28 15:41:26,579	INFO (monitor) autoscaler.py:147 -- The autoscaler took 0.0 seconds to fetch the list of non-terminated nodes.
2025-11-28 15:41:26,579	INFO (monitor) autoscaler.py:408 -- 
======== Autoscaler status: 2025-11-28 15:41:26.579749 ========
Node status
---------------------------------------------------------------
Active:
 1 node_fbb9841b3107256f006a4e24c5be7456a673f220f17e763ce1348e9e
Pending:
 (no pending nodes)
Recent failures:
 (no failures)

Resources
---------------------------------------------------------------
Total Usage:
 1.0/1.0 CPU
 0.0/1.0 GPU
 0B/349.75GiB memory
 0B/149.89GiB object_store_memory

From request_resources:
 (none)
Pending Demands:
 {'CPU': 1.0, 'GPU': 1.0} * 1 (STRICT_PACK): 1+ pending placement groups
2025-11-28 15:41:26,580	INFO (monitor) autoscaler.py:463 -- The autoscaler took 0.001 seconds to complete the update iteration.
[2025-11-28 15:41:28,840 I 672950 673266] (python-core-driver-01000000ffffffffffffffffffffffffffffffffffffffffffffffff) core_worker.cc:455: Event stats:


Global stats: 3318 total (9 active)
Queueing time: mean = 9.06ms, max = 1000.04ms, min = -0.00ms, total = 30046.68ms
Execution time:  mean = 16.03ms, total = 53192.92ms
Event stats:
	CoreWorker.RecoverObjects - 2400 total (1 active), Execution time: mean = 0.00ms, total = 6.34ms, Queueing time: mean = 0.01ms, max = 0.45ms, min = -0.00ms, total = 35.98ms
	CoreWorker.InternalHeartbeat - 240 total (1 active), Execution time: mean = 0.10ms, total = 24.32ms, Queueing time: mean = 0.01ms, max = 0.03ms, min = 0.01ms, total = 3.39ms
	NodeManagerService.grpc_client.ReportWorkerBacklog.OnReplyReceived - 240 total (0 active), Execution time: mean = 0.01ms, total = 3.35ms, Queueing time: mean = 0.01ms, max = 0.02ms, min = 0.01ms, total = 2.82ms
	NodeManagerService.grpc_client.ReportWorkerBacklog - 240 total (0 active), Execution time: mean = 0.48ms, total = 115.26ms, Queueing time: mean = 0.00ms, max = -0.00ms, min = 9223372036854.78ms, total = 0.00ms
	CoreWorker.RecordMetrics - 48 total (1 active), Execution time: mean = 0.05ms, total = 2.31ms, Queueing time: mean = 0.01ms, max = 0.02ms, min = 0.01ms, total = 0.59ms
	ReporterService.grpc_client.HealthCheck.OnReplyReceived - 31 total (0 active), Execution time: mean = 0.01ms, total = 0.44ms, Queueing time: mean = 0.01ms, max = 0.01ms, min = 0.00ms, total = 0.19ms
	ReporterService.grpc_client.HealthCheck - 31 total (0 active), Execution time: mean = 0.08ms, total = 2.61ms, Queueing time: mean = 0.00ms, max = -0.00ms, min = 9223372036854.78ms, total = 0.00ms
	MetricsAgentClient.WaitForServerReadyWithRetry - 30 total (0 active), Execution time: mean = 0.06ms, total = 1.91ms, Queueing time: mean = 1000.01ms, max = 1000.04ms, min = 1000.01ms, total = 30000.33ms
	CoreWorker.TryDelPendingObjectRefStreams - 24 total (1 active), Execution time: mean = 0.00ms, total = 0.06ms, Queueing time: mean = 0.04ms, max = 0.40ms, min = 0.01ms, total = 1.06ms
	PeriodicalRunner.RunFnPeriodically - 6 total (0 active), Execution time: mean = 0.10ms, total = 0.63ms, Queueing time: mean = 0.27ms, max = 0.59ms, min = 0.01ms, total = 1.60ms
	CoreWorker.PrintEventStats - 4 total (1 active, 1 running), Execution time: mean = 0.34ms, total = 1.36ms, Queueing time: mean = 0.01ms, max = 0.02ms, min = 0.02ms, total = 0.05ms
	ray::rpc::InternalPubSubGcsService.grpc_client.GcsSubscriberCommandBatch.OnReplyReceived - 2 total (0 active), Execution time: mean = 0.12ms, total = 0.24ms, Queueing time: mean = 0.01ms, max = 0.01ms, min = 0.01ms, total = 0.02ms
	ray::rpc::InternalPubSubGcsService.grpc_client.GcsSubscriberPoll - 2 total (1 active), Execution time: mean = 13284.78ms, total = 26569.57ms, Queueing time: mean = 0.00ms, max = -0.00ms, min = 9223372036854.78ms, total = 0.00ms
	ray::rpc::InternalPubSubGcsService.grpc_client.GcsSubscriberCommandBatch - 2 total (0 active), Execution time: mean = 0.34ms, total = 0.67ms, Queueing time: mean = 0.00ms, max = -0.00ms, min = 9223372036854.78ms, total = 0.00ms
	ray::rpc::ActorInfoGcsService.grpc_client.RegisterActor.OnReplyReceived - 1 total (0 active), Execution time: mean = 0.14ms, total = 0.14ms, Queueing time: mean = 0.01ms, max = 0.01ms, min = 0.01ms, total = 0.01ms
	ray::rpc::InternalPubSubGcsService.grpc_client.GcsSubscriberPoll.OnReplyReceived - 1 total (0 active), Execution time: mean = 0.29ms, total = 0.29ms, Queueing time: mean = 0.02ms, max = 0.02ms, min = 0.02ms, total = 0.02ms
	ray::rpc::ActorInfoGcsService.grpc_client.GetActorInfo - 1 total (0 active), Execution time: mean = 0.33ms, total = 0.33ms, Queueing time: mean = 0.00ms, max = -0.00ms, min = 9223372036854.78ms, total = 0.00ms
	ray::rpc::ActorInfoGcsService.grpc_client.CreateActor - 1 total (0 active), Execution time: mean = 26458.78ms, total = 26458.78ms, Queueing time: mean = 0.00ms, max = -0.00ms, min = 9223372036854.78ms, total = 0.00ms
	Publisher.CheckDeadSubscribers - 1 total (1 active), Execution time: mean = 0.00ms, total = 0.00ms, Queueing time: mean = 0.00ms, max = -0.00ms, min = 9223372036854.78ms, total = 0.00ms
	ActorTaskSubmitter::SubmitTask - 1 total (0 active), Execution time: mean = 0.01ms, total = 0.01ms, Queueing time: mean = 0.01ms, max = 0.01ms, min = 0.01ms, total = 0.01ms
	ray::rpc::NodeInfoGcsService.grpc_client.GetAllNodeAddressAndLiveness - 1 total (0 active), Execution time: mean = 0.33ms, total = 0.33ms, Queueing time: mean = 0.00ms, max = -0.00ms, min = 9223372036854.78ms, total = 0.00ms
	CoreWorkerService.grpc_server.WaitForActorRefDeleted - 1 total (1 active), Execution time: mean = 0.00ms, total = 0.00ms, Queueing time: mean = 0.00ms, max = -0.00ms, min = 9223372036854.78ms, total = 0.00ms
	ActorCreator.AsyncRegisterActor - 1 total (0 active), Execution time: mean = 0.39ms, total = 0.39ms, Queueing time: mean = 0.01ms, max = 0.01ms, min = 0.01ms, total = 0.01ms
	ray::rpc::ActorInfoGcsService.grpc_client.RegisterActor - 1 total (0 active), Execution time: mean = 1.04ms, total = 1.04ms, Queueing time: mean = 0.00ms, max = -0.00ms, min = 9223372036854.78ms, total = 0.00ms
	ray::rpc::WorkerInfoGcsService.grpc_client.AddWorkerInfo - 1 total (0 active), Execution time: mean = 0.47ms, total = 0.47ms, Queueing time: mean = 0.00ms, max = -0.00ms, min = 9223372036854.78ms, total = 0.00ms
	CoreWorkerService.grpc_client.PushTask - 1 total (1 active), Execution time: mean = 0.00ms, total = 0.00ms, Queueing time: mean = 0.00ms, max = -0.00ms, min = 9223372036854.78ms, total = 0.00ms
	Subscriber.HandlePublishedMessage_GCS_ACTOR_CHANNEL - 1 total (0 active), Execution time: mean = 1.10ms, total = 1.10ms, Queueing time: mean = 0.11ms, max = 0.11ms, min = 0.11ms, total = 0.11ms
	ray::rpc::ActorInfoGcsService.grpc_client.CreateActor.OnReplyReceived - 1 total (0 active), Execution time: mean = 0.19ms, total = 0.19ms, Queueing time: mean = 0.01ms, max = 0.01ms, min = 0.01ms, total = 0.01ms
	ray::rpc::NodeInfoGcsService.grpc_client.GetAllNodeAddressAndLiveness.OnReplyReceived - 1 total (0 active), Execution time: mean = 0.04ms, total = 0.04ms, Queueing time: mean = 0.45ms, max = 0.45ms, min = 0.45ms, total = 0.45ms
	CoreWorkerService.grpc_server.WaitForActorRefDeleted.HandleRequestImpl - 1 total (0 active), Execution time: mean = 0.04ms, total = 0.04ms, Queueing time: mean = 0.01ms, max = 0.01ms, min = 0.01ms, total = 0.01ms
	ray::rpc::WorkerInfoGcsService.grpc_client.AddWorkerInfo.OnReplyReceived - 1 total (0 active), Execution time: mean = 0.03ms, total = 0.03ms, Queueing time: mean = 0.01ms, max = 0.01ms, min = 0.01ms, total = 0.01ms
	ray::rpc::ActorInfoGcsService.grpc_client.GetActorInfo.OnReplyReceived - 1 total (0 active), Execution time: mean = 0.66ms, total = 0.66ms, Queueing time: mean = 0.01ms, max = 0.01ms, min = 0.01ms, total = 0.01ms

-----------------
Task execution event stats:

Global stats: 0 total (0 active)
Queueing time: mean = -nanms, max = -0.00ms, min = 9223372036854.78ms, total = 0.00ms
Execution time:  mean = -nanms, total = 0.00ms
Event stats:

-----------------
Task Event stats:

IO Service Stats:

Global stats: 721 total (1 active)
Queueing time: mean = 0.01ms, max = 0.03ms, min = 0.01ms, total = 6.89ms
Execution time:  mean = 0.18ms, total = 130.16ms
Event stats:
	CoreWorker.deadline_timer.flush_task_events - 240 total (1 active), Execution time: mean = 0.11ms, total = 26.60ms, Queueing time: mean = 0.02ms, max = 0.03ms, min = 0.01ms, total = 3.93ms
	ray::rpc::TaskInfoGcsService.grpc_client.AddTaskEventData.OnReplyReceived - 240 total (0 active), Execution time: mean = 0.02ms, total = 3.84ms, Queueing time: mean = 0.01ms, max = 0.03ms, min = 0.01ms, total = 2.95ms
	ray::rpc::TaskInfoGcsService.grpc_client.AddTaskEventData - 240 total (0 active), Execution time: mean = 0.41ms, total = 99.36ms, Queueing time: mean = 0.00ms, max = -0.00ms, min = 9223372036854.78ms, total = 0.00ms
	PeriodicalRunner.RunFnPeriodically - 1 total (0 active), Execution time: mean = 0.37ms, total = 0.37ms, Queueing time: mean = 0.01ms, max = 0.01ms, min = 0.01ms, total = 0.01ms
Other Stats:
	gcs_grpc_in_progress:0
	event_aggregator_grpc_in_progress:0
	current number of task status events in buffer: 0
	current number of profile events in buffer: 0
	current number of dropped task attempts tracked: 0
	total task events sent: 0.00124359 MiB
	total number of task attempts sent: 5
	total number of task attempts dropped reported: 0
	total number of sent failure: 0
	num status task events dropped: 0
	num profile task events dropped: 0
	num ray task events reported to aggregator: 0
	num ray task events failed to report to aggregator: 0
	num of task attempts dropped reported to aggregator: 0
	num of failed requests to aggregator: 0

[2025-11-28 15:41:30,959 I 673348 673427] (python-core-worker-3293f9baf9f0772a29df934ce9aa40562820dbe52583e5e641f030c5) core_worker.cc:455: Event stats:


Global stats: 3551 total (10 active)
Queueing time: mean = 8.47ms, max = 1000.44ms, min = -0.01ms, total = 30067.97ms
Execution time:  mean = 6.94ms, total = 24659.35ms
Event stats:
	CoreWorker.RecoverObjects - 2400 total (1 active), Execution time: mean = 0.00ms, total = 6.97ms, Queueing time: mean = 0.02ms, max = 1.00ms, min = -0.01ms, total = 47.91ms
	NodeManagerService.grpc_client.ReportWorkerBacklog.OnReplyReceived - 240 total (0 active), Execution time: mean = 0.02ms, total = 5.78ms, Queueing time: mean = 0.02ms, max = 0.07ms, min = 0.00ms, total = 3.81ms
	CoreWorker.ExitIfParentRayletDies - 240 total (1 active), Execution time: mean = 0.01ms, total = 1.53ms, Queueing time: mean = 0.02ms, max = 0.07ms, min = 0.01ms, total = 3.99ms
	CoreWorker.InternalHeartbeat - 240 total (1 active), Execution time: mean = 0.19ms, total = 45.38ms, Queueing time: mean = 0.02ms, max = 0.82ms, min = -0.00ms, total = 4.23ms
	NodeManagerService.grpc_client.ReportWorkerBacklog - 240 total (0 active), Execution time: mean = 0.55ms, total = 132.72ms, Queueing time: mean = 0.00ms, max = -0.00ms, min = 9223372036854.78ms, total = 0.00ms
	CoreWorker.RecordMetrics - 48 total (1 active), Execution time: mean = 0.08ms, total = 3.92ms, Queueing time: mean = 0.01ms, max = 0.02ms, min = 0.01ms, total = 0.54ms
	ReporterService.grpc_client.HealthCheck.OnReplyReceived - 31 total (0 active), Execution time: mean = 0.03ms, total = 1.02ms, Queueing time: mean = 0.02ms, max = 0.08ms, min = 0.01ms, total = 0.60ms
	ReporterService.grpc_client.HealthCheck - 31 total (0 active), Execution time: mean = 0.16ms, total = 5.00ms, Queueing time: mean = 0.00ms, max = -0.00ms, min = 9223372036854.78ms, total = 0.00ms
	MetricsAgentClient.WaitForServerReadyWithRetry - 30 total (0 active), Execution time: mean = 0.11ms, total = 3.16ms, Queueing time: mean = 1000.05ms, max = 1000.44ms, min = 1000.01ms, total = 30001.61ms
	CoreWorker.TryDelPendingObjectRefStreams - 24 total (1 active), Execution time: mean = 0.00ms, total = 0.07ms, Queueing time: mean = 0.05ms, max = 0.50ms, min = 0.01ms, total = 1.20ms
	PeriodicalRunner.RunFnPeriodically - 7 total (0 active), Execution time: mean = 0.14ms, total = 0.96ms, Queueing time: mean = 0.36ms, max = 0.92ms, min = 0.02ms, total = 2.49ms
	CoreWorker.PrintEventStats - 4 total (1 active, 1 running), Execution time: mean = 0.44ms, total = 1.76ms, Queueing time: mean = 0.01ms, max = 0.02ms, min = 0.02ms, total = 0.05ms
	CoreWorkerService.grpc_server.PushTask.HandleRequestImpl - 2 total (0 active), Execution time: mean = 0.23ms, total = 0.46ms, Queueing time: mean = 0.02ms, max = 0.02ms, min = 0.02ms, total = 0.04ms
	CoreWorkerService.grpc_server.PushTask - 2 total (1 active), Execution time: mean = 12223.26ms, total = 24446.51ms, Queueing time: mean = 0.00ms, max = -0.00ms, min = 9223372036854.78ms, total = 0.00ms
	ray::rpc::InternalPubSubGcsService.grpc_client.GcsSubscriberCommandBatch - 1 total (0 active), Execution time: mean = 0.60ms, total = 0.60ms, Queueing time: mean = 0.00ms, max = -0.00ms, min = 9223372036854.78ms, total = 0.00ms
	ray::rpc::WorkerInfoGcsService.grpc_client.AddWorkerInfo.OnReplyReceived - 1 total (0 active), Execution time: mean = 0.08ms, total = 0.08ms, Queueing time: mean = 0.79ms, max = 0.79ms, min = 0.79ms, total = 0.79ms
	CoreWorker.SubmitTask - 1 total (0 active), Execution time: mean = 0.59ms, total = 0.59ms, Queueing time: mean = 0.03ms, max = 0.03ms, min = 0.03ms, total = 0.03ms
	Publisher.CheckDeadSubscribers - 1 total (1 active), Execution time: mean = 0.00ms, total = 0.00ms, Queueing time: mean = 0.00ms, max = -0.00ms, min = 9223372036854.78ms, total = 0.00ms
	NodeManagerService.grpc_client.RequestWorkerLease - 1 total (1 active), Execution time: mean = 0.00ms, total = 0.00ms, Queueing time: mean = 0.00ms, max = -0.00ms, min = 9223372036854.78ms, total = 0.00ms
	ray::rpc::InternalPubSubGcsService.grpc_client.GcsSubscriberPoll - 1 total (1 active), Execution time: mean = 0.00ms, total = 0.00ms, Queueing time: mean = 0.00ms, max = -0.00ms, min = 9223372036854.78ms, total = 0.00ms
	ray::rpc::PlacementGroupInfoGcsService.grpc_client.CreatePlacementGroup.OnReplyReceived - 1 total (0 active), Execution time: mean = 0.08ms, total = 0.08ms, Queueing time: mean = 0.03ms, max = 0.03ms, min = 0.03ms, total = 0.03ms
	ray::rpc::InternalPubSubGcsService.grpc_client.GcsSubscriberCommandBatch.OnReplyReceived - 1 total (0 active), Execution time: mean = 0.27ms, total = 0.27ms, Queueing time: mean = 0.64ms, max = 0.64ms, min = 0.64ms, total = 0.64ms
	ray::rpc::NodeInfoGcsService.grpc_client.GetAllNodeAddressAndLiveness.OnReplyReceived - 1 total (0 active), Execution time: mean = 0.07ms, total = 0.07ms, Queueing time: mean = 0.02ms, max = 0.02ms, min = 0.02ms, total = 0.02ms
	ray::rpc::WorkerInfoGcsService.grpc_client.AddWorkerInfo - 1 total (0 active), Execution time: mean = 0.78ms, total = 0.78ms, Queueing time: mean = 0.00ms, max = -0.00ms, min = 9223372036854.78ms, total = 0.00ms
	ray::rpc::NodeInfoGcsService.grpc_client.GetAllNodeAddressAndLiveness - 1 total (0 active), Execution time: mean = 0.93ms, total = 0.93ms, Queueing time: mean = 0.00ms, max = -0.00ms, min = 9223372036854.78ms, total = 0.00ms
	ray::rpc::PlacementGroupInfoGcsService.grpc_client.CreatePlacementGroup - 1 total (0 active), Execution time: mean = 0.72ms, total = 0.72ms, Queueing time: mean = 0.00ms, max = -0.00ms, min = 9223372036854.78ms, total = 0.00ms

-----------------
Task execution event stats:

Global stats: 5 total (2 active)
Queueing time: mean = 4887.30ms, max = 24436.48ms, min = 0.00ms, total = 24436.50ms
Execution time:  mean = 4889.22ms, total = 24446.10ms
Event stats:
	CoreWorker.CheckSignal - 2 total (1 active), Execution time: mean = 0.01ms, total = 0.01ms, Queueing time: mean = 12218.24ms, max = 24436.48ms, min = 24436.48ms, total = 24436.48ms
	PeriodicalRunner.RunFnPeriodically - 1 total (0 active), Execution time: mean = 0.01ms, total = 0.01ms, Queueing time: mean = 0.00ms, max = 0.00ms, min = 0.00ms, total = 0.00ms
	CoreWorker.HandlePushTask - 1 total (0 active), Execution time: mean = 24446.07ms, total = 24446.07ms, Queueing time: mean = 0.02ms, max = 0.02ms, min = 0.02ms, total = 0.02ms
	CoreWorker.HandlePushTaskActor - 1 total (1 active, 1 running), Execution time: mean = 0.00ms, total = 0.00ms, Queueing time: mean = 0.00ms, max = -0.00ms, min = 9223372036854.78ms, total = 0.00ms

-----------------
Task Event stats:

IO Service Stats:

Global stats: 721 total (1 active)
Queueing time: mean = 0.01ms, max = 0.14ms, min = 0.01ms, total = 9.62ms
Execution time:  mean = 0.24ms, total = 175.26ms
Event stats:
	CoreWorker.deadline_timer.flush_task_events - 240 total (1 active), Execution time: mean = 0.18ms, total = 43.99ms, Queueing time: mean = 0.03ms, max = 0.14ms, min = 0.02ms, total = 6.11ms
	ray::rpc::TaskInfoGcsService.grpc_client.AddTaskEventData.OnReplyReceived - 240 total (0 active), Execution time: mean = 0.02ms, total = 5.98ms, Queueing time: mean = 0.01ms, max = 0.03ms, min = 0.01ms, total = 3.49ms
	ray::rpc::TaskInfoGcsService.grpc_client.AddTaskEventData - 240 total (0 active), Execution time: mean = 0.52ms, total = 124.81ms, Queueing time: mean = 0.00ms, max = -0.00ms, min = 9223372036854.78ms, total = 0.00ms
	PeriodicalRunner.RunFnPeriodically - 1 total (0 active), Execution time: mean = 0.49ms, total = 0.49ms, Queueing time: mean = 0.02ms, max = 0.02ms, min = 0.02ms, total = 0.02ms
Other Stats:
	gcs_grpc_in_progress:0
	event_aggregator_grpc_in_progress:0
	current number of task status events in buffer: 0
	current number of profile events in buffer: 0
	current number of dropped task attempts tracked: 0
	total task events sent: 0.00118923 MiB
	total number of task attempts sent: 5
	total number of task attempts dropped reported: 0
	total number of sent failure: 0
	num status task events dropped: 0
	num profile task events dropped: 0
	num ray task events reported to aggregator: 0
	num ray task events failed to report to aggregator: 0
	num of task attempts dropped reported to aggregator: 0
	num of failed requests to aggregator: 0

2025-11-28 15:41:31,582	INFO (monitor) autoscaler.py:147 -- The autoscaler took 0.0 seconds to fetch the list of non-terminated nodes.
2025-11-28 15:41:31,583	INFO (monitor) autoscaler.py:408 -- 
======== Autoscaler status: 2025-11-28 15:41:31.583027 ========
Node status
---------------------------------------------------------------
Active:
 1 node_fbb9841b3107256f006a4e24c5be7456a673f220f17e763ce1348e9e
Pending:
 (no pending nodes)
Recent failures:
 (no failures)

Resources
---------------------------------------------------------------
Total Usage:
 1.0/1.0 CPU
 0.0/1.0 GPU
 0B/349.75GiB memory
 0B/149.89GiB object_store_memory

From request_resources:
 (none)
Pending Demands:
 {'CPU': 1.0, 'GPU': 1.0} * 1 (STRICT_PACK): 1+ pending placement groups
2025-11-28 15:41:31,583	INFO (monitor) autoscaler.py:463 -- The autoscaler took 0.001 seconds to complete the update iteration.
2025-11-28 15:41:36,586	INFO (monitor) autoscaler.py:147 -- The autoscaler took 0.0 seconds to fetch the list of non-terminated nodes.
2025-11-28 15:41:36,586	INFO (monitor) autoscaler.py:408 -- 
======== Autoscaler status: 2025-11-28 15:41:36.586169 ========
Node status
---------------------------------------------------------------
Active:
 1 node_fbb9841b3107256f006a4e24c5be7456a673f220f17e763ce1348e9e
Pending:
 (no pending nodes)
Recent failures:
 (no failures)

Resources
---------------------------------------------------------------
Total Usage:
 1.0/1.0 CPU
 0.0/1.0 GPU
 0B/349.75GiB memory
 0B/149.89GiB object_store_memory

From request_resources:
 (none)
Pending Demands:
 {'CPU': 1.0, 'GPU': 1.0} * 1 (STRICT_PACK): 1+ pending placement groups
2025-11-28 15:41:36,586	INFO (monitor) autoscaler.py:463 -- The autoscaler took 0.001 seconds to complete the update iteration.
2025-11-28 15:41:41,589	INFO (monitor) autoscaler.py:147 -- The autoscaler took 0.0 seconds to fetch the list of non-terminated nodes.
2025-11-28 15:41:41,589	INFO (monitor) autoscaler.py:408 -- 
======== Autoscaler status: 2025-11-28 15:41:41.589699 ========
Node status
---------------------------------------------------------------
Active:
 1 node_fbb9841b3107256f006a4e24c5be7456a673f220f17e763ce1348e9e
Pending:
 (no pending nodes)
Recent failures:
 (no failures)

Resources
---------------------------------------------------------------
Total Usage:
 1.0/1.0 CPU
 0.0/1.0 GPU
 0B/349.75GiB memory
 0B/149.89GiB object_store_memory

From request_resources:
 (none)
Pending Demands:
 {'CPU': 1.0, 'GPU': 1.0} * 1 (STRICT_PACK): 1+ pending placement groups
2025-11-28 15:41:41,590	INFO (monitor) autoscaler.py:463 -- The autoscaler took 0.001 seconds to complete the update iteration.
[2025-11-28 15:41:45,082 I 672498 672498] (gcs_server) gcs_server.cc:926: Gcs Debug state:

GcsNodeManager: 
- RegisterNode request count: 1
- DrainNode request count: 0
- GetAllNodeInfo request count: 11

GcsActorManager: 
- RegisterActor request count: 1
- CreateActor request count: 1
- GetActorInfo request count: 1
- GetNamedActorInfo request count: 0
- GetAllActorInfo request count: 0
- KillActor request count: 0
- ListNamedActors request count: 0
- Registered actors count: 1
- Destroyed actors count: 0
- Named actors count: 0
- Unresolved actors count: 0
- Pending actors count: 0
- Created actors count: 1
- owners_: 1
- actor_to_register_callbacks_: 0
- actor_to_restart_for_lineage_reconstruction_callbacks_: 0
- actor_to_create_callbacks_: 0
- sorted_destroyed_actor_list_: 0

GcsResourceManager: 
- GetAllAvailableResources request count: 1
- GetAllTotalResources request count: 0
- GetAllResourceUsage request count: 60

GcsPlacementGroupManager: 
- CreatePlacementGroup request count: 1
- RemovePlacementGroup request count: 0
- GetPlacementGroup request count: 1
- GetAllPlacementGroup request count: 0
- WaitPlacementGroupUntilReady request count: 0
- GetNamedPlacementGroup request count: 0
- Scheduling pending placement group count: 364
- Registered placement groups count: 1
- Named placement group count: 1
- Pending placement groups count: 1
- Infeasible placement groups count: 0

Publisher:
GCS_NODE_INFO_CHANNEL
- cumulative published messages: 1
- cumulative published bytes: 585
- current buffered bytes: 0
GCS_ACTOR_CHANNEL
- cumulative published messages: 3
- cumulative published bytes: 1321
- current buffered bytes: 169
GCS_JOB_CHANNEL
- cumulative published messages: 1
- cumulative published bytes: 2122
- current buffered bytes: 2122
GCS_WORKER_DELTA_CHANNEL
- cumulative published messages: 1
- cumulative published bytes: 96
- current buffered bytes: 96
GCS_NODE_ADDRESS_AND_LIVENESS_CHANNEL
- cumulative published messages: 1
- cumulative published bytes: 89
- current buffered bytes: 0

[runtime env manager] ID to URIs table:
[runtime env manager] URIs reference table:

GcsTaskManager: 
-Total num task events reported: 10
-Total num status task events dropped: 0
-Total num profile events dropped: 0
-Current num of task events stored: 4
-Total num of actor creation tasks: 1
-Total num of actor tasks: 1
-Total num of normal tasks: 1
-Total num of driver tasks: 1

GcsAutoscalerStateManager: 
- last_seen_autoscaler_state_version_: 0
- last_cluster_resource_state_version_: 60
- pending demands:
	{bundle_group_adfc0b96fa53e5a35df41c354c0e01000000: 0.001, label_selectors: [{}, ]} * 1



[2025-11-28 15:41:45,082 I 672498 672498] (gcs_server) gcs_server.cc:940: Main service Event stats:


Global stats: 3978 total (6 active)
Queueing time: mean = 8.55ms, max = 1000.05ms, min = 0.00ms, total = 34024.21ms
Execution time:  mean = 13.91ms, total = 55342.66ms
Event stats:
	GcsInMemoryStore.Put - 811 total (0 active), Execution time: mean = 1.21ms, total = 981.56ms, Queueing time: mean = 1.24ms, max = 977.34ms, min = 0.00ms, total = 1002.33ms
	InternalKVGcsService.grpc_server.InternalKVPut - 437 total (0 active), Execution time: mean = 0.20ms, total = 88.13ms, Queueing time: mean = 0.00ms, max = -0.00ms, min = 9223372036854.78ms, total = 0.00ms
	InternalKVGcsService.grpc_server.InternalKVPut.HandleRequestImpl - 437 total (0 active), Execution time: mean = 0.04ms, total = 18.20ms, Queueing time: mean = 0.02ms, max = 0.04ms, min = 0.01ms, total = 7.64ms
	RayletLoadPulled - 300 total (1 active), Execution time: mean = 0.13ms, total = 37.54ms, Queueing time: mean = 0.02ms, max = 0.03ms, min = 0.01ms, total = 5.06ms
	NodeManagerService.grpc_client.GetResourceLoad.OnReplyReceived - 296 total (0 active), Execution time: mean = 0.04ms, total = 11.05ms, Queueing time: mean = 0.02ms, max = 0.05ms, min = 0.01ms, total = 5.86ms
	NodeManagerService.grpc_client.GetResourceLoad - 296 total (0 active), Execution time: mean = 0.64ms, total = 188.06ms, Queueing time: mean = 0.00ms, max = -0.00ms, min = 9223372036854.78ms, total = 0.00ms
	GcsPlacementGroupManager.SchedulePendingPlacementGroups - 182 total (0 active), Execution time: mean = 0.00ms, total = 0.05ms, Queueing time: mean = 0.01ms, max = 0.07ms, min = 0.00ms, total = 0.96ms
	GcsInMemoryStore.Get - 105 total (0 active), Execution time: mean = 0.02ms, total = 2.11ms, Queueing time: mean = 0.01ms, max = 0.02ms, min = 0.00ms, total = 0.65ms
	InternalKVGcsService.grpc_server.InternalKVGet.HandleRequestImpl - 103 total (0 active), Execution time: mean = 0.03ms, total = 3.27ms, Queueing time: mean = 0.02ms, max = 0.37ms, min = 0.01ms, total = 1.83ms
	InternalKVGcsService.grpc_server.InternalKVGet - 103 total (0 active), Execution time: mean = 0.24ms, total = 24.34ms, Queueing time: mean = 0.00ms, max = -0.00ms, min = 9223372036854.78ms, total = 0.00ms
	ClusterResourceManager.ResetRemoteNodeView - 101 total (1 active), Execution time: mean = 0.01ms, total = 0.54ms, Queueing time: mean = 0.02ms, max = 0.04ms, min = 0.01ms, total = 2.12ms
	HealthCheck - 96 total (0 active), Execution time: mean = 0.01ms, total = 0.49ms, Queueing time: mean = 0.02ms, max = 0.04ms, min = 0.01ms, total = 2.04ms
	NodeInfoGcsService.grpc_server.CheckAlive.HandleRequestImpl - 65 total (0 active), Execution time: mean = 0.01ms, total = 0.84ms, Queueing time: mean = 0.02ms, max = 0.04ms, min = 0.01ms, total = 1.35ms
	NodeInfoGcsService.grpc_server.CheckAlive - 65 total (0 active), Execution time: mean = 0.19ms, total = 12.32ms, Queueing time: mean = 0.00ms, max = -0.00ms, min = 9223372036854.78ms, total = 0.00ms
	AutoscalerStateService.grpc_server.GetClusterResourceState - 60 total (0 active), Execution time: mean = 0.18ms, total = 10.56ms, Queueing time: mean = 0.00ms, max = -0.00ms, min = 9223372036854.78ms, total = 0.00ms
	NodeResourceInfoGcsService.grpc_server.GetAllResourceUsage.HandleRequestImpl - 60 total (0 active), Execution time: mean = 0.05ms, total = 2.92ms, Queueing time: mean = 0.02ms, max = 0.03ms, min = 0.01ms, total = 1.26ms
	NodeResourceInfoGcsService.grpc_server.GetAllResourceUsage - 60 total (0 active), Execution time: mean = 0.26ms, total = 15.70ms, Queueing time: mean = 0.00ms, max = -0.00ms, min = 9223372036854.78ms, total = 0.00ms
	GCSServer.deadline_timer.metrics_report - 60 total (1 active), Execution time: mean = 0.10ms, total = 5.74ms, Queueing time: mean = 0.02ms, max = 0.49ms, min = 0.00ms, total = 1.32ms
	AutoscalerStateService.grpc_server.GetClusterResourceState.HandleRequestImpl - 60 total (0 active), Execution time: mean = 0.04ms, total = 2.31ms, Queueing time: mean = 0.01ms, max = 0.02ms, min = 0.01ms, total = 0.89ms
	event_loop_lag_probe - 32 total (0 active), Execution time: mean = 0.01ms, total = 0.19ms, Queueing time: mean = 1.08ms, max = 34.33ms, min = 0.00ms, total = 34.55ms
	ReporterService.grpc_client.HealthCheck.OnReplyReceived - 31 total (0 active), Execution time: mean = 0.03ms, total = 0.92ms, Queueing time: mean = 31.36ms, max = 971.79ms, min = 0.01ms, total = 972.29ms
	ReporterService.grpc_client.HealthCheck - 31 total (0 active), Execution time: mean = 0.20ms, total = 6.17ms, Queueing time: mean = 0.00ms, max = -0.00ms, min = 9223372036854.78ms, total = 0.00ms
	MetricsAgentClient.WaitForServerReadyWithRetry - 30 total (0 active), Execution time: mean = 0.08ms, total = 2.51ms, Queueing time: mean = 1000.02ms, max = 1000.05ms, min = 1000.01ms, total = 30000.54ms
	GCSServer.deadline_timer.gcs_global_gc - 30 total (1 active), Execution time: mean = 0.00ms, total = 0.12ms, Queueing time: mean = 0.12ms, max = 1.06ms, min = 0.01ms, total = 3.66ms
	NodeInfoGcsService.grpc_server.GetClusterId - 10 total (0 active), Execution time: mean = 1.54ms, total = 15.35ms, Queueing time: mean = 0.00ms, max = -0.00ms, min = 9223372036854.78ms, total = 0.00ms
	NodeInfoGcsService.grpc_server.GetClusterId.HandleRequestImpl - 10 total (0 active), Execution time: mean = 0.38ms, total = 3.85ms, Queueing time: mean = 0.87ms, max = 8.47ms, min = 0.01ms, total = 8.66ms
	GcsInMemoryStore.GetAll - 8 total (0 active), Execution time: mean = 0.02ms, total = 0.13ms, Queueing time: mean = 0.05ms, max = 0.10ms, min = 0.00ms, total = 0.38ms
	NodeInfoGcsService.grpc_server.GetAllNodeInfo.HandleRequestImpl - 7 total (0 active), Execution time: mean = 0.02ms, total = 0.13ms, Queueing time: mean = 0.01ms, max = 0.02ms, min = 0.01ms, total = 0.08ms
	NodeInfoGcsService.grpc_server.GetAllNodeInfo - 7 total (0 active), Execution time: mean = 0.15ms, total = 1.07ms, Queueing time: mean = 0.00ms, max = -0.00ms, min = 9223372036854.78ms, total = 0.00ms
	GCSServer.deadline_timer.debug_state_event_stats_print - 5 total (1 active, 1 running), Execution time: mean = 0.72ms, total = 3.59ms, Queueing time: mean = 0.01ms, max = 0.01ms, min = 0.01ms, total = 0.05ms
	PeriodicalRunner.RunFnPeriodically - 5 total (0 active), Execution time: mean = 0.13ms, total = 0.64ms, Queueing time: mean = 393.88ms, max = 978.61ms, min = 3.95ms, total = 1969.40ms
	NodeInfoGcsService.grpc_server.GetAllNodeAddressAndLiveness - 4 total (0 active), Execution time: mean = 0.24ms, total = 0.95ms, Queueing time: mean = 0.00ms, max = -0.00ms, min = 9223372036854.78ms, total = 0.00ms
	NodeInfoGcsService.grpc_server.GetAllNodeAddressAndLiveness.HandleRequestImpl - 4 total (0 active), Execution time: mean = 0.01ms, total = 0.03ms, Queueing time: mean = 0.12ms, max = 0.45ms, min = 0.01ms, total = 0.48ms
	GcsResourceManager::Update - 4 total (0 active), Execution time: mean = 0.04ms, total = 0.18ms, Queueing time: mean = 0.01ms, max = 0.01ms, min = 0.01ms, total = 0.04ms
	GcsHealthCheckManager::MarkNodeHealthy - 4 total (0 active), Execution time: mean = 0.00ms, total = 0.00ms, Queueing time: mean = 0.01ms, max = 0.01ms, min = 0.01ms, total = 0.05ms
	WorkerInfoGcsService.grpc_server.AddWorkerInfo - 3 total (0 active), Execution time: mean = 0.19ms, total = 0.57ms, Queueing time: mean = 0.00ms, max = -0.00ms, min = 9223372036854.78ms, total = 0.00ms
	GcsInMemoryStore.Keys - 3 total (0 active), Execution time: mean = 0.01ms, total = 0.03ms, Queueing time: mean = 0.01ms, max = 0.01ms, min = 0.01ms, total = 0.02ms
	InternalKVGcsService.grpc_server.InternalKVKeys - 3 total (0 active), Execution time: mean = 0.18ms, total = 0.55ms, Queueing time: mean = 0.00ms, max = -0.00ms, min = 9223372036854.78ms, total = 0.00ms
	InternalKVGcsService.grpc_server.InternalKVKeys.HandleRequestImpl - 3 total (0 active), Execution time: mean = 0.04ms, total = 0.11ms, Queueing time: mean = 0.01ms, max = 0.02ms, min = 0.01ms, total = 0.04ms
	WorkerInfoGcsService.grpc_server.AddWorkerInfo.HandleRequestImpl - 3 total (0 active), Execution time: mean = 0.03ms, total = 0.08ms, Queueing time: mean = 0.01ms, max = 0.02ms, min = 0.01ms, total = 0.04ms
	JobInfoGcsService.grpc_server.GetAllJobInfo - 2 total (0 active), Execution time: mean = 0.17ms, total = 0.34ms, Queueing time: mean = 0.00ms, max = -0.00ms, min = 9223372036854.78ms, total = 0.00ms
	JobInfoGcsService.grpc_server.GetAllJobInfo.HandleRequestImpl - 2 total (0 active), Execution time: mean = 0.02ms, total = 0.04ms, Queueing time: mean = 0.01ms, max = 0.01ms, min = 0.01ms, total = 0.03ms
	GcsInMemoryStore.GetNextJobID - 1 total (0 active), Execution time: mean = 0.00ms, total = 0.00ms, Queueing time: mean = 0.00ms, max = 0.00ms, min = 0.00ms, total = 0.00ms
	NodeInfoGcsService.grpc_server.RegisterNode.HandleRequestImpl - 1 total (0 active), Execution time: mean = 0.09ms, total = 0.09ms, Queueing time: mean = 0.02ms, max = 0.02ms, min = 0.02ms, total = 0.02ms
	NodeManagerService.grpc_client.RequestWorkerLease - 1 total (0 active), Execution time: mean = 2009.14ms, total = 2009.14ms, Queueing time: mean = 0.00ms, max = -0.00ms, min = 9223372036854.78ms, total = 0.00ms
	InternalKVGcsService.grpc_server.InternalKVExists.HandleRequestImpl - 1 total (0 active), Execution time: mean = 0.04ms, total = 0.04ms, Queueing time: mean = 0.01ms, max = 0.01ms, min = 0.01ms, total = 0.01ms
	PlacementGroupInfoGcsService.grpc_server.GetPlacementGroup.HandleRequestImpl - 1 total (0 active), Execution time: mean = 0.02ms, total = 0.02ms, Queueing time: mean = 0.01ms, max = 0.01ms, min = 0.01ms, total = 0.01ms
	JobInfoGcsService.grpc_server.GetNextJobID - 1 total (0 active), Execution time: mean = 0.12ms, total = 0.12ms, Queueing time: mean = 0.00ms, max = -0.00ms, min = 9223372036854.78ms, total = 0.00ms
	GcsInitData::AsyncLoad - 1 total (0 active), Execution time: mean = 0.01ms, total = 0.01ms, Queueing time: mean = 0.00ms, max = 0.00ms, min = 0.00ms, total = 0.00ms
	ActorInfoGcsService.grpc_server.GetActorInfo.HandleRequestImpl - 1 total (0 active), Execution time: mean = 0.02ms, total = 0.02ms, Queueing time: mean = 0.01ms, max = 0.01ms, min = 0.01ms, total = 0.01ms
	JobInfoGcsService.grpc_server.GetNextJobID.HandleRequestImpl - 1 total (0 active), Execution time: mean = 0.01ms, total = 0.01ms, Queueing time: mean = 0.01ms, max = 0.01ms, min = 0.01ms, total = 0.01ms
	JobInfoGcsService.grpc_server.AddJob.HandleRequestImpl - 1 total (0 active), Execution time: mean = 0.10ms, total = 0.10ms, Queueing time: mean = 0.03ms, max = 0.03ms, min = 0.03ms, total = 0.03ms
	CoreWorkerService.grpc_client.PushTask - 1 total (0 active), Execution time: mean = 24448.09ms, total = 24448.09ms, Queueing time: mean = 0.00ms, max = -0.00ms, min = 9223372036854.78ms, total = 0.00ms
	InternalKVGcsService.grpc_server.InternalKVMultiGet - 1 total (0 active), Execution time: mean = 0.18ms, total = 0.18ms, Queueing time: mean = 0.00ms, max = -0.00ms, min = 9223372036854.78ms, total = 0.00ms
	NodeInfoGcsService.grpc_server.RegisterNode - 1 total (0 active), Execution time: mean = 0.53ms, total = 0.53ms, Queueing time: mean = 0.00ms, max = -0.00ms, min = 9223372036854.78ms, total = 0.00ms
	InternalKVGcsService.grpc_server.InternalKVDel - 1 total (0 active), Execution time: mean = 0.50ms, total = 0.50ms, Queueing time: mean = 0.00ms, max = -0.00ms, min = 9223372036854.78ms, total = 0.00ms
	NodeResourceInfoGcsService.grpc_server.GetAllAvailableResources.HandleRequestImpl - 1 total (0 active), Execution time: mean = 0.03ms, total = 0.03ms, Queueing time: mean = 0.02ms, max = 0.02ms, min = 0.02ms, total = 0.02ms
	JobInfoGcsService.grpc_server.AddJob - 1 total (0 active), Execution time: mean = 0.39ms, total = 0.39ms, Queueing time: mean = 0.00ms, max = -0.00ms, min = 9223372036854.78ms, total = 0.00ms
	WorkerInfoGcsService.grpc_server.ReportWorkerFailure - 1 total (0 active), Execution time: mean = 1.66ms, total = 1.66ms, Queueing time: mean = 0.00ms, max = -0.00ms, min = 9223372036854.78ms, total = 0.00ms
	CoreWorkerService.grpc_client.PushTask.OnReplyReceived - 1 total (0 active), Execution time: mean = 0.21ms, total = 0.21ms, Queueing time: mean = 0.02ms, max = 0.02ms, min = 0.02ms, total = 0.02ms
	GcsInMemoryStore.Delete - 1 total (0 active), Execution time: mean = 0.01ms, total = 0.01ms, Queueing time: mean = 0.01ms, max = 0.01ms, min = 0.01ms, total = 0.01ms
	ActorInfoGcsService.grpc_server.RegisterActor - 1 total (0 active), Execution time: mean = 0.77ms, total = 0.77ms, Queueing time: mean = 0.00ms, max = -0.00ms, min = 9223372036854.78ms, total = 0.00ms
	PlacementGroupInfoGcsService.grpc_server.GetPlacementGroup - 1 total (0 active), Execution time: mean = 0.14ms, total = 0.14ms, Queueing time: mean = 0.00ms, max = -0.00ms, min = 9223372036854.78ms, total = 0.00ms
	NodeManager.AddNodeCallback - 1 total (0 active), Execution time: mean = 0.43ms, total = 0.43ms, Queueing time: mean = 0.28ms, max = 0.28ms, min = 0.28ms, total = 0.28ms
	InternalKVGcsService.grpc_server.GetInternalConfig.HandleRequestImpl - 1 total (0 active), Execution time: mean = 0.02ms, total = 0.02ms, Queueing time: mean = 0.02ms, max = 0.02ms, min = 0.02ms, total = 0.02ms
	InternalKVGcsService.grpc_server.InternalKVExists - 1 total (0 active), Execution time: mean = 0.17ms, total = 0.17ms, Queueing time: mean = 0.00ms, max = -0.00ms, min = 9223372036854.78ms, total = 0.00ms
	ActorInfoGcsService.grpc_server.CreateActor - 1 total (0 active), Execution time: mean = 26458.67ms, total = 26458.67ms, Queueing time: mean = 0.00ms, max = -0.00ms, min = 9223372036854.78ms, total = 0.00ms
	InternalKVGcsService.grpc_server.GetInternalConfig - 1 total (0 active), Execution time: mean = 0.27ms, total = 0.27ms, Queueing time: mean = 0.00ms, max = -0.00ms, min = 9223372036854.78ms, total = 0.00ms
	ActorInfoGcsService.grpc_server.RegisterActor.HandleRequestImpl - 1 total (0 active), Execution time: mean = 0.60ms, total = 0.60ms, Queueing time: mean = 0.02ms, max = 0.02ms, min = 0.02ms, total = 0.02ms
	InternalKVGcsService.grpc_server.InternalKVMultiGet.HandleRequestImpl - 1 total (0 active), Execution time: mean = 0.05ms, total = 0.05ms, Queueing time: mean = 0.01ms, max = 0.01ms, min = 0.01ms, total = 0.01ms
	PlacementGroupInfoGcsService.grpc_server.CreatePlacementGroup - 1 total (0 active), Execution time: mean = 0.32ms, total = 0.32ms, Queueing time: mean = 0.00ms, max = -0.00ms, min = 9223372036854.78ms, total = 0.00ms
	InternalKVGcsService.grpc_server.InternalKVDel.HandleRequestImpl - 1 total (0 active), Execution time: mean = 0.03ms, total = 0.03ms, Queueing time: mean = 0.01ms, max = 0.01ms, min = 0.01ms, total = 0.01ms
	CoreWorkerService.grpc_client.WaitForActorRefDeleted - 1 total (1 active), Execution time: mean = 0.00ms, total = 0.00ms, Queueing time: mean = 0.00ms, max = -0.00ms, min = 9223372036854.78ms, total = 0.00ms
	NodeResourceInfoGcsService.grpc_server.GetAllAvailableResources - 1 total (0 active), Execution time: mean = 0.28ms, total = 0.28ms, Queueing time: mean = 0.00ms, max = -0.00ms, min = 9223372036854.78ms, total = 0.00ms
	NodeManagerService.grpc_client.RequestWorkerLease.OnReplyReceived - 1 total (0 active), Execution time: mean = 0.40ms, total = 0.40ms, Queueing time: mean = 0.02ms, max = 0.02ms, min = 0.02ms, total = 0.02ms
	ActorInfoGcsService.grpc_server.GetActorInfo - 1 total (0 active), Execution time: mean = 0.15ms, total = 0.15ms, Queueing time: mean = 0.00ms, max = -0.00ms, min = 9223372036854.78ms, total = 0.00ms
	ActorInfoGcsService.grpc_server.CreateActor.HandleRequestImpl - 1 total (0 active), Execution time: mean = 0.58ms, total = 0.58ms, Queueing time: mean = 0.02ms, max = 0.02ms, min = 0.02ms, total = 0.02ms
	GcsInMemoryStore.Exists - 1 total (0 active), Execution time: mean = 0.01ms, total = 0.01ms, Queueing time: mean = 0.01ms, max = 0.01ms, min = 0.01ms, total = 0.01ms
	WorkerInfoGcsService.grpc_server.ReportWorkerFailure.HandleRequestImpl - 1 total (0 active), Execution time: mean = 0.04ms, total = 0.04ms, Queueing time: mean = 0.03ms, max = 0.03ms, min = 0.03ms, total = 0.03ms
	GcsHealthCheckManager::AddNode - 1 total (0 active), Execution time: mean = 0.01ms, total = 0.01ms, Queueing time: mean = 0.00ms, max = 0.00ms, min = 0.00ms, total = 0.00ms
	PlacementGroupInfoGcsService.grpc_server.CreatePlacementGroup.HandleRequestImpl - 1 total (0 active), Execution time: mean = 0.15ms, total = 0.15ms, Queueing time: mean = 0.01ms, max = 0.01ms, min = 0.01ms, total = 0.01ms
	GcsServer.GetOrGenerateClusterId.continuation - 1 total (0 active), Execution time: mean = 975.13ms, total = 975.13ms, Queueing time: mean = 0.00ms, max = 0.00ms, min = 0.00ms, total = 0.00ms


[2025-11-28 15:41:45,083 I 672498 672498] (gcs_server) gcs_server.cc:944: task_io_context Event stats:


Global stats: 1124 total (1 active)
Queueing time: mean = 0.01ms, max = 0.57ms, min = 0.00ms, total = 11.40ms
Execution time:  mean = 0.08ms, total = 86.42ms
Event stats:
	TaskInfoGcsService.grpc_server.AddTaskEventData.HandleRequestImpl - 515 total (0 active), Execution time: mean = 0.01ms, total = 3.48ms, Queueing time: mean = 0.02ms, max = 0.04ms, min = 0.01ms, total = 9.64ms
	TaskInfoGcsService.grpc_server.AddTaskEventData - 515 total (0 active), Execution time: mean = 0.16ms, total = 81.73ms, Queueing time: mean = 0.00ms, max = -0.00ms, min = 9223372036854.78ms, total = 0.00ms
	GcsTaskManager.GcJobSummary - 61 total (1 active), Execution time: mean = 0.00ms, total = 0.30ms, Queueing time: mean = 0.02ms, max = 0.03ms, min = 0.01ms, total = 1.00ms
	event_loop_lag_probe - 32 total (0 active), Execution time: mean = 0.03ms, total = 0.88ms, Queueing time: mean = 0.02ms, max = 0.57ms, min = 0.00ms, total = 0.75ms
	PeriodicalRunner.RunFnPeriodically - 1 total (0 active), Execution time: mean = 0.02ms, total = 0.02ms, Queueing time: mean = 0.02ms, max = 0.02ms, min = 0.02ms, total = 0.02ms


[2025-11-28 15:41:45,083 I 672498 672498] (gcs_server) gcs_server.cc:944: pubsub_io_context Event stats:


Global stats: 70 total (6 active)
Queueing time: mean = 0.02ms, max = 0.77ms, min = 0.00ms, total = 1.38ms
Execution time:  mean = 983.25ms, total = 68827.48ms
Event stats:
	event_loop_lag_probe - 32 total (0 active), Execution time: mean = 0.02ms, total = 0.72ms, Queueing time: mean = 0.03ms, max = 0.77ms, min = 0.00ms, total = 0.95ms
	InternalPubSubGcsService.grpc_server.GcsSubscriberPoll.HandleRequestImpl - 9 total (0 active), Execution time: mean = 0.03ms, total = 0.27ms, Queueing time: mean = 0.03ms, max = 0.12ms, min = 0.01ms, total = 0.25ms
	InternalPubSubGcsService.grpc_server.GcsSubscriberPoll - 9 total (5 active), Execution time: mean = 7647.18ms, total = 68824.62ms, Queueing time: mean = 0.00ms, max = -0.00ms, min = 9223372036854.78ms, total = 0.00ms
	InternalPubSubGcsService.grpc_server.GcsSubscriberCommandBatch.HandleRequestImpl - 8 total (0 active), Execution time: mean = 0.05ms, total = 0.44ms, Queueing time: mean = 0.02ms, max = 0.02ms, min = 0.01ms, total = 0.13ms
	InternalPubSubGcsService.grpc_server.GcsSubscriberCommandBatch - 8 total (0 active), Execution time: mean = 0.18ms, total = 1.41ms, Queueing time: mean = 0.00ms, max = -0.00ms, min = 9223372036854.78ms, total = 0.00ms
	Publisher.CheckDeadSubscribers - 2 total (1 active), Execution time: mean = 0.00ms, total = 0.01ms, Queueing time: mean = 0.01ms, max = 0.02ms, min = 0.02ms, total = 0.02ms
	RemoveSubscriberFrom - 1 total (0 active), Execution time: mean = 0.01ms, total = 0.01ms, Queueing time: mean = 0.02ms, max = 0.02ms, min = 0.02ms, total = 0.02ms
	PeriodicalRunner.RunFnPeriodically - 1 total (0 active), Execution time: mean = 0.01ms, total = 0.01ms, Queueing time: mean = 0.02ms, max = 0.02ms, min = 0.02ms, total = 0.02ms


[2025-11-28 15:41:45,083 I 672498 672498] (gcs_server) gcs_server.cc:944: ray_syncer_io_context Event stats:


Global stats: 42 total (0 active)
Queueing time: mean = 0.04ms, max = 1.29ms, min = 0.00ms, total = 1.66ms
Execution time:  mean = 0.03ms, total = 1.17ms
Event stats:
	event_loop_lag_probe - 32 total (0 active), Execution time: mean = 0.02ms, total = 0.70ms, Queueing time: mean = 0.05ms, max = 1.29ms, min = 0.00ms, total = 1.51ms
	RaySyncer.BroadcastMessage - 4 total (0 active), Execution time: mean = 0.01ms, total = 0.04ms, Queueing time: mean = 0.00ms, max = 0.00ms, min = 0.00ms, total = 0.00ms
	 - 4 total (0 active), Execution time: mean = 0.10ms, total = 0.42ms, Queueing time: mean = 0.02ms, max = 0.03ms, min = 0.01ms, total = 0.09ms
	RaySyncerRegister - 2 total (0 active), Execution time: mean = 0.00ms, total = 0.01ms, Queueing time: mean = 0.03ms, max = 0.04ms, min = 0.02ms, total = 0.06ms


[2025-11-28 15:41:45,083 I 672498 672498] (gcs_server) gcs_server.cc:944: ray_event_io_context Event stats:


Global stats: 32 total (0 active)
Queueing time: mean = 0.04ms, max = 1.12ms, min = 0.00ms, total = 1.30ms
Execution time:  mean = 0.02ms, total = 0.54ms
Event stats:
	event_loop_lag_probe - 32 total (0 active), Execution time: mean = 0.02ms, total = 0.54ms, Queueing time: mean = 0.04ms, max = 1.12ms, min = 0.00ms, total = 1.30ms


2025-11-28 15:41:46,593	INFO (monitor) autoscaler.py:147 -- The autoscaler took 0.0 seconds to fetch the list of non-terminated nodes.
2025-11-28 15:41:46,593	INFO (monitor) autoscaler.py:408 -- 
======== Autoscaler status: 2025-11-28 15:41:46.593162 ========
Node status
---------------------------------------------------------------
Active:
 1 node_fbb9841b3107256f006a4e24c5be7456a673f220f17e763ce1348e9e
Pending:
 (no pending nodes)
Recent failures:
 (no failures)

Resources
---------------------------------------------------------------
Total Usage:
 1.0/1.0 CPU
 0.0/1.0 GPU
 0B/349.75GiB memory
 0B/149.89GiB object_store_memory

From request_resources:
 (none)
Pending Demands:
 {'CPU': 1.0, 'GPU': 1.0} * 1 (STRICT_PACK): 1+ pending placement groups
2025-11-28 15:41:46,593	INFO (monitor) autoscaler.py:463 -- The autoscaler took 0.001 seconds to complete the update iteration.
[2025-11-28 15:41:47,968 I 672801 672824] (raylet) store.cc:572: Plasma store debug dump: 
Current usage: 0 / 160.946 GB
- num bytes created total: 24
0 pending objects of total size 0MB
- objects spillable: 0
- bytes spillable: 0
- objects unsealed: 0
- bytes unsealed: 0
- objects in use: 0
- bytes in use: 0
- objects evictable: 0
- bytes evictable: 0

- objects created by worker: 0
- bytes created by worker: 0
- objects restored: 0
- bytes restored: 0
- objects received: 0
- bytes received: 0
- objects errored: 0
- bytes errored: 0

[2025-11-28 15:41:48,995 I 672801 672801] (raylet) node_manager.cc:440: [state-dump] NodeManager:
[state-dump] Node ID: fbb9841b3107256f006a4e24c5be7456a673f220f17e763ce1348e9e
[state-dump] Node name: 10.102.35.9
[state-dump] InitialConfigResources: {accelerator_type:A100: 1, CPU: 1, memory: 3.75541e+11, GPU: 1, node:10.102.35.9: 1, object_store_memory: 1.60946e+11, node:__internal_head__: 1}
[state-dump] ClusterLeaseManager:
[state-dump] ========== Node: fbb9841b3107256f006a4e24c5be7456a673f220f17e763ce1348e9e =================
[state-dump] Infeasible queue length: 1
[state-dump] Schedule queue length: 0
[state-dump] Grant queue length: 0
[state-dump] num_waiting_for_resource: 0
[state-dump] num_waiting_for_plasma_memory: 0
[state-dump] num_waiting_for_remote_node_resources: 0
[state-dump] num_worker_not_started_by_job_config_not_exist: 0
[state-dump] num_worker_not_started_by_registration_timeout: 0
[state-dump] num_tasks_waiting_for_workers: 0
[state-dump] num_cancelled_leases: 0
[state-dump] cluster_resource_scheduler state: 
[state-dump] Local id: -6166997991266946165 Local resources: {"total":{GPU: [10000], node:10.102.35.9: [10000], CPU: [10000], node:__internal_head__: [10000], memory: [3755414892550000], object_store_memory: [1609463525370000], accelerator_type:A100: [10000]}}, "available": {GPU: [10000], node:10.102.35.9: [10000], CPU: [0], node:__internal_head__: [10000], memory: [3755414892550000], object_store_memory: [1609463525370000], accelerator_type:A100: [10000]}}, "labels":{"ray.io/node-id":"fbb9841b3107256f006a4e24c5be7456a673f220f17e763ce1348e9e","ray.io/accelerator-type":"A100",} is_draining: 0 is_idle: 0 Cluster resources (at most 20 nodes are shown): node id: -6166997991266946165{"total":{node:10.102.35.9: 10000, GPU: 10000, CPU: 10000, object_store_memory: 1609463525370000, memory: 3755414892550000, accelerator_type:A100: 10000, node:__internal_head__: 10000}}, "available": {object_store_memory: 1609463525370000, memory: 3755414892550000, accelerator_type:A100: 10000, GPU: 10000, node:10.102.35.9: 10000, node:__internal_head__: 10000}}, "labels":{"ray.io/node-id":"fbb9841b3107256f006a4e24c5be7456a673f220f17e763ce1348e9e","ray.io/accelerator-type":"A100",}, "is_draining": 0, "draining_deadline_timestamp_ms": -1} { "placement group locations": [], "node to bundles": []}
[state-dump] Waiting leases size: 0
[state-dump] Number of granted lease arguments: 0
[state-dump] Number of pinned lease arguments: 0
[state-dump] Number of total spilled leases: 0
[state-dump] Number of spilled waiting leases: 0
[state-dump] Number of spilled unschedulable leases: 0
[state-dump] Resource usage {
[state-dump]     - (language=PYTHON actor_or_taskTaskRunner.__init__ pid=673348 worker_id=3293f9baf9f0772a29df934ce9aa40562820dbe52583e5e641f030c5): {CPU: 1}
[state-dump] }
[state-dump] Backlog Size per scheduling descriptor :{workerId: num backlogs}:
[state-dump] 
[state-dump] Granted leases by scheduling class:
[state-dump] ==================================================
[state-dump] 
[state-dump] ClusterResources:
[state-dump] LocalObjectManager:
[state-dump] - num pinned objects: 0
[state-dump] - pinned objects size: 0
[state-dump] - num objects pending restore: 0
[state-dump] - num objects pending spill: 0
[state-dump] - num bytes pending spill: 0
[state-dump] - num bytes currently spilled: 0
[state-dump] - cumulative spill requests: 0
[state-dump] - cumulative restore requests: 0
[state-dump] - spilled objects pending delete: 0
[state-dump] 
[state-dump] ObjectManager:
[state-dump] - num local objects: 0
[state-dump] - num unfulfilled push requests: 0
[state-dump] - num object pull requests: 0
[state-dump] - num chunks received total: 0
[state-dump] - num chunks received failed (all): 0
[state-dump] - num chunks received failed / cancelled: 0
[state-dump] - num chunks received failed / plasma error: 0
[state-dump] Event stats:
[state-dump] Global stats: 0 total (0 active)
[state-dump] Queueing time: mean = -nanms, max = -0.00ms, min = 9223372036854.78ms, total = 0.00ms
[state-dump] Execution time:  mean = -nanms, total = 0.00ms
[state-dump] Event stats:
[state-dump] PushManager:
[state-dump] - num pushes remaining: 0
[state-dump] - num chunks in flight: 0
[state-dump] - num chunks remaining: 0
[state-dump] - max chunks allowed: 409
[state-dump] OwnershipBasedObjectDirectory:
[state-dump] - num listeners: 0
[state-dump] - cumulative location updates: 0
[state-dump] - num location updates per second: 0.000
[state-dump] - num location lookups per second: 0.000
[state-dump] - num locations added per second: 0.000
[state-dump] - num locations removed per second: 0.000
[state-dump] BufferPool:
[state-dump] - create buffer state map size: 0
[state-dump] PullManager:
[state-dump] - num bytes available for pulled objects: 160946352537
[state-dump] - num bytes being pulled (all): 0
[state-dump] - num bytes being pulled / pinned: 0
[state-dump] - get request bundles: BundlePullRequestQueue{0 total, 0 active, 0 inactive, 0 unpullable}
[state-dump] - wait request bundles: BundlePullRequestQueue{0 total, 0 active, 0 inactive, 0 unpullable}
[state-dump] - task request bundles: BundlePullRequestQueue{0 total, 0 active, 0 inactive, 0 unpullable}
[state-dump] - first get request bundle: N/A
[state-dump] - first wait request bundle: N/A
[state-dump] - first task request bundle: N/A
[state-dump] - num objects queued: 0
[state-dump] - num objects actively pulled (all): 0
[state-dump] - num objects actively pulled / pinned: 0
[state-dump] - num bundles being pulled: 0
[state-dump] - num pull retries: 0
[state-dump] - max timeout seconds: 0
[state-dump] - max timeout request is already processed. No entry.
[state-dump] 
[state-dump] WorkerPool:
[state-dump] - registered jobs: 1
[state-dump] - process_failed_job_config_missing: 0
[state-dump] - process_failed_rate_limited: 0
[state-dump] - process_failed_pending_registration: 0
[state-dump] - process_failed_runtime_env_setup_failed: 0
[state-dump] - num JAVA workers: 0
[state-dump] - num JAVA drivers: 0
[state-dump] - num JAVA pending start requests: 0
[state-dump] - num JAVA pending registration requests: 0
[state-dump] - num object spill callbacks queued: 0
[state-dump] - num object restore queued: 0
[state-dump] - num util functions queued: 0
[state-dump] - num PYTHON workers: 1
[state-dump] - num PYTHON drivers: 1
[state-dump] - num PYTHON pending start requests: 0
[state-dump] - num PYTHON pending registration requests: 0
[state-dump] - num object spill callbacks queued: 0
[state-dump] - num object restore queued: 0
[state-dump] - num util functions queued: 0
[state-dump] - num idle workers: 0
[state-dump] LeaseDependencyManager:
[state-dump] - lease deps map size: 0
[state-dump] - get req map size: 0
[state-dump] - wait req map size: 0
[state-dump] - local objects map size: 0
[state-dump] WaitManager:
[state-dump] - num active wait requests: 0
[state-dump] Subscriber:
[state-dump] Channel WORKER_OBJECT_EVICTION
[state-dump] - cumulative subscribe requests: 0
[state-dump] - cumulative unsubscribe requests: 0
[state-dump] - active subscribed publishers: 0
[state-dump] - cumulative published messages: 0
[state-dump] - cumulative processed messages: 0
[state-dump] Channel WORKER_OBJECT_LOCATIONS_CHANNEL
[state-dump] - cumulative subscribe requests: 0
[state-dump] - cumulative unsubscribe requests: 0
[state-dump] - active subscribed publishers: 0
[state-dump] - cumulative published messages: 0
[state-dump] - cumulative processed messages: 0
[state-dump] Channel WORKER_REF_REMOVED_CHANNEL
[state-dump] - cumulative subscribe requests: 0
[state-dump] - cumulative unsubscribe requests: 0
[state-dump] - active subscribed publishers: 0
[state-dump] - cumulative published messages: 0
[state-dump] - cumulative processed messages: 0
[state-dump] num async plasma notifications: 0
[state-dump] Event stats:
[state-dump] Global stats: 14972 total (18 active)
[state-dump] Queueing time: mean = 3.81ms, max = 24446.82ms, min = -0.03ms, total = 57071.65ms
[state-dump] Execution time:  mean = 3.00ms, total = 44864.43ms
[state-dump] Event stats:
[state-dump] 	ObjectManager.UpdateAvailableMemory - 3000 total (0 active), Execution time: mean = 0.00ms, total = 1.91ms, Queueing time: mean = 0.01ms, max = 0.09ms, min = 0.00ms, total = 23.68ms
[state-dump] 	NodeManager.CheckGC - 3000 total (1 active), Execution time: mean = 0.00ms, total = 2.08ms, Queueing time: mean = 0.02ms, max = 6.32ms, min = 0.00ms, total = 52.65ms
[state-dump] 	RaySyncer.OnDemandBroadcasting - 3000 total (1 active), Execution time: mean = 0.00ms, total = 4.41ms, Queueing time: mean = 0.02ms, max = 6.31ms, min = -0.00ms, total = 50.49ms
[state-dump] 	RayletWorkerPool.deadline_timer.kill_idle_workers - 1500 total (1 active), Execution time: mean = 0.00ms, total = 2.64ms, Queueing time: mean = 0.02ms, max = 0.80ms, min = 0.01ms, total = 27.00ms
[state-dump] 	MemoryMonitor.CheckIsMemoryUsageAboveThreshold - 1199 total (1 active), Execution time: mean = 0.39ms, total = 472.90ms, Queueing time: mean = 0.01ms, max = 0.04ms, min = 0.00ms, total = 17.51ms
[state-dump] 	NodeManagerService.grpc_server.ReportWorkerBacklog - 521 total (0 active), Execution time: mean = 0.20ms, total = 103.76ms, Queueing time: mean = 0.00ms, max = -0.00ms, min = 9223372036854.78ms, total = 0.00ms
[state-dump] 	NodeManagerService.grpc_server.ReportWorkerBacklog.HandleRequestImpl - 521 total (0 active), Execution time: mean = 0.04ms, total = 19.53ms, Queueing time: mean = 0.01ms, max = 0.12ms, min = 0.01ms, total = 7.77ms
[state-dump] 	NodeManager.deadline_timer.spill_objects_when_over_threshold - 300 total (1 active), Execution time: mean = 0.00ms, total = 0.33ms, Queueing time: mean = 0.09ms, max = 0.97ms, min = 0.01ms, total = 26.23ms
[state-dump] 	NodeManager.ScheduleAndGrantLeases - 300 total (1 active), Execution time: mean = 0.01ms, total = 1.88ms, Queueing time: mean = 0.02ms, max = 0.07ms, min = 0.00ms, total = 4.60ms
[state-dump] 	NodeManagerService.grpc_server.GetResourceLoad - 300 total (0 active), Execution time: mean = 0.28ms, total = 82.78ms, Queueing time: mean = 0.00ms, max = -0.00ms, min = 9223372036854.78ms, total = 0.00ms
[state-dump] 	NodeManagerService.grpc_server.GetResourceLoad.HandleRequestImpl - 300 total (0 active), Execution time: mean = 0.06ms, total = 17.72ms, Queueing time: mean = 0.02ms, max = 0.32ms, min = 0.01ms, total = 4.75ms
[state-dump] 	NodeManager.CheckForUnexpectedWorkerDisconnects - 300 total (1 active), Execution time: mean = 0.01ms, total = 1.82ms, Queueing time: mean = 0.02ms, max = 0.07ms, min = -0.00ms, total = 4.63ms
[state-dump] 	NodeManager.deadline_timer.flush_free_objects - 300 total (1 active), Execution time: mean = 0.00ms, total = 0.34ms, Queueing time: mean = 0.09ms, max = 0.97ms, min = 0.01ms, total = 26.22ms
[state-dump] 	ClusterResourceManager.ResetRemoteNodeView - 101 total (1 active), Execution time: mean = 0.00ms, total = 0.23ms, Queueing time: mean = 0.02ms, max = 0.03ms, min = 0.01ms, total = 1.65ms
[state-dump] 	NodeManager.deadline_timer.record_metrics - 60 total (1 active), Execution time: mean = 0.12ms, total = 7.01ms, Queueing time: mean = 0.32ms, max = 0.94ms, min = 0.01ms, total = 19.45ms
[state-dump] 	event_loop_lag_probe - 32 total (0 active), Execution time: mean = 0.02ms, total = 0.62ms, Queueing time: mean = 0.39ms, max = 12.24ms, min = 0.00ms, total = 12.34ms
[state-dump] 	ReporterService.grpc_client.HealthCheck.OnReplyReceived - 31 total (0 active), Execution time: mean = 0.03ms, total = 0.86ms, Queueing time: mean = 0.02ms, max = 0.24ms, min = 0.00ms, total = 0.54ms
[state-dump] 	ReporterService.grpc_client.HealthCheck - 31 total (0 active), Execution time: mean = 0.16ms, total = 4.89ms, Queueing time: mean = 0.00ms, max = -0.00ms, min = 9223372036854.78ms, total = 0.00ms
[state-dump] 	MetricsAgentClient.WaitForServerReadyWithRetry - 30 total (0 active), Execution time: mean = 0.09ms, total = 2.76ms, Queueing time: mean = 1000.01ms, max = 1000.02ms, min = 1000.01ms, total = 30000.42ms
[state-dump] 	NodeManager.deadline_timer.debug_state_dump - 30 total (1 active), Execution time: mean = 0.87ms, total = 26.01ms, Queueing time: mean = 0.01ms, max = 0.03ms, min = -0.03ms, total = 0.36ms
[state-dump] 	PeriodicalRunner.RunFnPeriodically - 14 total (0 active), Execution time: mean = 0.20ms, total = 2.78ms, Queueing time: mean = 5.10ms, max = 15.84ms, min = 0.04ms, total = 71.38ms
[state-dump] 	ClientConnection.async_read.ProcessMessageHeader - 14 total (2 active), Execution time: mean = 0.00ms, total = 0.06ms, Queueing time: mean = 1908.23ms, max = 24446.82ms, min = 0.03ms, total = 26715.22ms
[state-dump] 	ClientConnection.async_read.ProcessMessage - 12 total (0 active), Execution time: mean = 0.64ms, total = 7.69ms, Queueing time: mean = 0.01ms, max = 0.02ms, min = 0.00ms, total = 0.07ms
[state-dump] 	ray::rpc::NodeInfoGcsService.grpc_client.CheckAlive - 5 total (0 active), Execution time: mean = 0.73ms, total = 3.66ms, Queueing time: mean = 0.00ms, max = -0.00ms, min = 9223372036854.78ms, total = 0.00ms
[state-dump] 	NodeManager.deadline_timer.print_event_loop_stats - 5 total (1 active, 1 running), Execution time: mean = 0.67ms, total = 3.34ms, Queueing time: mean = 0.01ms, max = 0.02ms, min = 0.01ms, total = 0.04ms
[state-dump] 	ray::rpc::NodeInfoGcsService.grpc_client.CheckAlive.OnReplyReceived - 5 total (0 active), Execution time: mean = 0.02ms, total = 0.09ms, Queueing time: mean = 0.02ms, max = 0.03ms, min = 0.01ms, total = 0.10ms
[state-dump] 	NodeManager.GcsCheckAlive - 5 total (1 active), Execution time: mean = 0.13ms, total = 0.66ms, Queueing time: mean = 0.53ms, max = 0.75ms, min = 0.62ms, total = 2.66ms
[state-dump] 	ClientConnection.async_write.DoAsyncWrites - 4 total (0 active), Execution time: mean = 0.00ms, total = 0.00ms, Queueing time: mean = 0.06ms, max = 0.17ms, min = 0.02ms, total = 0.25ms
[state-dump] 	 - 4 total (0 active), Execution time: mean = 0.00ms, total = 0.00ms, Queueing time: mean = 0.01ms, max = 0.02ms, min = 0.01ms, total = 0.06ms
[state-dump] 	RaySyncer.BroadcastMessage - 4 total (0 active), Execution time: mean = 0.14ms, total = 0.55ms, Queueing time: mean = 0.00ms, max = 0.00ms, min = 0.00ms, total = 0.00ms
[state-dump] 	ray::rpc::InternalPubSubGcsService.grpc_client.GcsSubscriberPoll - 3 total (1 active), Execution time: mean = 13680.88ms, total = 41042.65ms, Queueing time: mean = 0.00ms, max = -0.00ms, min = 9223372036854.78ms, total = 0.00ms
[state-dump] 	NodeManagerService.grpc_server.GetSystemConfig - 3 total (0 active), Execution time: mean = 0.33ms, total = 1.00ms, Queueing time: mean = 0.00ms, max = -0.00ms, min = 9223372036854.78ms, total = 0.00ms
[state-dump] 	ObjectManager.ObjectDeleted - 3 total (0 active), Execution time: mean = 0.01ms, total = 0.03ms, Queueing time: mean = 0.02ms, max = 0.02ms, min = 0.02ms, total = 0.06ms
[state-dump] 	NodeManagerService.grpc_server.GetSystemConfig.HandleRequestImpl - 3 total (0 active), Execution time: mean = 0.05ms, total = 0.14ms, Queueing time: mean = 0.01ms, max = 0.02ms, min = 0.01ms, total = 0.04ms
[state-dump] 	ObjectManager.ObjectAdded - 3 total (0 active), Execution time: mean = 0.01ms, total = 0.03ms, Queueing time: mean = 0.01ms, max = 0.01ms, min = 0.01ms, total = 0.03ms
[state-dump] 	RaySyncerRegister - 2 total (0 active), Execution time: mean = 0.00ms, total = 0.00ms, Queueing time: mean = 0.00ms, max = 0.00ms, min = 0.00ms, total = 0.00ms
[state-dump] 	NodeManagerService.grpc_server.RequestWorkerLease - 2 total (1 active), Execution time: mean = 1004.34ms, total = 2008.67ms, Queueing time: mean = 0.00ms, max = -0.00ms, min = 9223372036854.78ms, total = 0.00ms
[state-dump] 	ray::rpc::InternalPubSubGcsService.grpc_client.GcsSubscriberCommandBatch - 2 total (0 active), Execution time: mean = 0.88ms, total = 1.76ms, Queueing time: mean = 0.00ms, max = -0.00ms, min = 9223372036854.78ms, total = 0.00ms
[state-dump] 	ray::rpc::InternalPubSubGcsService.grpc_client.GcsSubscriberCommandBatch.OnReplyReceived - 2 total (0 active), Execution time: mean = 0.10ms, total = 0.19ms, Queueing time: mean = 0.57ms, max = 0.97ms, min = 0.16ms, total = 1.13ms
[state-dump] 	NodeManagerService.grpc_server.RequestWorkerLease.HandleRequestImpl - 2 total (0 active), Execution time: mean = 0.09ms, total = 0.18ms, Queueing time: mean = 0.01ms, max = 0.02ms, min = 0.01ms, total = 0.03ms
[state-dump] 	ray::rpc::InternalPubSubGcsService.grpc_client.GcsSubscriberPoll.OnReplyReceived - 2 total (0 active), Execution time: mean = 0.08ms, total = 0.17ms, Queueing time: mean = 0.02ms, max = 0.04ms, min = 0.01ms, total = 0.05ms
[state-dump] 	ray::rpc::InternalKVGcsService.grpc_client.GetInternalConfig.OnReplyReceived - 1 total (0 active), Execution time: mean = 1023.30ms, total = 1023.30ms, Queueing time: mean = 0.01ms, max = 0.01ms, min = 0.01ms, total = 0.01ms
[state-dump] 	ray::rpc::NodeInfoGcsService.grpc_client.GetAllNodeAddressAndLiveness.OnReplyReceived - 1 total (0 active), Execution time: mean = 0.15ms, total = 0.15ms, Queueing time: mean = 0.01ms, max = 0.01ms, min = 0.01ms, total = 0.01ms
[state-dump] 	ray::rpc::WorkerInfoGcsService.grpc_client.ReportWorkerFailure - 1 total (0 active), Execution time: mean = 2.04ms, total = 2.04ms, Queueing time: mean = 0.00ms, max = -0.00ms, min = 9223372036854.78ms, total = 0.00ms
[state-dump] 	ray::rpc::NodeInfoGcsService.grpc_client.RegisterNode.OnReplyReceived - 1 total (0 active), Execution time: mean = 0.36ms, total = 0.36ms, Queueing time: mean = 0.01ms, max = 0.01ms, min = 0.01ms, total = 0.01ms
[state-dump] 	ray::rpc::JobInfoGcsService.grpc_client.AddJob.OnReplyReceived - 1 total (0 active), Execution time: mean = 0.05ms, total = 0.05ms, Queueing time: mean = 0.02ms, max = 0.02ms, min = 0.02ms, total = 0.02ms
[state-dump] 	ray::rpc::JobInfoGcsService.grpc_client.AddJob - 1 total (0 active), Execution time: mean = 1.76ms, total = 1.76ms, Queueing time: mean = 0.00ms, max = -0.00ms, min = 9223372036854.78ms, total = 0.00ms
[state-dump] 	Subscriber.HandlePublishedMessage_GCS_WORKER_DELTA_CHANNEL - 1 total (0 active), Execution time: mean = 0.00ms, total = 0.00ms, Queueing time: mean = 0.06ms, max = 0.06ms, min = 0.06ms, total = 0.06ms
[state-dump] 	ray::rpc::InternalKVGcsService.grpc_client.GetInternalConfig - 1 total (0 active), Execution time: mean = 1.11ms, total = 1.11ms, Queueing time: mean = 0.00ms, max = -0.00ms, min = 9223372036854.78ms, total = 0.00ms
[state-dump] 	ray::rpc::NodeInfoGcsService.grpc_client.GetAllNodeAddressAndLiveness - 1 total (0 active), Execution time: mean = 0.72ms, total = 0.72ms, Queueing time: mean = 0.00ms, max = -0.00ms, min = 9223372036854.78ms, total = 0.00ms
[state-dump] 	Subscriber.HandlePublishedMessage_GCS_JOB_CHANNEL - 1 total (0 active), Execution time: mean = 0.02ms, total = 0.02ms, Queueing time: mean = 0.11ms, max = 0.11ms, min = 0.11ms, total = 0.11ms
[state-dump] 	ray::rpc::JobInfoGcsService.grpc_client.GetAllJobInfo - 1 total (0 active), Execution time: mean = 0.70ms, total = 0.70ms, Queueing time: mean = 0.00ms, max = -0.00ms, min = 9223372036854.78ms, total = 0.00ms
[state-dump] 	NodeManager.GCTaskFailureReason - 1 total (1 active), Execution time: mean = 0.00ms, total = 0.00ms, Queueing time: mean = 0.00ms, max = -0.00ms, min = 9223372036854.78ms, total = 0.00ms
[state-dump] 	ray::rpc::NodeInfoGcsService.grpc_client.RegisterNode - 1 total (0 active), Execution time: mean = 1.83ms, total = 1.83ms, Queueing time: mean = 0.00ms, max = -0.00ms, min = 9223372036854.78ms, total = 0.00ms
[state-dump] 	CoreWorkerService.grpc_client.Exit.OnReplyReceived - 1 total (0 active), Execution time: mean = 0.02ms, total = 0.02ms, Queueing time: mean = 0.01ms, max = 0.01ms, min = 0.01ms, total = 0.01ms
[state-dump] 	ray::rpc::JobInfoGcsService.grpc_client.GetAllJobInfo.OnReplyReceived - 1 total (0 active), Execution time: mean = 0.01ms, total = 0.01ms, Queueing time: mean = 0.01ms, max = 0.01ms, min = 0.01ms, total = 0.01ms
[state-dump] 	CoreWorkerService.grpc_client.Exit - 1 total (0 active), Execution time: mean = 4.20ms, total = 4.20ms, Queueing time: mean = 0.00ms, max = -0.00ms, min = 9223372036854.78ms, total = 0.00ms
[state-dump] 	ray::rpc::WorkerInfoGcsService.grpc_client.ReportWorkerFailure.OnReplyReceived - 1 total (0 active), Execution time: mean = 0.02ms, total = 0.02ms, Queueing time: mean = 0.02ms, max = 0.02ms, min = 0.02ms, total = 0.02ms
[state-dump] DebugString() time ms: 1
[state-dump] 
[state-dump] 
2025-11-28 15:41:51,596	INFO (monitor) autoscaler.py:147 -- The autoscaler took 0.0 seconds to fetch the list of non-terminated nodes.
2025-11-28 15:41:51,596	INFO (monitor) autoscaler.py:408 -- 
======== Autoscaler status: 2025-11-28 15:41:51.596663 ========
Node status
---------------------------------------------------------------
Active:
 1 node_fbb9841b3107256f006a4e24c5be7456a673f220f17e763ce1348e9e
Pending:
 (no pending nodes)
Recent failures:
 (no failures)

Resources
---------------------------------------------------------------
Total Usage:
 1.0/1.0 CPU
 0.0/1.0 GPU
 0B/349.75GiB memory
 0B/149.89GiB object_store_memory

From request_resources:
 (none)
Pending Demands:
 {'CPU': 1.0, 'GPU': 1.0} * 1 (STRICT_PACK): 1+ pending placement groups
2025-11-28 15:41:51,597	INFO (monitor) autoscaler.py:463 -- The autoscaler took 0.001 seconds to complete the update iteration.
2025-11-28 15:41:56,600	INFO (monitor) autoscaler.py:147 -- The autoscaler took 0.0 seconds to fetch the list of non-terminated nodes.
2025-11-28 15:41:56,600	INFO (monitor) autoscaler.py:408 -- 
======== Autoscaler status: 2025-11-28 15:41:56.600313 ========
Node status
---------------------------------------------------------------
Active:
 1 node_fbb9841b3107256f006a4e24c5be7456a673f220f17e763ce1348e9e
Pending:
 (no pending nodes)
Recent failures:
 (no failures)

Resources
---------------------------------------------------------------
Total Usage:
 1.0/1.0 CPU
 0.0/1.0 GPU
 0B/349.75GiB memory
 0B/149.89GiB object_store_memory

From request_resources:
 (none)
Pending Demands:
 {'CPU': 1.0, 'GPU': 1.0} * 1 (STRICT_PACK): 1+ pending placement groups
2025-11-28 15:41:56,601	INFO (monitor) autoscaler.py:463 -- The autoscaler took 0.001 seconds to complete the update iteration.
2025-11-28 15:42:01,603	INFO (monitor) autoscaler.py:147 -- The autoscaler took 0.0 seconds to fetch the list of non-terminated nodes.
2025-11-28 15:42:01,603	INFO (monitor) autoscaler.py:408 -- 
======== Autoscaler status: 2025-11-28 15:42:01.603643 ========
Node status
---------------------------------------------------------------
Active:
 1 node_fbb9841b3107256f006a4e24c5be7456a673f220f17e763ce1348e9e
Pending:
 (no pending nodes)
Recent failures:
 (no failures)

Resources
---------------------------------------------------------------
Total Usage:
 1.0/1.0 CPU
 0.0/1.0 GPU
 0B/349.75GiB memory
 0B/149.89GiB object_store_memory

From request_resources:
 (none)
Pending Demands:
 {'CPU': 1.0, 'GPU': 1.0} * 1 (STRICT_PACK): 1+ pending placement groups
2025-11-28 15:42:01,604	INFO (monitor) autoscaler.py:463 -- The autoscaler took 0.001 seconds to complete the update iteration.
2025-11-28 15:42:06,606	INFO (monitor) autoscaler.py:147 -- The autoscaler took 0.0 seconds to fetch the list of non-terminated nodes.
2025-11-28 15:42:06,606	INFO (monitor) autoscaler.py:408 -- 
======== Autoscaler status: 2025-11-28 15:42:06.606901 ========
Node status
---------------------------------------------------------------
Active:
 1 node_fbb9841b3107256f006a4e24c5be7456a673f220f17e763ce1348e9e
Pending:
 (no pending nodes)
Recent failures:
 (no failures)

Resources
---------------------------------------------------------------
Total Usage:
 1.0/1.0 CPU
 0.0/1.0 GPU
 0B/349.75GiB memory
 0B/149.89GiB object_store_memory

From request_resources:
 (none)
Pending Demands:
 {'CPU': 1.0, 'GPU': 1.0} * 1 (STRICT_PACK): 1+ pending placement groups
2025-11-28 15:42:06,607	INFO (monitor) autoscaler.py:463 -- The autoscaler took 0.001 seconds to complete the update iteration.
2025-11-28 15:42:11,610	INFO (monitor) autoscaler.py:147 -- The autoscaler took 0.0 seconds to fetch the list of non-terminated nodes.
2025-11-28 15:42:11,610	INFO (monitor) autoscaler.py:408 -- 
======== Autoscaler status: 2025-11-28 15:42:11.610156 ========
Node status
---------------------------------------------------------------
Active:
 1 node_fbb9841b3107256f006a4e24c5be7456a673f220f17e763ce1348e9e
Pending:
 (no pending nodes)
Recent failures:
 (no failures)

Resources
---------------------------------------------------------------
Total Usage:
 1.0/1.0 CPU
 0.0/1.0 GPU
 0B/349.75GiB memory
 0B/149.89GiB object_store_memory

From request_resources:
 (none)
Pending Demands:
 {'CPU': 1.0, 'GPU': 1.0} * 1 (STRICT_PACK): 1+ pending placement groups
2025-11-28 15:42:11,610	INFO (monitor) autoscaler.py:463 -- The autoscaler took 0.001 seconds to complete the update iteration.
2025-11-28 15:42:16,613	INFO (monitor) autoscaler.py:147 -- The autoscaler took 0.0 seconds to fetch the list of non-terminated nodes.
2025-11-28 15:42:16,613	INFO (monitor) autoscaler.py:408 -- 
======== Autoscaler status: 2025-11-28 15:42:16.613634 ========
Node status
---------------------------------------------------------------
Active:
 1 node_fbb9841b3107256f006a4e24c5be7456a673f220f17e763ce1348e9e
Pending:
 (no pending nodes)
Recent failures:
 (no failures)

Resources
---------------------------------------------------------------
Total Usage:
 1.0/1.0 CPU
 0.0/1.0 GPU
 0B/349.75GiB memory
 0B/149.89GiB object_store_memory

From request_resources:
 (none)
Pending Demands:
 {'CPU': 1.0, 'GPU': 1.0} * 1 (STRICT_PACK): 1+ pending placement groups
2025-11-28 15:42:16,614	INFO (monitor) autoscaler.py:463 -- The autoscaler took 0.001 seconds to complete the update iteration.
2025-11-28 15:42:21,617	INFO (monitor) autoscaler.py:147 -- The autoscaler took 0.0 seconds to fetch the list of non-terminated nodes.
2025-11-28 15:42:21,617	INFO (monitor) autoscaler.py:408 -- 
======== Autoscaler status: 2025-11-28 15:42:21.617863 ========
Node status
---------------------------------------------------------------
Active:
 1 node_fbb9841b3107256f006a4e24c5be7456a673f220f17e763ce1348e9e
Pending:
 (no pending nodes)
Recent failures:
 (no failures)

Resources
---------------------------------------------------------------
Total Usage:
 1.0/1.0 CPU
 0.0/1.0 GPU
 0B/349.75GiB memory
 0B/149.89GiB object_store_memory

From request_resources:
 (none)
Pending Demands:
 {'CPU': 1.0, 'GPU': 1.0} * 1 (STRICT_PACK): 1+ pending placement groups
2025-11-28 15:42:21,618	INFO (monitor) autoscaler.py:463 -- The autoscaler took 0.001 seconds to complete the update iteration.
2025-11-28 15:42:26,621	INFO (monitor) autoscaler.py:147 -- The autoscaler took 0.0 seconds to fetch the list of non-terminated nodes.
2025-11-28 15:42:26,621	INFO (monitor) autoscaler.py:408 -- 
======== Autoscaler status: 2025-11-28 15:42:26.621271 ========
Node status
---------------------------------------------------------------
Active:
 1 node_fbb9841b3107256f006a4e24c5be7456a673f220f17e763ce1348e9e
Pending:
 (no pending nodes)
Recent failures:
 (no failures)

Resources
---------------------------------------------------------------
Total Usage:
 1.0/1.0 CPU
 0.0/1.0 GPU
 0B/349.75GiB memory
 0B/149.89GiB object_store_memory

From request_resources:
 (none)
Pending Demands:
 {'CPU': 1.0, 'GPU': 1.0} * 1 (STRICT_PACK): 1+ pending placement groups
2025-11-28 15:42:26,621	INFO (monitor) autoscaler.py:463 -- The autoscaler took 0.001 seconds to complete the update iteration.
[2025-11-28 15:42:28,840 I 672950 673266] (python-core-driver-01000000ffffffffffffffffffffffffffffffffffffffffffffffff) core_worker.cc:455: Event stats:


Global stats: 4118 total (9 active)
Queueing time: mean = 7.30ms, max = 1000.04ms, min = -0.00ms, total = 30057.66ms
Execution time:  mean = 12.93ms, total = 53233.42ms
Event stats:
	CoreWorker.RecoverObjects - 3000 total (1 active), Execution time: mean = 0.00ms, total = 7.86ms, Queueing time: mean = 0.01ms, max = 0.45ms, min = -0.00ms, total = 44.74ms
	CoreWorker.InternalHeartbeat - 300 total (1 active), Execution time: mean = 0.10ms, total = 30.86ms, Queueing time: mean = 0.01ms, max = 0.03ms, min = 0.01ms, total = 4.24ms
	NodeManagerService.grpc_client.ReportWorkerBacklog.OnReplyReceived - 300 total (0 active), Execution time: mean = 0.01ms, total = 4.24ms, Queueing time: mean = 0.01ms, max = 0.03ms, min = 0.01ms, total = 3.52ms
	NodeManagerService.grpc_client.ReportWorkerBacklog - 300 total (0 active), Execution time: mean = 0.49ms, total = 145.91ms, Queueing time: mean = 0.00ms, max = -0.00ms, min = 9223372036854.78ms, total = 0.00ms
	CoreWorker.RecordMetrics - 60 total (1 active), Execution time: mean = 0.04ms, total = 2.68ms, Queueing time: mean = 0.01ms, max = 0.02ms, min = 0.01ms, total = 0.75ms
	ReporterService.grpc_client.HealthCheck.OnReplyReceived - 31 total (0 active), Execution time: mean = 0.01ms, total = 0.44ms, Queueing time: mean = 0.01ms, max = 0.01ms, min = 0.00ms, total = 0.19ms
	ReporterService.grpc_client.HealthCheck - 31 total (0 active), Execution time: mean = 0.08ms, total = 2.61ms, Queueing time: mean = 0.00ms, max = -0.00ms, min = 9223372036854.78ms, total = 0.00ms
	MetricsAgentClient.WaitForServerReadyWithRetry - 30 total (0 active), Execution time: mean = 0.06ms, total = 1.91ms, Queueing time: mean = 1000.01ms, max = 1000.04ms, min = 1000.01ms, total = 30000.33ms
	CoreWorker.TryDelPendingObjectRefStreams - 30 total (1 active), Execution time: mean = 0.00ms, total = 0.08ms, Queueing time: mean = 0.05ms, max = 0.42ms, min = 0.01ms, total = 1.55ms
	PeriodicalRunner.RunFnPeriodically - 6 total (0 active), Execution time: mean = 0.10ms, total = 0.63ms, Queueing time: mean = 0.27ms, max = 0.59ms, min = 0.01ms, total = 1.60ms
	CoreWorker.PrintEventStats - 5 total (1 active, 1 running), Execution time: mean = 0.37ms, total = 1.86ms, Queueing time: mean = 0.01ms, max = 0.02ms, min = 0.01ms, total = 0.06ms
	ray::rpc::InternalPubSubGcsService.grpc_client.GcsSubscriberCommandBatch.OnReplyReceived - 2 total (0 active), Execution time: mean = 0.12ms, total = 0.24ms, Queueing time: mean = 0.01ms, max = 0.01ms, min = 0.01ms, total = 0.02ms
	ray::rpc::InternalPubSubGcsService.grpc_client.GcsSubscriberPoll - 2 total (1 active), Execution time: mean = 13284.78ms, total = 26569.57ms, Queueing time: mean = 0.00ms, max = -0.00ms, min = 9223372036854.78ms, total = 0.00ms
	Publisher.CheckDeadSubscribers - 2 total (1 active), Execution time: mean = 0.00ms, total = 0.00ms, Queueing time: mean = 0.00ms, max = 0.01ms, min = 0.01ms, total = 0.01ms
	ray::rpc::InternalPubSubGcsService.grpc_client.GcsSubscriberCommandBatch - 2 total (0 active), Execution time: mean = 0.34ms, total = 0.67ms, Queueing time: mean = 0.00ms, max = -0.00ms, min = 9223372036854.78ms, total = 0.00ms
	ActorCreator.AsyncRegisterActor - 1 total (0 active), Execution time: mean = 0.39ms, total = 0.39ms, Queueing time: mean = 0.01ms, max = 0.01ms, min = 0.01ms, total = 0.01ms
	ray::rpc::ActorInfoGcsService.grpc_client.RegisterActor.OnReplyReceived - 1 total (0 active), Execution time: mean = 0.14ms, total = 0.14ms, Queueing time: mean = 0.01ms, max = 0.01ms, min = 0.01ms, total = 0.01ms
	ray::rpc::ActorInfoGcsService.grpc_client.GetActorInfo - 1 total (0 active), Execution time: mean = 0.33ms, total = 0.33ms, Queueing time: mean = 0.00ms, max = -0.00ms, min = 9223372036854.78ms, total = 0.00ms
	ray::rpc::ActorInfoGcsService.grpc_client.CreateActor - 1 total (0 active), Execution time: mean = 26458.78ms, total = 26458.78ms, Queueing time: mean = 0.00ms, max = -0.00ms, min = 9223372036854.78ms, total = 0.00ms
	ActorTaskSubmitter::SubmitTask - 1 total (0 active), Execution time: mean = 0.01ms, total = 0.01ms, Queueing time: mean = 0.01ms, max = 0.01ms, min = 0.01ms, total = 0.01ms
	ray::rpc::NodeInfoGcsService.grpc_client.GetAllNodeAddressAndLiveness - 1 total (0 active), Execution time: mean = 0.33ms, total = 0.33ms, Queueing time: mean = 0.00ms, max = -0.00ms, min = 9223372036854.78ms, total = 0.00ms
	CoreWorkerService.grpc_server.WaitForActorRefDeleted - 1 total (1 active), Execution time: mean = 0.00ms, total = 0.00ms, Queueing time: mean = 0.00ms, max = -0.00ms, min = 9223372036854.78ms, total = 0.00ms
	ray::rpc::InternalPubSubGcsService.grpc_client.GcsSubscriberPoll.OnReplyReceived - 1 total (0 active), Execution time: mean = 0.29ms, total = 0.29ms, Queueing time: mean = 0.02ms, max = 0.02ms, min = 0.02ms, total = 0.02ms
	ray::rpc::ActorInfoGcsService.grpc_client.RegisterActor - 1 total (0 active), Execution time: mean = 1.04ms, total = 1.04ms, Queueing time: mean = 0.00ms, max = -0.00ms, min = 9223372036854.78ms, total = 0.00ms
	ray::rpc::WorkerInfoGcsService.grpc_client.AddWorkerInfo - 1 total (0 active), Execution time: mean = 0.47ms, total = 0.47ms, Queueing time: mean = 0.00ms, max = -0.00ms, min = 9223372036854.78ms, total = 0.00ms
	CoreWorkerService.grpc_client.PushTask - 1 total (1 active), Execution time: mean = 0.00ms, total = 0.00ms, Queueing time: mean = 0.00ms, max = -0.00ms, min = 9223372036854.78ms, total = 0.00ms
	Subscriber.HandlePublishedMessage_GCS_ACTOR_CHANNEL - 1 total (0 active), Execution time: mean = 1.10ms, total = 1.10ms, Queueing time: mean = 0.11ms, max = 0.11ms, min = 0.11ms, total = 0.11ms
	ray::rpc::ActorInfoGcsService.grpc_client.CreateActor.OnReplyReceived - 1 total (0 active), Execution time: mean = 0.19ms, total = 0.19ms, Queueing time: mean = 0.01ms, max = 0.01ms, min = 0.01ms, total = 0.01ms
	ray::rpc::NodeInfoGcsService.grpc_client.GetAllNodeAddressAndLiveness.OnReplyReceived - 1 total (0 active), Execution time: mean = 0.04ms, total = 0.04ms, Queueing time: mean = 0.45ms, max = 0.45ms, min = 0.45ms, total = 0.45ms
	CoreWorkerService.grpc_server.WaitForActorRefDeleted.HandleRequestImpl - 1 total (0 active), Execution time: mean = 0.04ms, total = 0.04ms, Queueing time: mean = 0.01ms, max = 0.01ms, min = 0.01ms, total = 0.01ms
	ray::rpc::WorkerInfoGcsService.grpc_client.AddWorkerInfo.OnReplyReceived - 1 total (0 active), Execution time: mean = 0.03ms, total = 0.03ms, Queueing time: mean = 0.01ms, max = 0.01ms, min = 0.01ms, total = 0.01ms
	ray::rpc::ActorInfoGcsService.grpc_client.GetActorInfo.OnReplyReceived - 1 total (0 active), Execution time: mean = 0.66ms, total = 0.66ms, Queueing time: mean = 0.01ms, max = 0.01ms, min = 0.01ms, total = 0.01ms

-----------------
Task execution event stats:

Global stats: 0 total (0 active)
Queueing time: mean = -nanms, max = -0.00ms, min = 9223372036854.78ms, total = 0.00ms
Execution time:  mean = -nanms, total = 0.00ms
Event stats:

-----------------
Task Event stats:

IO Service Stats:

Global stats: 901 total (1 active)
Queueing time: mean = 0.01ms, max = 0.03ms, min = 0.01ms, total = 8.74ms
Execution time:  mean = 0.18ms, total = 163.29ms
Event stats:
	CoreWorker.deadline_timer.flush_task_events - 300 total (1 active), Execution time: mean = 0.11ms, total = 33.16ms, Queueing time: mean = 0.02ms, max = 0.03ms, min = 0.01ms, total = 5.00ms
	ray::rpc::TaskInfoGcsService.grpc_client.AddTaskEventData.OnReplyReceived - 300 total (0 active), Execution time: mean = 0.02ms, total = 4.89ms, Queueing time: mean = 0.01ms, max = 0.03ms, min = 0.01ms, total = 3.73ms
	ray::rpc::TaskInfoGcsService.grpc_client.AddTaskEventData - 300 total (0 active), Execution time: mean = 0.42ms, total = 124.88ms, Queueing time: mean = 0.00ms, max = -0.00ms, min = 9223372036854.78ms, total = 0.00ms
	PeriodicalRunner.RunFnPeriodically - 1 total (0 active), Execution time: mean = 0.37ms, total = 0.37ms, Queueing time: mean = 0.01ms, max = 0.01ms, min = 0.01ms, total = 0.01ms
Other Stats:
	gcs_grpc_in_progress:0
	event_aggregator_grpc_in_progress:0
	current number of task status events in buffer: 0
	current number of profile events in buffer: 0
	current number of dropped task attempts tracked: 0
	total task events sent: 0.00124359 MiB
	total number of task attempts sent: 5
	total number of task attempts dropped reported: 0
	total number of sent failure: 0
	num status task events dropped: 0
	num profile task events dropped: 0
	num ray task events reported to aggregator: 0
	num ray task events failed to report to aggregator: 0
	num of task attempts dropped reported to aggregator: 0
	num of failed requests to aggregator: 0

[2025-11-28 15:42:30,960 I 673348 673427] (python-core-worker-3293f9baf9f0772a29df934ce9aa40562820dbe52583e5e641f030c5) core_worker.cc:455: Event stats:


Global stats: 4411 total (10 active)
Queueing time: mean = 6.82ms, max = 1000.44ms, min = -0.01ms, total = 30081.89ms
Execution time:  mean = 5.60ms, total = 24703.71ms
Event stats:
	CoreWorker.RecoverObjects - 3000 total (1 active), Execution time: mean = 0.00ms, total = 8.65ms, Queueing time: mean = 0.02ms, max = 1.00ms, min = -0.01ms, total = 58.46ms
	NodeManagerService.grpc_client.ReportWorkerBacklog.OnReplyReceived - 300 total (0 active), Execution time: mean = 0.02ms, total = 7.09ms, Queueing time: mean = 0.02ms, max = 0.07ms, min = 0.00ms, total = 4.68ms
	CoreWorker.ExitIfParentRayletDies - 300 total (1 active), Execution time: mean = 0.01ms, total = 1.89ms, Queueing time: mean = 0.02ms, max = 0.07ms, min = 0.01ms, total = 4.88ms
	CoreWorker.InternalHeartbeat - 300 total (1 active), Execution time: mean = 0.19ms, total = 55.57ms, Queueing time: mean = 0.02ms, max = 0.82ms, min = -0.00ms, total = 5.11ms
	NodeManagerService.grpc_client.ReportWorkerBacklog - 300 total (0 active), Execution time: mean = 0.54ms, total = 162.37ms, Queueing time: mean = 0.00ms, max = -0.00ms, min = 9223372036854.78ms, total = 0.00ms
	CoreWorker.RecordMetrics - 60 total (1 active), Execution time: mean = 0.08ms, total = 4.56ms, Queueing time: mean = 0.01ms, max = 0.02ms, min = 0.01ms, total = 0.72ms
	ReporterService.grpc_client.HealthCheck.OnReplyReceived - 31 total (0 active), Execution time: mean = 0.03ms, total = 1.02ms, Queueing time: mean = 0.02ms, max = 0.08ms, min = 0.01ms, total = 0.60ms
	ReporterService.grpc_client.HealthCheck - 31 total (0 active), Execution time: mean = 0.16ms, total = 5.00ms, Queueing time: mean = 0.00ms, max = -0.00ms, min = 9223372036854.78ms, total = 0.00ms
	CoreWorker.TryDelPendingObjectRefStreams - 30 total (1 active), Execution time: mean = 0.00ms, total = 0.09ms, Queueing time: mean = 0.06ms, max = 0.50ms, min = 0.01ms, total = 1.71ms
	MetricsAgentClient.WaitForServerReadyWithRetry - 30 total (0 active), Execution time: mean = 0.11ms, total = 3.16ms, Queueing time: mean = 1000.05ms, max = 1000.44ms, min = 1000.01ms, total = 30001.61ms
	PeriodicalRunner.RunFnPeriodically - 7 total (0 active), Execution time: mean = 0.14ms, total = 0.96ms, Queueing time: mean = 0.36ms, max = 0.92ms, min = 0.02ms, total = 2.49ms
	CoreWorker.PrintEventStats - 5 total (1 active, 1 running), Execution time: mean = 0.45ms, total = 2.27ms, Queueing time: mean = 0.01ms, max = 0.02ms, min = 0.01ms, total = 0.06ms
	CoreWorkerService.grpc_server.PushTask.HandleRequestImpl - 2 total (0 active), Execution time: mean = 0.23ms, total = 0.46ms, Queueing time: mean = 0.02ms, max = 0.02ms, min = 0.02ms, total = 0.04ms
	Publisher.CheckDeadSubscribers - 2 total (1 active), Execution time: mean = 0.00ms, total = 0.00ms, Queueing time: mean = 0.01ms, max = 0.01ms, min = 0.01ms, total = 0.01ms
	CoreWorkerService.grpc_server.PushTask - 2 total (1 active), Execution time: mean = 12223.26ms, total = 24446.51ms, Queueing time: mean = 0.00ms, max = -0.00ms, min = 9223372036854.78ms, total = 0.00ms
	ray::rpc::InternalPubSubGcsService.grpc_client.GcsSubscriberCommandBatch - 1 total (0 active), Execution time: mean = 0.60ms, total = 0.60ms, Queueing time: mean = 0.00ms, max = -0.00ms, min = 9223372036854.78ms, total = 0.00ms
	ray::rpc::WorkerInfoGcsService.grpc_client.AddWorkerInfo.OnReplyReceived - 1 total (0 active), Execution time: mean = 0.08ms, total = 0.08ms, Queueing time: mean = 0.79ms, max = 0.79ms, min = 0.79ms, total = 0.79ms
	CoreWorker.SubmitTask - 1 total (0 active), Execution time: mean = 0.59ms, total = 0.59ms, Queueing time: mean = 0.03ms, max = 0.03ms, min = 0.03ms, total = 0.03ms
	NodeManagerService.grpc_client.RequestWorkerLease - 1 total (1 active), Execution time: mean = 0.00ms, total = 0.00ms, Queueing time: mean = 0.00ms, max = -0.00ms, min = 9223372036854.78ms, total = 0.00ms
	ray::rpc::InternalPubSubGcsService.grpc_client.GcsSubscriberPoll - 1 total (1 active), Execution time: mean = 0.00ms, total = 0.00ms, Queueing time: mean = 0.00ms, max = -0.00ms, min = 9223372036854.78ms, total = 0.00ms
	ray::rpc::PlacementGroupInfoGcsService.grpc_client.CreatePlacementGroup.OnReplyReceived - 1 total (0 active), Execution time: mean = 0.08ms, total = 0.08ms, Queueing time: mean = 0.03ms, max = 0.03ms, min = 0.03ms, total = 0.03ms
	ray::rpc::InternalPubSubGcsService.grpc_client.GcsSubscriberCommandBatch.OnReplyReceived - 1 total (0 active), Execution time: mean = 0.27ms, total = 0.27ms, Queueing time: mean = 0.64ms, max = 0.64ms, min = 0.64ms, total = 0.64ms
	ray::rpc::NodeInfoGcsService.grpc_client.GetAllNodeAddressAndLiveness.OnReplyReceived - 1 total (0 active), Execution time: mean = 0.07ms, total = 0.07ms, Queueing time: mean = 0.02ms, max = 0.02ms, min = 0.02ms, total = 0.02ms
	ray::rpc::WorkerInfoGcsService.grpc_client.AddWorkerInfo - 1 total (0 active), Execution time: mean = 0.78ms, total = 0.78ms, Queueing time: mean = 0.00ms, max = -0.00ms, min = 9223372036854.78ms, total = 0.00ms
	ray::rpc::NodeInfoGcsService.grpc_client.GetAllNodeAddressAndLiveness - 1 total (0 active), Execution time: mean = 0.93ms, total = 0.93ms, Queueing time: mean = 0.00ms, max = -0.00ms, min = 9223372036854.78ms, total = 0.00ms
	ray::rpc::PlacementGroupInfoGcsService.grpc_client.CreatePlacementGroup - 1 total (0 active), Execution time: mean = 0.72ms, total = 0.72ms, Queueing time: mean = 0.00ms, max = -0.00ms, min = 9223372036854.78ms, total = 0.00ms

-----------------
Task execution event stats:

Global stats: 5 total (2 active)
Queueing time: mean = 4887.30ms, max = 24436.48ms, min = 0.00ms, total = 24436.50ms
Execution time:  mean = 4889.22ms, total = 24446.10ms
Event stats:
	CoreWorker.CheckSignal - 2 total (1 active), Execution time: mean = 0.01ms, total = 0.01ms, Queueing time: mean = 12218.24ms, max = 24436.48ms, min = 24436.48ms, total = 24436.48ms
	PeriodicalRunner.RunFnPeriodically - 1 total (0 active), Execution time: mean = 0.01ms, total = 0.01ms, Queueing time: mean = 0.00ms, max = 0.00ms, min = 0.00ms, total = 0.00ms
	CoreWorker.HandlePushTask - 1 total (0 active), Execution time: mean = 24446.07ms, total = 24446.07ms, Queueing time: mean = 0.02ms, max = 0.02ms, min = 0.02ms, total = 0.02ms
	CoreWorker.HandlePushTaskActor - 1 total (1 active, 1 running), Execution time: mean = 0.00ms, total = 0.00ms, Queueing time: mean = 0.00ms, max = -0.00ms, min = 9223372036854.78ms, total = 0.00ms

-----------------
Task Event stats:

IO Service Stats:

Global stats: 901 total (1 active)
Queueing time: mean = 0.01ms, max = 0.14ms, min = 0.01ms, total = 11.98ms
Execution time:  mean = 0.24ms, total = 218.59ms
Event stats:
	CoreWorker.deadline_timer.flush_task_events - 300 total (1 active), Execution time: mean = 0.18ms, total = 54.64ms, Queueing time: mean = 0.03ms, max = 0.14ms, min = 0.02ms, total = 7.54ms
	ray::rpc::TaskInfoGcsService.grpc_client.AddTaskEventData.OnReplyReceived - 300 total (0 active), Execution time: mean = 0.03ms, total = 7.66ms, Queueing time: mean = 0.01ms, max = 0.03ms, min = 0.01ms, total = 4.42ms
	ray::rpc::TaskInfoGcsService.grpc_client.AddTaskEventData - 300 total (0 active), Execution time: mean = 0.52ms, total = 155.80ms, Queueing time: mean = 0.00ms, max = -0.00ms, min = 9223372036854.78ms, total = 0.00ms
	PeriodicalRunner.RunFnPeriodically - 1 total (0 active), Execution time: mean = 0.49ms, total = 0.49ms, Queueing time: mean = 0.02ms, max = 0.02ms, min = 0.02ms, total = 0.02ms
Other Stats:
	gcs_grpc_in_progress:0
	event_aggregator_grpc_in_progress:0
	current number of task status events in buffer: 0
	current number of profile events in buffer: 0
	current number of dropped task attempts tracked: 0
	total task events sent: 0.00118923 MiB
	total number of task attempts sent: 5
	total number of task attempts dropped reported: 0
	total number of sent failure: 0
	num status task events dropped: 0
	num profile task events dropped: 0
	num ray task events reported to aggregator: 0
	num ray task events failed to report to aggregator: 0
	num of task attempts dropped reported to aggregator: 0
	num of failed requests to aggregator: 0

2025-11-28 15:42:31,625	INFO (monitor) autoscaler.py:147 -- The autoscaler took 0.0 seconds to fetch the list of non-terminated nodes.
2025-11-28 15:42:31,625	INFO (monitor) autoscaler.py:408 -- 
======== Autoscaler status: 2025-11-28 15:42:31.625201 ========
Node status
---------------------------------------------------------------
Active:
 1 node_fbb9841b3107256f006a4e24c5be7456a673f220f17e763ce1348e9e
Pending:
 (no pending nodes)
Recent failures:
 (no failures)

Resources
---------------------------------------------------------------
Total Usage:
 1.0/1.0 CPU
 0.0/1.0 GPU
 0B/349.75GiB memory
 0B/149.89GiB object_store_memory

From request_resources:
 (none)
Pending Demands:
 {'CPU': 1.0, 'GPU': 1.0} * 1 (STRICT_PACK): 1+ pending placement groups
2025-11-28 15:42:31,625	INFO (monitor) autoscaler.py:463 -- The autoscaler took 0.001 seconds to complete the update iteration.
2025-11-28 15:42:36,628	INFO (monitor) autoscaler.py:147 -- The autoscaler took 0.0 seconds to fetch the list of non-terminated nodes.
2025-11-28 15:42:36,628	INFO (monitor) autoscaler.py:408 -- 
======== Autoscaler status: 2025-11-28 15:42:36.628233 ========
Node status
---------------------------------------------------------------
Active:
 1 node_fbb9841b3107256f006a4e24c5be7456a673f220f17e763ce1348e9e
Pending:
 (no pending nodes)
Recent failures:
 (no failures)

Resources
---------------------------------------------------------------
Total Usage:
 1.0/1.0 CPU
 0.0/1.0 GPU
 0B/349.75GiB memory
 0B/149.89GiB object_store_memory

From request_resources:
 (none)
Pending Demands:
 {'CPU': 1.0, 'GPU': 1.0} * 1 (STRICT_PACK): 1+ pending placement groups
2025-11-28 15:42:36,628	INFO (monitor) autoscaler.py:463 -- The autoscaler took 0.001 seconds to complete the update iteration.
2025-11-28 15:42:41,631	INFO (monitor) autoscaler.py:147 -- The autoscaler took 0.0 seconds to fetch the list of non-terminated nodes.
2025-11-28 15:42:41,631	INFO (monitor) autoscaler.py:408 -- 
======== Autoscaler status: 2025-11-28 15:42:41.631252 ========
Node status
---------------------------------------------------------------
Active:
 1 node_fbb9841b3107256f006a4e24c5be7456a673f220f17e763ce1348e9e
Pending:
 (no pending nodes)
Recent failures:
 (no failures)

Resources
---------------------------------------------------------------
Total Usage:
 1.0/1.0 CPU
 0.0/1.0 GPU
 0B/349.75GiB memory
 0B/149.89GiB object_store_memory

From request_resources:
 (none)
Pending Demands:
 {'CPU': 1.0, 'GPU': 1.0} * 1 (STRICT_PACK): 1+ pending placement groups
2025-11-28 15:42:41,631	INFO (monitor) autoscaler.py:463 -- The autoscaler took 0.001 seconds to complete the update iteration.
[2025-11-28 15:42:45,083 I 672498 672498] (gcs_server) gcs_server.cc:926: Gcs Debug state:

GcsNodeManager: 
- RegisterNode request count: 1
- DrainNode request count: 0
- GetAllNodeInfo request count: 11

GcsActorManager: 
- RegisterActor request count: 1
- CreateActor request count: 1
- GetActorInfo request count: 1
- GetNamedActorInfo request count: 0
- GetAllActorInfo request count: 0
- KillActor request count: 0
- ListNamedActors request count: 0
- Registered actors count: 1
- Destroyed actors count: 0
- Named actors count: 0
- Unresolved actors count: 0
- Pending actors count: 0
- Created actors count: 1
- owners_: 1
- actor_to_register_callbacks_: 0
- actor_to_restart_for_lineage_reconstruction_callbacks_: 0
- actor_to_create_callbacks_: 0
- sorted_destroyed_actor_list_: 0

GcsResourceManager: 
- GetAllAvailableResources request count: 1
- GetAllTotalResources request count: 0
- GetAllResourceUsage request count: 72

GcsPlacementGroupManager: 
- CreatePlacementGroup request count: 1
- RemovePlacementGroup request count: 0
- GetPlacementGroup request count: 1
- GetAllPlacementGroup request count: 0
- WaitPlacementGroupUntilReady request count: 0
- GetNamedPlacementGroup request count: 0
- Scheduling pending placement group count: 484
- Registered placement groups count: 1
- Named placement group count: 1
- Pending placement groups count: 1
- Infeasible placement groups count: 0

Publisher:
GCS_NODE_INFO_CHANNEL
- cumulative published messages: 1
- cumulative published bytes: 585
- current buffered bytes: 0
GCS_ACTOR_CHANNEL
- cumulative published messages: 3
- cumulative published bytes: 1321
- current buffered bytes: 169
GCS_JOB_CHANNEL
- cumulative published messages: 1
- cumulative published bytes: 2122
- current buffered bytes: 2122
GCS_WORKER_DELTA_CHANNEL
- cumulative published messages: 1
- cumulative published bytes: 96
- current buffered bytes: 96
GCS_NODE_ADDRESS_AND_LIVENESS_CHANNEL
- cumulative published messages: 1
- cumulative published bytes: 89
- current buffered bytes: 0

[runtime env manager] ID to URIs table:
[runtime env manager] URIs reference table:

GcsTaskManager: 
-Total num task events reported: 10
-Total num status task events dropped: 0
-Total num profile events dropped: 0
-Current num of task events stored: 4
-Total num of actor creation tasks: 1
-Total num of actor tasks: 1
-Total num of normal tasks: 1
-Total num of driver tasks: 1

GcsAutoscalerStateManager: 
- last_seen_autoscaler_state_version_: 0
- last_cluster_resource_state_version_: 72
- pending demands:
	{bundle_group_adfc0b96fa53e5a35df41c354c0e01000000: 0.001, label_selectors: [{}, ]} * 1



[2025-11-28 15:42:45,084 I 672498 672498] (gcs_server) gcs_server.cc:940: Main service Event stats:


Global stats: 4717 total (6 active)
Queueing time: mean = 7.22ms, max = 1000.05ms, min = 0.00ms, total = 34036.06ms
Execution time:  mean = 11.75ms, total = 55421.85ms
Event stats:
	GcsInMemoryStore.Put - 967 total (0 active), Execution time: mean = 1.02ms, total = 982.46ms, Queueing time: mean = 1.04ms, max = 977.34ms, min = 0.00ms, total = 1007.26ms
	InternalKVGcsService.grpc_server.InternalKVPut - 521 total (0 active), Execution time: mean = 0.20ms, total = 106.37ms, Queueing time: mean = 0.00ms, max = -0.00ms, min = 9223372036854.78ms, total = 0.00ms
	InternalKVGcsService.grpc_server.InternalKVPut.HandleRequestImpl - 521 total (0 active), Execution time: mean = 0.04ms, total = 21.59ms, Queueing time: mean = 0.02ms, max = 0.08ms, min = 0.01ms, total = 9.05ms
	RayletLoadPulled - 360 total (1 active), Execution time: mean = 0.13ms, total = 45.02ms, Queueing time: mean = 0.02ms, max = 0.03ms, min = 0.01ms, total = 6.03ms
	NodeManagerService.grpc_client.GetResourceLoad.OnReplyReceived - 356 total (0 active), Execution time: mean = 0.04ms, total = 13.18ms, Queueing time: mean = 0.02ms, max = 0.05ms, min = 0.01ms, total = 6.87ms
	NodeManagerService.grpc_client.GetResourceLoad - 356 total (0 active), Execution time: mean = 0.62ms, total = 220.35ms, Queueing time: mean = 0.00ms, max = -0.00ms, min = 9223372036854.78ms, total = 0.00ms
	GcsPlacementGroupManager.SchedulePendingPlacementGroups - 242 total (0 active), Execution time: mean = 0.00ms, total = 0.07ms, Queueing time: mean = 0.01ms, max = 0.07ms, min = 0.00ms, total = 1.22ms
	ClusterResourceManager.ResetRemoteNodeView - 121 total (1 active), Execution time: mean = 0.01ms, total = 0.64ms, Queueing time: mean = 0.02ms, max = 0.04ms, min = 0.01ms, total = 2.56ms
	GcsInMemoryStore.Get - 117 total (0 active), Execution time: mean = 0.02ms, total = 2.19ms, Queueing time: mean = 0.01ms, max = 0.02ms, min = 0.00ms, total = 0.72ms
	HealthCheck - 116 total (0 active), Execution time: mean = 0.01ms, total = 0.58ms, Queueing time: mean = 0.02ms, max = 0.04ms, min = 0.01ms, total = 2.45ms
	InternalKVGcsService.grpc_server.InternalKVGet.HandleRequestImpl - 115 total (0 active), Execution time: mean = 0.03ms, total = 3.63ms, Queueing time: mean = 0.02ms, max = 0.37ms, min = 0.01ms, total = 1.97ms
	InternalKVGcsService.grpc_server.InternalKVGet - 115 total (0 active), Execution time: mean = 0.23ms, total = 26.38ms, Queueing time: mean = 0.00ms, max = -0.00ms, min = 9223372036854.78ms, total = 0.00ms
	NodeInfoGcsService.grpc_server.CheckAlive.HandleRequestImpl - 78 total (0 active), Execution time: mean = 0.01ms, total = 1.00ms, Queueing time: mean = 0.02ms, max = 0.04ms, min = 0.01ms, total = 1.62ms
	NodeInfoGcsService.grpc_server.CheckAlive - 78 total (0 active), Execution time: mean = 0.19ms, total = 15.13ms, Queueing time: mean = 0.00ms, max = -0.00ms, min = 9223372036854.78ms, total = 0.00ms
	AutoscalerStateService.grpc_server.GetClusterResourceState - 72 total (0 active), Execution time: mean = 0.18ms, total = 12.60ms, Queueing time: mean = 0.00ms, max = -0.00ms, min = 9223372036854.78ms, total = 0.00ms
	NodeResourceInfoGcsService.grpc_server.GetAllResourceUsage.HandleRequestImpl - 72 total (0 active), Execution time: mean = 0.05ms, total = 3.68ms, Queueing time: mean = 0.02ms, max = 0.03ms, min = 0.01ms, total = 1.53ms
	NodeResourceInfoGcsService.grpc_server.GetAllResourceUsage - 72 total (0 active), Execution time: mean = 0.26ms, total = 18.88ms, Queueing time: mean = 0.00ms, max = -0.00ms, min = 9223372036854.78ms, total = 0.00ms
	GCSServer.deadline_timer.metrics_report - 72 total (1 active), Execution time: mean = 0.10ms, total = 6.99ms, Queueing time: mean = 0.02ms, max = 0.49ms, min = 0.00ms, total = 1.51ms
	AutoscalerStateService.grpc_server.GetClusterResourceState.HandleRequestImpl - 72 total (0 active), Execution time: mean = 0.04ms, total = 2.84ms, Queueing time: mean = 0.02ms, max = 0.04ms, min = 0.01ms, total = 1.09ms
	event_loop_lag_probe - 38 total (0 active), Execution time: mean = 0.01ms, total = 0.23ms, Queueing time: mean = 0.91ms, max = 34.33ms, min = 0.00ms, total = 34.58ms
	GCSServer.deadline_timer.gcs_global_gc - 36 total (1 active), Execution time: mean = 0.00ms, total = 0.15ms, Queueing time: mean = 0.14ms, max = 1.15ms, min = 0.01ms, total = 4.91ms
	ReporterService.grpc_client.HealthCheck.OnReplyReceived - 31 total (0 active), Execution time: mean = 0.03ms, total = 0.92ms, Queueing time: mean = 31.36ms, max = 971.79ms, min = 0.01ms, total = 972.29ms
	ReporterService.grpc_client.HealthCheck - 31 total (0 active), Execution time: mean = 0.20ms, total = 6.17ms, Queueing time: mean = 0.00ms, max = -0.00ms, min = 9223372036854.78ms, total = 0.00ms
	MetricsAgentClient.WaitForServerReadyWithRetry - 30 total (0 active), Execution time: mean = 0.08ms, total = 2.51ms, Queueing time: mean = 1000.02ms, max = 1000.05ms, min = 1000.01ms, total = 30000.54ms
	NodeInfoGcsService.grpc_server.GetClusterId - 10 total (0 active), Execution time: mean = 1.54ms, total = 15.35ms, Queueing time: mean = 0.00ms, max = -0.00ms, min = 9223372036854.78ms, total = 0.00ms
	NodeInfoGcsService.grpc_server.GetClusterId.HandleRequestImpl - 10 total (0 active), Execution time: mean = 0.38ms, total = 3.85ms, Queueing time: mean = 0.87ms, max = 8.47ms, min = 0.01ms, total = 8.66ms
	GcsInMemoryStore.GetAll - 8 total (0 active), Execution time: mean = 0.02ms, total = 0.13ms, Queueing time: mean = 0.05ms, max = 0.10ms, min = 0.00ms, total = 0.38ms
	NodeInfoGcsService.grpc_server.GetAllNodeInfo.HandleRequestImpl - 7 total (0 active), Execution time: mean = 0.02ms, total = 0.13ms, Queueing time: mean = 0.01ms, max = 0.02ms, min = 0.01ms, total = 0.08ms
	NodeInfoGcsService.grpc_server.GetAllNodeInfo - 7 total (0 active), Execution time: mean = 0.15ms, total = 1.07ms, Queueing time: mean = 0.00ms, max = -0.00ms, min = 9223372036854.78ms, total = 0.00ms
	GCSServer.deadline_timer.debug_state_event_stats_print - 6 total (1 active, 1 running), Execution time: mean = 0.81ms, total = 4.86ms, Queueing time: mean = 0.01ms, max = 0.01ms, min = 0.01ms, total = 0.06ms
	PeriodicalRunner.RunFnPeriodically - 5 total (0 active), Execution time: mean = 0.13ms, total = 0.64ms, Queueing time: mean = 393.88ms, max = 978.61ms, min = 3.95ms, total = 1969.40ms
	NodeInfoGcsService.grpc_server.GetAllNodeAddressAndLiveness - 4 total (0 active), Execution time: mean = 0.24ms, total = 0.95ms, Queueing time: mean = 0.00ms, max = -0.00ms, min = 9223372036854.78ms, total = 0.00ms
	NodeInfoGcsService.grpc_server.GetAllNodeAddressAndLiveness.HandleRequestImpl - 4 total (0 active), Execution time: mean = 0.01ms, total = 0.03ms, Queueing time: mean = 0.12ms, max = 0.45ms, min = 0.01ms, total = 0.48ms
	GcsResourceManager::Update - 4 total (0 active), Execution time: mean = 0.04ms, total = 0.18ms, Queueing time: mean = 0.01ms, max = 0.01ms, min = 0.01ms, total = 0.04ms
	GcsHealthCheckManager::MarkNodeHealthy - 4 total (0 active), Execution time: mean = 0.00ms, total = 0.00ms, Queueing time: mean = 0.01ms, max = 0.01ms, min = 0.01ms, total = 0.05ms
	WorkerInfoGcsService.grpc_server.AddWorkerInfo - 3 total (0 active), Execution time: mean = 0.19ms, total = 0.57ms, Queueing time: mean = 0.00ms, max = -0.00ms, min = 9223372036854.78ms, total = 0.00ms
	GcsInMemoryStore.Keys - 3 total (0 active), Execution time: mean = 0.01ms, total = 0.03ms, Queueing time: mean = 0.01ms, max = 0.01ms, min = 0.01ms, total = 0.02ms
	InternalKVGcsService.grpc_server.InternalKVKeys - 3 total (0 active), Execution time: mean = 0.18ms, total = 0.55ms, Queueing time: mean = 0.00ms, max = -0.00ms, min = 9223372036854.78ms, total = 0.00ms
	InternalKVGcsService.grpc_server.InternalKVKeys.HandleRequestImpl - 3 total (0 active), Execution time: mean = 0.04ms, total = 0.11ms, Queueing time: mean = 0.01ms, max = 0.02ms, min = 0.01ms, total = 0.04ms
	WorkerInfoGcsService.grpc_server.AddWorkerInfo.HandleRequestImpl - 3 total (0 active), Execution time: mean = 0.03ms, total = 0.08ms, Queueing time: mean = 0.01ms, max = 0.02ms, min = 0.01ms, total = 0.04ms
	JobInfoGcsService.grpc_server.GetAllJobInfo - 2 total (0 active), Execution time: mean = 0.17ms, total = 0.34ms, Queueing time: mean = 0.00ms, max = -0.00ms, min = 9223372036854.78ms, total = 0.00ms
	JobInfoGcsService.grpc_server.GetAllJobInfo.HandleRequestImpl - 2 total (0 active), Execution time: mean = 0.02ms, total = 0.04ms, Queueing time: mean = 0.01ms, max = 0.01ms, min = 0.01ms, total = 0.03ms
	GcsInMemoryStore.GetNextJobID - 1 total (0 active), Execution time: mean = 0.00ms, total = 0.00ms, Queueing time: mean = 0.00ms, max = 0.00ms, min = 0.00ms, total = 0.00ms
	NodeInfoGcsService.grpc_server.RegisterNode.HandleRequestImpl - 1 total (0 active), Execution time: mean = 0.09ms, total = 0.09ms, Queueing time: mean = 0.02ms, max = 0.02ms, min = 0.02ms, total = 0.02ms
	NodeManagerService.grpc_client.RequestWorkerLease - 1 total (0 active), Execution time: mean = 2009.14ms, total = 2009.14ms, Queueing time: mean = 0.00ms, max = -0.00ms, min = 9223372036854.78ms, total = 0.00ms
	InternalKVGcsService.grpc_server.InternalKVExists.HandleRequestImpl - 1 total (0 active), Execution time: mean = 0.04ms, total = 0.04ms, Queueing time: mean = 0.01ms, max = 0.01ms, min = 0.01ms, total = 0.01ms
	PlacementGroupInfoGcsService.grpc_server.GetPlacementGroup.HandleRequestImpl - 1 total (0 active), Execution time: mean = 0.02ms, total = 0.02ms, Queueing time: mean = 0.01ms, max = 0.01ms, min = 0.01ms, total = 0.01ms
	JobInfoGcsService.grpc_server.GetNextJobID - 1 total (0 active), Execution time: mean = 0.12ms, total = 0.12ms, Queueing time: mean = 0.00ms, max = -0.00ms, min = 9223372036854.78ms, total = 0.00ms
	GcsInitData::AsyncLoad - 1 total (0 active), Execution time: mean = 0.01ms, total = 0.01ms, Queueing time: mean = 0.00ms, max = 0.00ms, min = 0.00ms, total = 0.00ms
	ActorInfoGcsService.grpc_server.GetActorInfo.HandleRequestImpl - 1 total (0 active), Execution time: mean = 0.02ms, total = 0.02ms, Queueing time: mean = 0.01ms, max = 0.01ms, min = 0.01ms, total = 0.01ms
	JobInfoGcsService.grpc_server.GetNextJobID.HandleRequestImpl - 1 total (0 active), Execution time: mean = 0.01ms, total = 0.01ms, Queueing time: mean = 0.01ms, max = 0.01ms, min = 0.01ms, total = 0.01ms
	JobInfoGcsService.grpc_server.AddJob.HandleRequestImpl - 1 total (0 active), Execution time: mean = 0.10ms, total = 0.10ms, Queueing time: mean = 0.03ms, max = 0.03ms, min = 0.03ms, total = 0.03ms
	CoreWorkerService.grpc_client.PushTask - 1 total (0 active), Execution time: mean = 24448.09ms, total = 24448.09ms, Queueing time: mean = 0.00ms, max = -0.00ms, min = 9223372036854.78ms, total = 0.00ms
	InternalKVGcsService.grpc_server.InternalKVMultiGet - 1 total (0 active), Execution time: mean = 0.18ms, total = 0.18ms, Queueing time: mean = 0.00ms, max = -0.00ms, min = 9223372036854.78ms, total = 0.00ms
	NodeInfoGcsService.grpc_server.RegisterNode - 1 total (0 active), Execution time: mean = 0.53ms, total = 0.53ms, Queueing time: mean = 0.00ms, max = -0.00ms, min = 9223372036854.78ms, total = 0.00ms
	InternalKVGcsService.grpc_server.InternalKVDel - 1 total (0 active), Execution time: mean = 0.50ms, total = 0.50ms, Queueing time: mean = 0.00ms, max = -0.00ms, min = 9223372036854.78ms, total = 0.00ms
	NodeResourceInfoGcsService.grpc_server.GetAllAvailableResources.HandleRequestImpl - 1 total (0 active), Execution time: mean = 0.03ms, total = 0.03ms, Queueing time: mean = 0.02ms, max = 0.02ms, min = 0.02ms, total = 0.02ms
	JobInfoGcsService.grpc_server.AddJob - 1 total (0 active), Execution time: mean = 0.39ms, total = 0.39ms, Queueing time: mean = 0.00ms, max = -0.00ms, min = 9223372036854.78ms, total = 0.00ms
	WorkerInfoGcsService.grpc_server.ReportWorkerFailure - 1 total (0 active), Execution time: mean = 1.66ms, total = 1.66ms, Queueing time: mean = 0.00ms, max = -0.00ms, min = 9223372036854.78ms, total = 0.00ms
	CoreWorkerService.grpc_client.PushTask.OnReplyReceived - 1 total (0 active), Execution time: mean = 0.21ms, total = 0.21ms, Queueing time: mean = 0.02ms, max = 0.02ms, min = 0.02ms, total = 0.02ms
	GcsInMemoryStore.Delete - 1 total (0 active), Execution time: mean = 0.01ms, total = 0.01ms, Queueing time: mean = 0.01ms, max = 0.01ms, min = 0.01ms, total = 0.01ms
	ActorInfoGcsService.grpc_server.RegisterActor - 1 total (0 active), Execution time: mean = 0.77ms, total = 0.77ms, Queueing time: mean = 0.00ms, max = -0.00ms, min = 9223372036854.78ms, total = 0.00ms
	PlacementGroupInfoGcsService.grpc_server.GetPlacementGroup - 1 total (0 active), Execution time: mean = 0.14ms, total = 0.14ms, Queueing time: mean = 0.00ms, max = -0.00ms, min = 9223372036854.78ms, total = 0.00ms
	NodeManager.AddNodeCallback - 1 total (0 active), Execution time: mean = 0.43ms, total = 0.43ms, Queueing time: mean = 0.28ms, max = 0.28ms, min = 0.28ms, total = 0.28ms
	InternalKVGcsService.grpc_server.GetInternalConfig.HandleRequestImpl - 1 total (0 active), Execution time: mean = 0.02ms, total = 0.02ms, Queueing time: mean = 0.02ms, max = 0.02ms, min = 0.02ms, total = 0.02ms
	InternalKVGcsService.grpc_server.InternalKVExists - 1 total (0 active), Execution time: mean = 0.17ms, total = 0.17ms, Queueing time: mean = 0.00ms, max = -0.00ms, min = 9223372036854.78ms, total = 0.00ms
	ActorInfoGcsService.grpc_server.CreateActor - 1 total (0 active), Execution time: mean = 26458.67ms, total = 26458.67ms, Queueing time: mean = 0.00ms, max = -0.00ms, min = 9223372036854.78ms, total = 0.00ms
	InternalKVGcsService.grpc_server.GetInternalConfig - 1 total (0 active), Execution time: mean = 0.27ms, total = 0.27ms, Queueing time: mean = 0.00ms, max = -0.00ms, min = 9223372036854.78ms, total = 0.00ms
	ActorInfoGcsService.grpc_server.RegisterActor.HandleRequestImpl - 1 total (0 active), Execution time: mean = 0.60ms, total = 0.60ms, Queueing time: mean = 0.02ms, max = 0.02ms, min = 0.02ms, total = 0.02ms
	InternalKVGcsService.grpc_server.InternalKVMultiGet.HandleRequestImpl - 1 total (0 active), Execution time: mean = 0.05ms, total = 0.05ms, Queueing time: mean = 0.01ms, max = 0.01ms, min = 0.01ms, total = 0.01ms
	PlacementGroupInfoGcsService.grpc_server.CreatePlacementGroup - 1 total (0 active), Execution time: mean = 0.32ms, total = 0.32ms, Queueing time: mean = 0.00ms, max = -0.00ms, min = 9223372036854.78ms, total = 0.00ms
	InternalKVGcsService.grpc_server.InternalKVDel.HandleRequestImpl - 1 total (0 active), Execution time: mean = 0.03ms, total = 0.03ms, Queueing time: mean = 0.01ms, max = 0.01ms, min = 0.01ms, total = 0.01ms
	CoreWorkerService.grpc_client.WaitForActorRefDeleted - 1 total (1 active), Execution time: mean = 0.00ms, total = 0.00ms, Queueing time: mean = 0.00ms, max = -0.00ms, min = 9223372036854.78ms, total = 0.00ms
	NodeResourceInfoGcsService.grpc_server.GetAllAvailableResources - 1 total (0 active), Execution time: mean = 0.28ms, total = 0.28ms, Queueing time: mean = 0.00ms, max = -0.00ms, min = 9223372036854.78ms, total = 0.00ms
	NodeManagerService.grpc_client.RequestWorkerLease.OnReplyReceived - 1 total (0 active), Execution time: mean = 0.40ms, total = 0.40ms, Queueing time: mean = 0.02ms, max = 0.02ms, min = 0.02ms, total = 0.02ms
	ActorInfoGcsService.grpc_server.GetActorInfo - 1 total (0 active), Execution time: mean = 0.15ms, total = 0.15ms, Queueing time: mean = 0.00ms, max = -0.00ms, min = 9223372036854.78ms, total = 0.00ms
	ActorInfoGcsService.grpc_server.CreateActor.HandleRequestImpl - 1 total (0 active), Execution time: mean = 0.58ms, total = 0.58ms, Queueing time: mean = 0.02ms, max = 0.02ms, min = 0.02ms, total = 0.02ms
	GcsInMemoryStore.Exists - 1 total (0 active), Execution time: mean = 0.01ms, total = 0.01ms, Queueing time: mean = 0.01ms, max = 0.01ms, min = 0.01ms, total = 0.01ms
	WorkerInfoGcsService.grpc_server.ReportWorkerFailure.HandleRequestImpl - 1 total (0 active), Execution time: mean = 0.04ms, total = 0.04ms, Queueing time: mean = 0.03ms, max = 0.03ms, min = 0.03ms, total = 0.03ms
	GcsHealthCheckManager::AddNode - 1 total (0 active), Execution time: mean = 0.01ms, total = 0.01ms, Queueing time: mean = 0.00ms, max = 0.00ms, min = 0.00ms, total = 0.00ms
	PlacementGroupInfoGcsService.grpc_server.CreatePlacementGroup.HandleRequestImpl - 1 total (0 active), Execution time: mean = 0.15ms, total = 0.15ms, Queueing time: mean = 0.01ms, max = 0.01ms, min = 0.01ms, total = 0.01ms
	GcsServer.GetOrGenerateClusterId.continuation - 1 total (0 active), Execution time: mean = 975.13ms, total = 975.13ms, Queueing time: mean = 0.00ms, max = 0.00ms, min = 0.00ms, total = 0.00ms


[2025-11-28 15:42:45,084 I 672498 672498] (gcs_server) gcs_server.cc:944: task_io_context Event stats:


Global stats: 1382 total (1 active)
Queueing time: mean = 0.01ms, max = 0.57ms, min = 0.00ms, total = 13.92ms
Execution time:  mean = 0.08ms, total = 107.64ms
Event stats:
	TaskInfoGcsService.grpc_server.AddTaskEventData.HandleRequestImpl - 635 total (0 active), Execution time: mean = 0.01ms, total = 4.30ms, Queueing time: mean = 0.02ms, max = 0.04ms, min = 0.01ms, total = 11.92ms
	TaskInfoGcsService.grpc_server.AddTaskEventData - 635 total (0 active), Execution time: mean = 0.16ms, total = 102.01ms, Queueing time: mean = 0.00ms, max = -0.00ms, min = 9223372036854.78ms, total = 0.00ms
	GcsTaskManager.GcJobSummary - 73 total (1 active), Execution time: mean = 0.01ms, total = 0.37ms, Queueing time: mean = 0.02ms, max = 0.03ms, min = 0.01ms, total = 1.21ms
	event_loop_lag_probe - 38 total (0 active), Execution time: mean = 0.02ms, total = 0.94ms, Queueing time: mean = 0.02ms, max = 0.57ms, min = 0.00ms, total = 0.78ms
	PeriodicalRunner.RunFnPeriodically - 1 total (0 active), Execution time: mean = 0.02ms, total = 0.02ms, Queueing time: mean = 0.02ms, max = 0.02ms, min = 0.02ms, total = 0.02ms


[2025-11-28 15:42:45,084 I 672498 672498] (gcs_server) gcs_server.cc:944: pubsub_io_context Event stats:


Global stats: 76 total (6 active)
Queueing time: mean = 0.02ms, max = 0.77ms, min = 0.00ms, total = 1.41ms
Execution time:  mean = 905.63ms, total = 68827.56ms
Event stats:
	event_loop_lag_probe - 38 total (0 active), Execution time: mean = 0.02ms, total = 0.79ms, Queueing time: mean = 0.03ms, max = 0.77ms, min = 0.00ms, total = 0.98ms
	InternalPubSubGcsService.grpc_server.GcsSubscriberPoll.HandleRequestImpl - 9 total (0 active), Execution time: mean = 0.03ms, total = 0.27ms, Queueing time: mean = 0.03ms, max = 0.12ms, min = 0.01ms, total = 0.25ms
	InternalPubSubGcsService.grpc_server.GcsSubscriberPoll - 9 total (5 active), Execution time: mean = 7647.18ms, total = 68824.62ms, Queueing time: mean = 0.00ms, max = -0.00ms, min = 9223372036854.78ms, total = 0.00ms
	InternalPubSubGcsService.grpc_server.GcsSubscriberCommandBatch.HandleRequestImpl - 8 total (0 active), Execution time: mean = 0.05ms, total = 0.44ms, Queueing time: mean = 0.02ms, max = 0.02ms, min = 0.01ms, total = 0.13ms
	InternalPubSubGcsService.grpc_server.GcsSubscriberCommandBatch - 8 total (0 active), Execution time: mean = 0.18ms, total = 1.41ms, Queueing time: mean = 0.00ms, max = -0.00ms, min = 9223372036854.78ms, total = 0.00ms
	Publisher.CheckDeadSubscribers - 2 total (1 active), Execution time: mean = 0.00ms, total = 0.01ms, Queueing time: mean = 0.01ms, max = 0.02ms, min = 0.02ms, total = 0.02ms
	RemoveSubscriberFrom - 1 total (0 active), Execution time: mean = 0.01ms, total = 0.01ms, Queueing time: mean = 0.02ms, max = 0.02ms, min = 0.02ms, total = 0.02ms
	PeriodicalRunner.RunFnPeriodically - 1 total (0 active), Execution time: mean = 0.01ms, total = 0.01ms, Queueing time: mean = 0.02ms, max = 0.02ms, min = 0.02ms, total = 0.02ms


[2025-11-28 15:42:45,084 I 672498 672498] (gcs_server) gcs_server.cc:944: ray_syncer_io_context Event stats:


Global stats: 48 total (0 active)
Queueing time: mean = 0.04ms, max = 1.29ms, min = 0.00ms, total = 1.70ms
Execution time:  mean = 0.03ms, total = 1.26ms
Event stats:
	event_loop_lag_probe - 38 total (0 active), Execution time: mean = 0.02ms, total = 0.80ms, Queueing time: mean = 0.04ms, max = 1.29ms, min = 0.00ms, total = 1.55ms
	RaySyncer.BroadcastMessage - 4 total (0 active), Execution time: mean = 0.01ms, total = 0.04ms, Queueing time: mean = 0.00ms, max = 0.00ms, min = 0.00ms, total = 0.00ms
	 - 4 total (0 active), Execution time: mean = 0.10ms, total = 0.42ms, Queueing time: mean = 0.02ms, max = 0.03ms, min = 0.01ms, total = 0.09ms
	RaySyncerRegister - 2 total (0 active), Execution time: mean = 0.00ms, total = 0.01ms, Queueing time: mean = 0.03ms, max = 0.04ms, min = 0.02ms, total = 0.06ms


[2025-11-28 15:42:45,084 I 672498 672498] (gcs_server) gcs_server.cc:944: ray_event_io_context Event stats:


Global stats: 38 total (0 active)
Queueing time: mean = 0.04ms, max = 1.12ms, min = 0.00ms, total = 1.33ms
Execution time:  mean = 0.02ms, total = 0.61ms
Event stats:
	event_loop_lag_probe - 38 total (0 active), Execution time: mean = 0.02ms, total = 0.61ms, Queueing time: mean = 0.04ms, max = 1.12ms, min = 0.00ms, total = 1.33ms


2025-11-28 15:42:46,634	INFO (monitor) autoscaler.py:147 -- The autoscaler took 0.0 seconds to fetch the list of non-terminated nodes.
2025-11-28 15:42:46,634	INFO (monitor) autoscaler.py:408 -- 
======== Autoscaler status: 2025-11-28 15:42:46.634408 ========
Node status
---------------------------------------------------------------
Active:
 1 node_fbb9841b3107256f006a4e24c5be7456a673f220f17e763ce1348e9e
Pending:
 (no pending nodes)
Recent failures:
 (no failures)

Resources
---------------------------------------------------------------
Total Usage:
 1.0/1.0 CPU
 0.0/1.0 GPU
 0B/349.75GiB memory
 0B/149.89GiB object_store_memory

From request_resources:
 (none)
Pending Demands:
 {'CPU': 1.0, 'GPU': 1.0} * 1 (STRICT_PACK): 1+ pending placement groups
2025-11-28 15:42:46,635	INFO (monitor) autoscaler.py:463 -- The autoscaler took 0.001 seconds to complete the update iteration.
[2025-11-28 15:42:47,968 I 672801 672824] (raylet) store.cc:572: Plasma store debug dump: 
Current usage: 0 / 160.946 GB
- num bytes created total: 24
0 pending objects of total size 0MB
- objects spillable: 0
- bytes spillable: 0
- objects unsealed: 0
- bytes unsealed: 0
- objects in use: 0
- bytes in use: 0
- objects evictable: 0
- bytes evictable: 0

- objects created by worker: 0
- bytes created by worker: 0
- objects restored: 0
- bytes restored: 0
- objects received: 0
- bytes received: 0
- objects errored: 0
- bytes errored: 0

[2025-11-28 15:42:48,997 I 672801 672801] (raylet) node_manager.cc:440: [state-dump] NodeManager:
[state-dump] Node ID: fbb9841b3107256f006a4e24c5be7456a673f220f17e763ce1348e9e
[state-dump] Node name: 10.102.35.9
[state-dump] InitialConfigResources: {accelerator_type:A100: 1, CPU: 1, memory: 3.75541e+11, GPU: 1, node:10.102.35.9: 1, object_store_memory: 1.60946e+11, node:__internal_head__: 1}
[state-dump] ClusterLeaseManager:
[state-dump] ========== Node: fbb9841b3107256f006a4e24c5be7456a673f220f17e763ce1348e9e =================
[state-dump] Infeasible queue length: 1
[state-dump] Schedule queue length: 0
[state-dump] Grant queue length: 0
[state-dump] num_waiting_for_resource: 0
[state-dump] num_waiting_for_plasma_memory: 0
[state-dump] num_waiting_for_remote_node_resources: 0
[state-dump] num_worker_not_started_by_job_config_not_exist: 0
[state-dump] num_worker_not_started_by_registration_timeout: 0
[state-dump] num_tasks_waiting_for_workers: 0
[state-dump] num_cancelled_leases: 0
[state-dump] cluster_resource_scheduler state: 
[state-dump] Local id: -6166997991266946165 Local resources: {"total":{GPU: [10000], node:10.102.35.9: [10000], CPU: [10000], node:__internal_head__: [10000], memory: [3755414892550000], object_store_memory: [1609463525370000], accelerator_type:A100: [10000]}}, "available": {GPU: [10000], node:10.102.35.9: [10000], CPU: [0], node:__internal_head__: [10000], memory: [3755414892550000], object_store_memory: [1609463525370000], accelerator_type:A100: [10000]}}, "labels":{"ray.io/node-id":"fbb9841b3107256f006a4e24c5be7456a673f220f17e763ce1348e9e","ray.io/accelerator-type":"A100",} is_draining: 0 is_idle: 0 Cluster resources (at most 20 nodes are shown): node id: -6166997991266946165{"total":{node:10.102.35.9: 10000, GPU: 10000, CPU: 10000, object_store_memory: 1609463525370000, memory: 3755414892550000, accelerator_type:A100: 10000, node:__internal_head__: 10000}}, "available": {object_store_memory: 1609463525370000, memory: 3755414892550000, accelerator_type:A100: 10000, GPU: 10000, node:10.102.35.9: 10000, node:__internal_head__: 10000}}, "labels":{"ray.io/node-id":"fbb9841b3107256f006a4e24c5be7456a673f220f17e763ce1348e9e","ray.io/accelerator-type":"A100",}, "is_draining": 0, "draining_deadline_timestamp_ms": -1} { "placement group locations": [], "node to bundles": []}
[state-dump] Waiting leases size: 0
[state-dump] Number of granted lease arguments: 0
[state-dump] Number of pinned lease arguments: 0
[state-dump] Number of total spilled leases: 0
[state-dump] Number of spilled waiting leases: 0
[state-dump] Number of spilled unschedulable leases: 0
[state-dump] Resource usage {
[state-dump]     - (language=PYTHON actor_or_taskTaskRunner.__init__ pid=673348 worker_id=3293f9baf9f0772a29df934ce9aa40562820dbe52583e5e641f030c5): {CPU: 1}
[state-dump] }
[state-dump] Backlog Size per scheduling descriptor :{workerId: num backlogs}:
[state-dump] 
[state-dump] Granted leases by scheduling class:
[state-dump] ==================================================
[state-dump] 
[state-dump] ClusterResources:
[state-dump] LocalObjectManager:
[state-dump] - num pinned objects: 0
[state-dump] - pinned objects size: 0
[state-dump] - num objects pending restore: 0
[state-dump] - num objects pending spill: 0
[state-dump] - num bytes pending spill: 0
[state-dump] - num bytes currently spilled: 0
[state-dump] - cumulative spill requests: 0
[state-dump] - cumulative restore requests: 0
[state-dump] - spilled objects pending delete: 0
[state-dump] 
[state-dump] ObjectManager:
[state-dump] - num local objects: 0
[state-dump] - num unfulfilled push requests: 0
[state-dump] - num object pull requests: 0
[state-dump] - num chunks received total: 0
[state-dump] - num chunks received failed (all): 0
[state-dump] - num chunks received failed / cancelled: 0
[state-dump] - num chunks received failed / plasma error: 0
[state-dump] Event stats:
[state-dump] Global stats: 0 total (0 active)
[state-dump] Queueing time: mean = -nanms, max = -0.00ms, min = 9223372036854.78ms, total = 0.00ms
[state-dump] Execution time:  mean = -nanms, total = 0.00ms
[state-dump] Event stats:
[state-dump] PushManager:
[state-dump] - num pushes remaining: 0
[state-dump] - num chunks in flight: 0
[state-dump] - num chunks remaining: 0
[state-dump] - max chunks allowed: 409
[state-dump] OwnershipBasedObjectDirectory:
[state-dump] - num listeners: 0
[state-dump] - cumulative location updates: 0
[state-dump] - num location updates per second: 0.000
[state-dump] - num location lookups per second: 0.000
[state-dump] - num locations added per second: 0.000
[state-dump] - num locations removed per second: 0.000
[state-dump] BufferPool:
[state-dump] - create buffer state map size: 0
[state-dump] PullManager:
[state-dump] - num bytes available for pulled objects: 160946352537
[state-dump] - num bytes being pulled (all): 0
[state-dump] - num bytes being pulled / pinned: 0
[state-dump] - get request bundles: BundlePullRequestQueue{0 total, 0 active, 0 inactive, 0 unpullable}
[state-dump] - wait request bundles: BundlePullRequestQueue{0 total, 0 active, 0 inactive, 0 unpullable}
[state-dump] - task request bundles: BundlePullRequestQueue{0 total, 0 active, 0 inactive, 0 unpullable}
[state-dump] - first get request bundle: N/A
[state-dump] - first wait request bundle: N/A
[state-dump] - first task request bundle: N/A
[state-dump] - num objects queued: 0
[state-dump] - num objects actively pulled (all): 0
[state-dump] - num objects actively pulled / pinned: 0
[state-dump] - num bundles being pulled: 0
[state-dump] - num pull retries: 0
[state-dump] - max timeout seconds: 0
[state-dump] - max timeout request is already processed. No entry.
[state-dump] 
[state-dump] WorkerPool:
[state-dump] - registered jobs: 1
[state-dump] - process_failed_job_config_missing: 0
[state-dump] - process_failed_rate_limited: 0
[state-dump] - process_failed_pending_registration: 0
[state-dump] - process_failed_runtime_env_setup_failed: 0
[state-dump] - num JAVA workers: 0
[state-dump] - num JAVA drivers: 0
[state-dump] - num JAVA pending start requests: 0
[state-dump] - num JAVA pending registration requests: 0
[state-dump] - num object spill callbacks queued: 0
[state-dump] - num object restore queued: 0
[state-dump] - num util functions queued: 0
[state-dump] - num PYTHON workers: 1
[state-dump] - num PYTHON drivers: 1
[state-dump] - num PYTHON pending start requests: 0
[state-dump] - num PYTHON pending registration requests: 0
[state-dump] - num object spill callbacks queued: 0
[state-dump] - num object restore queued: 0
[state-dump] - num util functions queued: 0
[state-dump] - num idle workers: 0
[state-dump] LeaseDependencyManager:
[state-dump] - lease deps map size: 0
[state-dump] - get req map size: 0
[state-dump] - wait req map size: 0
[state-dump] - local objects map size: 0
[state-dump] WaitManager:
[state-dump] - num active wait requests: 0
[state-dump] Subscriber:
[state-dump] Channel WORKER_OBJECT_EVICTION
[state-dump] - cumulative subscribe requests: 0
[state-dump] - cumulative unsubscribe requests: 0
[state-dump] - active subscribed publishers: 0
[state-dump] - cumulative published messages: 0
[state-dump] - cumulative processed messages: 0
[state-dump] Channel WORKER_OBJECT_LOCATIONS_CHANNEL
[state-dump] - cumulative subscribe requests: 0
[state-dump] - cumulative unsubscribe requests: 0
[state-dump] - active subscribed publishers: 0
[state-dump] - cumulative published messages: 0
[state-dump] - cumulative processed messages: 0
[state-dump] Channel WORKER_REF_REMOVED_CHANNEL
[state-dump] - cumulative subscribe requests: 0
[state-dump] - cumulative unsubscribe requests: 0
[state-dump] - active subscribed publishers: 0
[state-dump] - cumulative published messages: 0
[state-dump] - cumulative processed messages: 0
[state-dump] num async plasma notifications: 0
[state-dump] Event stats:
[state-dump] Global stats: 17959 total (18 active)
[state-dump] Queueing time: mean = 3.18ms, max = 24446.82ms, min = -0.03ms, total = 57129.33ms
[state-dump] Execution time:  mean = 2.51ms, total = 45011.95ms
[state-dump] Event stats:
[state-dump] 	ObjectManager.UpdateAvailableMemory - 3600 total (0 active), Execution time: mean = 0.00ms, total = 2.31ms, Queueing time: mean = 0.01ms, max = 0.09ms, min = 0.00ms, total = 28.51ms
[state-dump] 	NodeManager.CheckGC - 3600 total (1 active), Execution time: mean = 0.00ms, total = 2.52ms, Queueing time: mean = 0.02ms, max = 6.32ms, min = 0.00ms, total = 64.55ms
[state-dump] 	RaySyncer.OnDemandBroadcasting - 3600 total (1 active), Execution time: mean = 0.00ms, total = 5.22ms, Queueing time: mean = 0.02ms, max = 6.31ms, min = -0.00ms, total = 62.06ms
[state-dump] 	RayletWorkerPool.deadline_timer.kill_idle_workers - 1800 total (1 active), Execution time: mean = 0.00ms, total = 3.02ms, Queueing time: mean = 0.02ms, max = 0.80ms, min = 0.01ms, total = 31.56ms
[state-dump] 	MemoryMonitor.CheckIsMemoryUsageAboveThreshold - 1438 total (1 active), Execution time: mean = 0.39ms, total = 564.43ms, Queueing time: mean = 0.01ms, max = 0.04ms, min = -0.00ms, total = 21.03ms
[state-dump] 	NodeManagerService.grpc_server.ReportWorkerBacklog.HandleRequestImpl - 641 total (0 active), Execution time: mean = 0.04ms, total = 24.48ms, Queueing time: mean = 0.01ms, max = 0.12ms, min = 0.01ms, total = 9.55ms
[state-dump] 	NodeManagerService.grpc_server.ReportWorkerBacklog - 641 total (0 active), Execution time: mean = 0.20ms, total = 127.81ms, Queueing time: mean = 0.00ms, max = -0.00ms, min = 9223372036854.78ms, total = 0.00ms
[state-dump] 	NodeManager.deadline_timer.flush_free_objects - 360 total (1 active), Execution time: mean = 0.00ms, total = 0.40ms, Queueing time: mean = 0.09ms, max = 0.97ms, min = 0.01ms, total = 30.93ms
[state-dump] 	NodeManager.CheckForUnexpectedWorkerDisconnects - 360 total (1 active), Execution time: mean = 0.01ms, total = 2.23ms, Queueing time: mean = 0.02ms, max = 1.15ms, min = -0.00ms, total = 6.81ms
[state-dump] 	NodeManagerService.grpc_server.GetResourceLoad.HandleRequestImpl - 360 total (0 active), Execution time: mean = 0.06ms, total = 20.94ms, Queueing time: mean = 0.02ms, max = 0.32ms, min = 0.01ms, total = 5.62ms
[state-dump] 	NodeManagerService.grpc_server.GetResourceLoad - 360 total (0 active), Execution time: mean = 0.26ms, total = 95.03ms, Queueing time: mean = 0.00ms, max = -0.00ms, min = 9223372036854.78ms, total = 0.00ms
[state-dump] 	NodeManager.ScheduleAndGrantLeases - 360 total (1 active), Execution time: mean = 0.01ms, total = 2.42ms, Queueing time: mean = 0.02ms, max = 1.15ms, min = 0.00ms, total = 6.66ms
[state-dump] 	NodeManager.deadline_timer.spill_objects_when_over_threshold - 360 total (1 active), Execution time: mean = 0.00ms, total = 0.42ms, Queueing time: mean = 0.09ms, max = 0.97ms, min = 0.01ms, total = 30.93ms
[state-dump] 	ClusterResourceManager.ResetRemoteNodeView - 121 total (1 active), Execution time: mean = 0.00ms, total = 0.26ms, Queueing time: mean = 0.02ms, max = 0.03ms, min = 0.01ms, total = 1.96ms
[state-dump] 	NodeManager.deadline_timer.record_metrics - 72 total (1 active), Execution time: mean = 0.12ms, total = 8.30ms, Queueing time: mean = 0.32ms, max = 0.94ms, min = 0.01ms, total = 22.89ms
[state-dump] 	event_loop_lag_probe - 38 total (0 active), Execution time: mean = 0.02ms, total = 0.70ms, Queueing time: mean = 0.33ms, max = 12.24ms, min = 0.00ms, total = 12.35ms
[state-dump] 	NodeManager.deadline_timer.debug_state_dump - 36 total (1 active), Execution time: mean = 0.85ms, total = 30.76ms, Queueing time: mean = 0.01ms, max = 0.03ms, min = -0.03ms, total = 0.43ms
[state-dump] 	ReporterService.grpc_client.HealthCheck.OnReplyReceived - 31 total (0 active), Execution time: mean = 0.03ms, total = 0.86ms, Queueing time: mean = 0.02ms, max = 0.24ms, min = 0.00ms, total = 0.54ms
[state-dump] 	ReporterService.grpc_client.HealthCheck - 31 total (0 active), Execution time: mean = 0.16ms, total = 4.89ms, Queueing time: mean = 0.00ms, max = -0.00ms, min = 9223372036854.78ms, total = 0.00ms
[state-dump] 	MetricsAgentClient.WaitForServerReadyWithRetry - 30 total (0 active), Execution time: mean = 0.09ms, total = 2.76ms, Queueing time: mean = 1000.01ms, max = 1000.02ms, min = 1000.01ms, total = 30000.42ms
[state-dump] 	PeriodicalRunner.RunFnPeriodically - 14 total (0 active), Execution time: mean = 0.20ms, total = 2.78ms, Queueing time: mean = 5.10ms, max = 15.84ms, min = 0.04ms, total = 71.38ms
[state-dump] 	ClientConnection.async_read.ProcessMessageHeader - 14 total (2 active), Execution time: mean = 0.00ms, total = 0.06ms, Queueing time: mean = 1908.23ms, max = 24446.82ms, min = 0.03ms, total = 26715.22ms
[state-dump] 	ClientConnection.async_read.ProcessMessage - 12 total (0 active), Execution time: mean = 0.64ms, total = 7.69ms, Queueing time: mean = 0.01ms, max = 0.02ms, min = 0.00ms, total = 0.07ms
[state-dump] 	ray::rpc::NodeInfoGcsService.grpc_client.CheckAlive - 6 total (0 active), Execution time: mean = 0.73ms, total = 4.39ms, Queueing time: mean = 0.00ms, max = -0.00ms, min = 9223372036854.78ms, total = 0.00ms
[state-dump] 	NodeManager.deadline_timer.print_event_loop_stats - 6 total (1 active, 1 running), Execution time: mean = 0.77ms, total = 4.62ms, Queueing time: mean = 0.01ms, max = 0.02ms, min = 0.01ms, total = 0.06ms
[state-dump] 	ray::rpc::NodeInfoGcsService.grpc_client.CheckAlive.OnReplyReceived - 6 total (0 active), Execution time: mean = 0.02ms, total = 0.11ms, Queueing time: mean = 0.02ms, max = 0.03ms, min = 0.01ms, total = 0.12ms
[state-dump] 	NodeManager.GcsCheckAlive - 6 total (1 active), Execution time: mean = 0.14ms, total = 0.87ms, Queueing time: mean = 0.63ms, max = 1.12ms, min = 0.62ms, total = 3.79ms
[state-dump] 	ClientConnection.async_write.DoAsyncWrites - 4 total (0 active), Execution time: mean = 0.00ms, total = 0.00ms, Queueing time: mean = 0.06ms, max = 0.17ms, min = 0.02ms, total = 0.25ms
[state-dump] 	RaySyncer.BroadcastMessage - 4 total (0 active), Execution time: mean = 0.14ms, total = 0.55ms, Queueing time: mean = 0.00ms, max = 0.00ms, min = 0.00ms, total = 0.00ms
[state-dump] 	 - 4 total (0 active), Execution time: mean = 0.00ms, total = 0.00ms, Queueing time: mean = 0.01ms, max = 0.02ms, min = 0.01ms, total = 0.06ms
[state-dump] 	ray::rpc::InternalPubSubGcsService.grpc_client.GcsSubscriberPoll - 3 total (1 active), Execution time: mean = 13680.88ms, total = 41042.65ms, Queueing time: mean = 0.00ms, max = -0.00ms, min = 9223372036854.78ms, total = 0.00ms
[state-dump] 	NodeManagerService.grpc_server.GetSystemConfig - 3 total (0 active), Execution time: mean = 0.33ms, total = 1.00ms, Queueing time: mean = 0.00ms, max = -0.00ms, min = 9223372036854.78ms, total = 0.00ms
[state-dump] 	ObjectManager.ObjectDeleted - 3 total (0 active), Execution time: mean = 0.01ms, total = 0.03ms, Queueing time: mean = 0.02ms, max = 0.02ms, min = 0.02ms, total = 0.06ms
[state-dump] 	NodeManagerService.grpc_server.GetSystemConfig.HandleRequestImpl - 3 total (0 active), Execution time: mean = 0.05ms, total = 0.14ms, Queueing time: mean = 0.01ms, max = 0.02ms, min = 0.01ms, total = 0.04ms
[state-dump] 	ObjectManager.ObjectAdded - 3 total (0 active), Execution time: mean = 0.01ms, total = 0.03ms, Queueing time: mean = 0.01ms, max = 0.01ms, min = 0.01ms, total = 0.03ms
[state-dump] 	RaySyncerRegister - 2 total (0 active), Execution time: mean = 0.00ms, total = 0.00ms, Queueing time: mean = 0.00ms, max = 0.00ms, min = 0.00ms, total = 0.00ms
[state-dump] 	NodeManagerService.grpc_server.RequestWorkerLease - 2 total (1 active), Execution time: mean = 1004.34ms, total = 2008.67ms, Queueing time: mean = 0.00ms, max = -0.00ms, min = 9223372036854.78ms, total = 0.00ms
[state-dump] 	ray::rpc::InternalPubSubGcsService.grpc_client.GcsSubscriberCommandBatch - 2 total (0 active), Execution time: mean = 0.88ms, total = 1.76ms, Queueing time: mean = 0.00ms, max = -0.00ms, min = 9223372036854.78ms, total = 0.00ms
[state-dump] 	ray::rpc::InternalPubSubGcsService.grpc_client.GcsSubscriberCommandBatch.OnReplyReceived - 2 total (0 active), Execution time: mean = 0.10ms, total = 0.19ms, Queueing time: mean = 0.57ms, max = 0.97ms, min = 0.16ms, total = 1.13ms
[state-dump] 	NodeManagerService.grpc_server.RequestWorkerLease.HandleRequestImpl - 2 total (0 active), Execution time: mean = 0.09ms, total = 0.18ms, Queueing time: mean = 0.01ms, max = 0.02ms, min = 0.01ms, total = 0.03ms
[state-dump] 	ray::rpc::InternalPubSubGcsService.grpc_client.GcsSubscriberPoll.OnReplyReceived - 2 total (0 active), Execution time: mean = 0.08ms, total = 0.17ms, Queueing time: mean = 0.02ms, max = 0.04ms, min = 0.01ms, total = 0.05ms
[state-dump] 	ray::rpc::InternalKVGcsService.grpc_client.GetInternalConfig.OnReplyReceived - 1 total (0 active), Execution time: mean = 1023.30ms, total = 1023.30ms, Queueing time: mean = 0.01ms, max = 0.01ms, min = 0.01ms, total = 0.01ms
[state-dump] 	ray::rpc::NodeInfoGcsService.grpc_client.GetAllNodeAddressAndLiveness.OnReplyReceived - 1 total (0 active), Execution time: mean = 0.15ms, total = 0.15ms, Queueing time: mean = 0.01ms, max = 0.01ms, min = 0.01ms, total = 0.01ms
[state-dump] 	ray::rpc::WorkerInfoGcsService.grpc_client.ReportWorkerFailure - 1 total (0 active), Execution time: mean = 2.04ms, total = 2.04ms, Queueing time: mean = 0.00ms, max = -0.00ms, min = 9223372036854.78ms, total = 0.00ms
[state-dump] 	ray::rpc::NodeInfoGcsService.grpc_client.RegisterNode.OnReplyReceived - 1 total (0 active), Execution time: mean = 0.36ms, total = 0.36ms, Queueing time: mean = 0.01ms, max = 0.01ms, min = 0.01ms, total = 0.01ms
[state-dump] 	ray::rpc::JobInfoGcsService.grpc_client.AddJob.OnReplyReceived - 1 total (0 active), Execution time: mean = 0.05ms, total = 0.05ms, Queueing time: mean = 0.02ms, max = 0.02ms, min = 0.02ms, total = 0.02ms
[state-dump] 	ray::rpc::JobInfoGcsService.grpc_client.AddJob - 1 total (0 active), Execution time: mean = 1.76ms, total = 1.76ms, Queueing time: mean = 0.00ms, max = -0.00ms, min = 9223372036854.78ms, total = 0.00ms
[state-dump] 	Subscriber.HandlePublishedMessage_GCS_WORKER_DELTA_CHANNEL - 1 total (0 active), Execution time: mean = 0.00ms, total = 0.00ms, Queueing time: mean = 0.06ms, max = 0.06ms, min = 0.06ms, total = 0.06ms
[state-dump] 	ray::rpc::InternalKVGcsService.grpc_client.GetInternalConfig - 1 total (0 active), Execution time: mean = 1.11ms, total = 1.11ms, Queueing time: mean = 0.00ms, max = -0.00ms, min = 9223372036854.78ms, total = 0.00ms
[state-dump] 	ray::rpc::NodeInfoGcsService.grpc_client.GetAllNodeAddressAndLiveness - 1 total (0 active), Execution time: mean = 0.72ms, total = 0.72ms, Queueing time: mean = 0.00ms, max = -0.00ms, min = 9223372036854.78ms, total = 0.00ms
[state-dump] 	Subscriber.HandlePublishedMessage_GCS_JOB_CHANNEL - 1 total (0 active), Execution time: mean = 0.02ms, total = 0.02ms, Queueing time: mean = 0.11ms, max = 0.11ms, min = 0.11ms, total = 0.11ms
[state-dump] 	ray::rpc::JobInfoGcsService.grpc_client.GetAllJobInfo - 1 total (0 active), Execution time: mean = 0.70ms, total = 0.70ms, Queueing time: mean = 0.00ms, max = -0.00ms, min = 9223372036854.78ms, total = 0.00ms
[state-dump] 	NodeManager.GCTaskFailureReason - 1 total (1 active), Execution time: mean = 0.00ms, total = 0.00ms, Queueing time: mean = 0.00ms, max = -0.00ms, min = 9223372036854.78ms, total = 0.00ms
[state-dump] 	ray::rpc::NodeInfoGcsService.grpc_client.RegisterNode - 1 total (0 active), Execution time: mean = 1.83ms, total = 1.83ms, Queueing time: mean = 0.00ms, max = -0.00ms, min = 9223372036854.78ms, total = 0.00ms
[state-dump] 	CoreWorkerService.grpc_client.Exit.OnReplyReceived - 1 total (0 active), Execution time: mean = 0.02ms, total = 0.02ms, Queueing time: mean = 0.01ms, max = 0.01ms, min = 0.01ms, total = 0.01ms
[state-dump] 	ray::rpc::JobInfoGcsService.grpc_client.GetAllJobInfo.OnReplyReceived - 1 total (0 active), Execution time: mean = 0.01ms, total = 0.01ms, Queueing time: mean = 0.01ms, max = 0.01ms, min = 0.01ms, total = 0.01ms
[state-dump] 	CoreWorkerService.grpc_client.Exit - 1 total (0 active), Execution time: mean = 4.20ms, total = 4.20ms, Queueing time: mean = 0.00ms, max = -0.00ms, min = 9223372036854.78ms, total = 0.00ms
[state-dump] 	ray::rpc::WorkerInfoGcsService.grpc_client.ReportWorkerFailure.OnReplyReceived - 1 total (0 active), Execution time: mean = 0.02ms, total = 0.02ms, Queueing time: mean = 0.02ms, max = 0.02ms, min = 0.02ms, total = 0.02ms
[state-dump] DebugString() time ms: 1
[state-dump] 
[state-dump] 
2025-11-28 15:42:51,637	INFO (monitor) autoscaler.py:147 -- The autoscaler took 0.0 seconds to fetch the list of non-terminated nodes.
2025-11-28 15:42:51,637	INFO (monitor) autoscaler.py:408 -- 
======== Autoscaler status: 2025-11-28 15:42:51.637492 ========
Node status
---------------------------------------------------------------
Active:
 1 node_fbb9841b3107256f006a4e24c5be7456a673f220f17e763ce1348e9e
Pending:
 (no pending nodes)
Recent failures:
 (no failures)

Resources
---------------------------------------------------------------
Total Usage:
 1.0/1.0 CPU
 0.0/1.0 GPU
 0B/349.75GiB memory
 0B/149.89GiB object_store_memory

From request_resources:
 (none)
Pending Demands:
 {'CPU': 1.0, 'GPU': 1.0} * 1 (STRICT_PACK): 1+ pending placement groups
2025-11-28 15:42:51,638	INFO (monitor) autoscaler.py:463 -- The autoscaler took 0.001 seconds to complete the update iteration.
2025-11-28 15:42:56,640	INFO (monitor) autoscaler.py:147 -- The autoscaler took 0.0 seconds to fetch the list of non-terminated nodes.
2025-11-28 15:42:56,640	INFO (monitor) autoscaler.py:408 -- 
======== Autoscaler status: 2025-11-28 15:42:56.640894 ========
Node status
---------------------------------------------------------------
Active:
 1 node_fbb9841b3107256f006a4e24c5be7456a673f220f17e763ce1348e9e
Pending:
 (no pending nodes)
Recent failures:
 (no failures)

Resources
---------------------------------------------------------------
Total Usage:
 1.0/1.0 CPU
 0.0/1.0 GPU
 0B/349.75GiB memory
 0B/149.89GiB object_store_memory

From request_resources:
 (none)
Pending Demands:
 {'CPU': 1.0, 'GPU': 1.0} * 1 (STRICT_PACK): 1+ pending placement groups
2025-11-28 15:42:56,641	INFO (monitor) autoscaler.py:463 -- The autoscaler took 0.001 seconds to complete the update iteration.
2025-11-28 15:43:01,643	INFO (monitor) autoscaler.py:147 -- The autoscaler took 0.0 seconds to fetch the list of non-terminated nodes.
2025-11-28 15:43:01,644	INFO (monitor) autoscaler.py:408 -- 
======== Autoscaler status: 2025-11-28 15:43:01.643963 ========
Node status
---------------------------------------------------------------
Active:
 1 node_fbb9841b3107256f006a4e24c5be7456a673f220f17e763ce1348e9e
Pending:
 (no pending nodes)
Recent failures:
 (no failures)

Resources
---------------------------------------------------------------
Total Usage:
 1.0/1.0 CPU
 0.0/1.0 GPU
 0B/349.75GiB memory
 0B/149.89GiB object_store_memory

From request_resources:
 (none)
Pending Demands:
 {'CPU': 1.0, 'GPU': 1.0} * 1 (STRICT_PACK): 1+ pending placement groups
2025-11-28 15:43:01,644	INFO (monitor) autoscaler.py:463 -- The autoscaler took 0.001 seconds to complete the update iteration.
2025-11-28 15:43:06,647	INFO (monitor) autoscaler.py:147 -- The autoscaler took 0.0 seconds to fetch the list of non-terminated nodes.
2025-11-28 15:43:06,647	INFO (monitor) autoscaler.py:408 -- 
======== Autoscaler status: 2025-11-28 15:43:06.647141 ========
Node status
---------------------------------------------------------------
Active:
 1 node_fbb9841b3107256f006a4e24c5be7456a673f220f17e763ce1348e9e
Pending:
 (no pending nodes)
Recent failures:
 (no failures)

Resources
---------------------------------------------------------------
Total Usage:
 1.0/1.0 CPU
 0.0/1.0 GPU
 0B/349.75GiB memory
 0B/149.89GiB object_store_memory

From request_resources:
 (none)
Pending Demands:
 {'CPU': 1.0, 'GPU': 1.0} * 1 (STRICT_PACK): 1+ pending placement groups
2025-11-28 15:43:06,647	INFO (monitor) autoscaler.py:463 -- The autoscaler took 0.001 seconds to complete the update iteration.
2025-11-28 15:43:11,650	INFO (monitor) autoscaler.py:147 -- The autoscaler took 0.0 seconds to fetch the list of non-terminated nodes.
2025-11-28 15:43:11,650	INFO (monitor) autoscaler.py:408 -- 
======== Autoscaler status: 2025-11-28 15:43:11.650429 ========
Node status
---------------------------------------------------------------
Active:
 1 node_fbb9841b3107256f006a4e24c5be7456a673f220f17e763ce1348e9e
Pending:
 (no pending nodes)
Recent failures:
 (no failures)

Resources
---------------------------------------------------------------
Total Usage:
 1.0/1.0 CPU
 0.0/1.0 GPU
 0B/349.75GiB memory
 0B/149.89GiB object_store_memory

From request_resources:
 (none)
Pending Demands:
 {'CPU': 1.0, 'GPU': 1.0} * 1 (STRICT_PACK): 1+ pending placement groups
2025-11-28 15:43:11,651	INFO (monitor) autoscaler.py:463 -- The autoscaler took 0.001 seconds to complete the update iteration.
2025-11-28 15:43:16,653	INFO (monitor) autoscaler.py:147 -- The autoscaler took 0.0 seconds to fetch the list of non-terminated nodes.
2025-11-28 15:43:16,653	INFO (monitor) autoscaler.py:408 -- 
======== Autoscaler status: 2025-11-28 15:43:16.653635 ========
Node status
---------------------------------------------------------------
Active:
 1 node_fbb9841b3107256f006a4e24c5be7456a673f220f17e763ce1348e9e
Pending:
 (no pending nodes)
Recent failures:
 (no failures)

Resources
---------------------------------------------------------------
Total Usage:
 1.0/1.0 CPU
 0.0/1.0 GPU
 0B/349.75GiB memory
 0B/149.89GiB object_store_memory

From request_resources:
 (none)
Pending Demands:
 {'CPU': 1.0, 'GPU': 1.0} * 1 (STRICT_PACK): 1+ pending placement groups
2025-11-28 15:43:16,654	INFO (monitor) autoscaler.py:463 -- The autoscaler took 0.001 seconds to complete the update iteration.
2025-11-28 15:43:21,656	INFO (monitor) autoscaler.py:147 -- The autoscaler took 0.0 seconds to fetch the list of non-terminated nodes.
2025-11-28 15:43:21,656	INFO (monitor) autoscaler.py:408 -- 
======== Autoscaler status: 2025-11-28 15:43:21.656807 ========
Node status
---------------------------------------------------------------
Active:
 1 node_fbb9841b3107256f006a4e24c5be7456a673f220f17e763ce1348e9e
Pending:
 (no pending nodes)
Recent failures:
 (no failures)

Resources
---------------------------------------------------------------
Total Usage:
 1.0/1.0 CPU
 0.0/1.0 GPU
 0B/349.75GiB memory
 0B/149.89GiB object_store_memory

From request_resources:
 (none)
Pending Demands:
 {'CPU': 1.0, 'GPU': 1.0} * 1 (STRICT_PACK): 1+ pending placement groups
2025-11-28 15:43:21,657	INFO (monitor) autoscaler.py:463 -- The autoscaler took 0.001 seconds to complete the update iteration.
2025-11-28 15:43:26,659	INFO (monitor) autoscaler.py:147 -- The autoscaler took 0.0 seconds to fetch the list of non-terminated nodes.
2025-11-28 15:43:26,660	INFO (monitor) autoscaler.py:408 -- 
======== Autoscaler status: 2025-11-28 15:43:26.660065 ========
Node status
---------------------------------------------------------------
Active:
 1 node_fbb9841b3107256f006a4e24c5be7456a673f220f17e763ce1348e9e
Pending:
 (no pending nodes)
Recent failures:
 (no failures)

Resources
---------------------------------------------------------------
Total Usage:
 1.0/1.0 CPU
 0.0/1.0 GPU
 0B/349.75GiB memory
 0B/149.89GiB object_store_memory

From request_resources:
 (none)
Pending Demands:
 {'CPU': 1.0, 'GPU': 1.0} * 1 (STRICT_PACK): 1+ pending placement groups
2025-11-28 15:43:26,660	INFO (monitor) autoscaler.py:463 -- The autoscaler took 0.001 seconds to complete the update iteration.
[2025-11-28 15:43:28,841 I 672950 673266] (python-core-driver-01000000ffffffffffffffffffffffffffffffffffffffffffffffff) core_worker.cc:455: Event stats:


Global stats: 4917 total (9 active)
Queueing time: mean = 6.12ms, max = 1000.04ms, min = -0.00ms, total = 30068.81ms
Execution time:  mean = 10.83ms, total = 53274.00ms
Event stats:
	CoreWorker.RecoverObjects - 3600 total (1 active), Execution time: mean = 0.00ms, total = 9.44ms, Queueing time: mean = 0.01ms, max = 0.45ms, min = -0.00ms, total = 53.63ms
	CoreWorker.InternalHeartbeat - 360 total (1 active), Execution time: mean = 0.10ms, total = 37.73ms, Queueing time: mean = 0.01ms, max = 0.03ms, min = 0.01ms, total = 5.14ms
	NodeManagerService.grpc_client.ReportWorkerBacklog.OnReplyReceived - 360 total (0 active), Execution time: mean = 0.01ms, total = 5.11ms, Queueing time: mean = 0.01ms, max = 0.04ms, min = 0.01ms, total = 4.25ms
	NodeManagerService.grpc_client.ReportWorkerBacklog - 360 total (0 active), Execution time: mean = 0.49ms, total = 176.29ms, Queueing time: mean = 0.00ms, max = -0.00ms, min = 9223372036854.78ms, total = 0.00ms
	CoreWorker.RecordMetrics - 72 total (1 active), Execution time: mean = 0.04ms, total = 3.05ms, Queueing time: mean = 0.01ms, max = 0.02ms, min = 0.01ms, total = 0.88ms
	CoreWorker.TryDelPendingObjectRefStreams - 36 total (1 active), Execution time: mean = 0.00ms, total = 0.10ms, Queueing time: mean = 0.06ms, max = 0.42ms, min = 0.01ms, total = 2.04ms
	ReporterService.grpc_client.HealthCheck.OnReplyReceived - 31 total (0 active), Execution time: mean = 0.01ms, total = 0.44ms, Queueing time: mean = 0.01ms, max = 0.01ms, min = 0.00ms, total = 0.19ms
	ReporterService.grpc_client.HealthCheck - 31 total (0 active), Execution time: mean = 0.08ms, total = 2.61ms, Queueing time: mean = 0.00ms, max = -0.00ms, min = 9223372036854.78ms, total = 0.00ms
	MetricsAgentClient.WaitForServerReadyWithRetry - 30 total (0 active), Execution time: mean = 0.06ms, total = 1.91ms, Queueing time: mean = 1000.01ms, max = 1000.04ms, min = 1000.01ms, total = 30000.33ms
	PeriodicalRunner.RunFnPeriodically - 6 total (0 active), Execution time: mean = 0.10ms, total = 0.63ms, Queueing time: mean = 0.27ms, max = 0.59ms, min = 0.01ms, total = 1.60ms
	CoreWorker.PrintEventStats - 6 total (1 active, 1 running), Execution time: mean = 0.39ms, total = 2.35ms, Queueing time: mean = 0.01ms, max = 0.02ms, min = 0.01ms, total = 0.08ms
	ray::rpc::InternalPubSubGcsService.grpc_client.GcsSubscriberCommandBatch.OnReplyReceived - 2 total (0 active), Execution time: mean = 0.12ms, total = 0.24ms, Queueing time: mean = 0.01ms, max = 0.01ms, min = 0.01ms, total = 0.02ms
	ray::rpc::InternalPubSubGcsService.grpc_client.GcsSubscriberPoll - 2 total (1 active), Execution time: mean = 13284.78ms, total = 26569.57ms, Queueing time: mean = 0.00ms, max = -0.00ms, min = 9223372036854.78ms, total = 0.00ms
	Publisher.CheckDeadSubscribers - 2 total (1 active), Execution time: mean = 0.00ms, total = 0.00ms, Queueing time: mean = 0.00ms, max = 0.01ms, min = 0.01ms, total = 0.01ms
	ray::rpc::InternalPubSubGcsService.grpc_client.GcsSubscriberCommandBatch - 2 total (0 active), Execution time: mean = 0.34ms, total = 0.67ms, Queueing time: mean = 0.00ms, max = -0.00ms, min = 9223372036854.78ms, total = 0.00ms
	ActorCreator.AsyncRegisterActor - 1 total (0 active), Execution time: mean = 0.39ms, total = 0.39ms, Queueing time: mean = 0.01ms, max = 0.01ms, min = 0.01ms, total = 0.01ms
	ray::rpc::ActorInfoGcsService.grpc_client.RegisterActor.OnReplyReceived - 1 total (0 active), Execution time: mean = 0.14ms, total = 0.14ms, Queueing time: mean = 0.01ms, max = 0.01ms, min = 0.01ms, total = 0.01ms
	ray::rpc::ActorInfoGcsService.grpc_client.GetActorInfo - 1 total (0 active), Execution time: mean = 0.33ms, total = 0.33ms, Queueing time: mean = 0.00ms, max = -0.00ms, min = 9223372036854.78ms, total = 0.00ms
	ray::rpc::ActorInfoGcsService.grpc_client.CreateActor - 1 total (0 active), Execution time: mean = 26458.78ms, total = 26458.78ms, Queueing time: mean = 0.00ms, max = -0.00ms, min = 9223372036854.78ms, total = 0.00ms
	ActorTaskSubmitter::SubmitTask - 1 total (0 active), Execution time: mean = 0.01ms, total = 0.01ms, Queueing time: mean = 0.01ms, max = 0.01ms, min = 0.01ms, total = 0.01ms
	ray::rpc::NodeInfoGcsService.grpc_client.GetAllNodeAddressAndLiveness - 1 total (0 active), Execution time: mean = 0.33ms, total = 0.33ms, Queueing time: mean = 0.00ms, max = -0.00ms, min = 9223372036854.78ms, total = 0.00ms
	CoreWorkerService.grpc_server.WaitForActorRefDeleted - 1 total (1 active), Execution time: mean = 0.00ms, total = 0.00ms, Queueing time: mean = 0.00ms, max = -0.00ms, min = 9223372036854.78ms, total = 0.00ms
	ray::rpc::InternalPubSubGcsService.grpc_client.GcsSubscriberPoll.OnReplyReceived - 1 total (0 active), Execution time: mean = 0.29ms, total = 0.29ms, Queueing time: mean = 0.02ms, max = 0.02ms, min = 0.02ms, total = 0.02ms
	ray::rpc::ActorInfoGcsService.grpc_client.RegisterActor - 1 total (0 active), Execution time: mean = 1.04ms, total = 1.04ms, Queueing time: mean = 0.00ms, max = -0.00ms, min = 9223372036854.78ms, total = 0.00ms
	ray::rpc::WorkerInfoGcsService.grpc_client.AddWorkerInfo - 1 total (0 active), Execution time: mean = 0.47ms, total = 0.47ms, Queueing time: mean = 0.00ms, max = -0.00ms, min = 9223372036854.78ms, total = 0.00ms
	CoreWorkerService.grpc_client.PushTask - 1 total (1 active), Execution time: mean = 0.00ms, total = 0.00ms, Queueing time: mean = 0.00ms, max = -0.00ms, min = 9223372036854.78ms, total = 0.00ms
	Subscriber.HandlePublishedMessage_GCS_ACTOR_CHANNEL - 1 total (0 active), Execution time: mean = 1.10ms, total = 1.10ms, Queueing time: mean = 0.11ms, max = 0.11ms, min = 0.11ms, total = 0.11ms
	ray::rpc::ActorInfoGcsService.grpc_client.CreateActor.OnReplyReceived - 1 total (0 active), Execution time: mean = 0.19ms, total = 0.19ms, Queueing time: mean = 0.01ms, max = 0.01ms, min = 0.01ms, total = 0.01ms
	ray::rpc::NodeInfoGcsService.grpc_client.GetAllNodeAddressAndLiveness.OnReplyReceived - 1 total (0 active), Execution time: mean = 0.04ms, total = 0.04ms, Queueing time: mean = 0.45ms, max = 0.45ms, min = 0.45ms, total = 0.45ms
	CoreWorkerService.grpc_server.WaitForActorRefDeleted.HandleRequestImpl - 1 total (0 active), Execution time: mean = 0.04ms, total = 0.04ms, Queueing time: mean = 0.01ms, max = 0.01ms, min = 0.01ms, total = 0.01ms
	ray::rpc::WorkerInfoGcsService.grpc_client.AddWorkerInfo.OnReplyReceived - 1 total (0 active), Execution time: mean = 0.03ms, total = 0.03ms, Queueing time: mean = 0.01ms, max = 0.01ms, min = 0.01ms, total = 0.01ms
	ray::rpc::ActorInfoGcsService.grpc_client.GetActorInfo.OnReplyReceived - 1 total (0 active), Execution time: mean = 0.66ms, total = 0.66ms, Queueing time: mean = 0.01ms, max = 0.01ms, min = 0.01ms, total = 0.01ms

-----------------
Task execution event stats:

Global stats: 0 total (0 active)
Queueing time: mean = -nanms, max = -0.00ms, min = 9223372036854.78ms, total = 0.00ms
Execution time:  mean = -nanms, total = 0.00ms
Event stats:

-----------------
Task Event stats:

IO Service Stats:

Global stats: 1081 total (1 active)
Queueing time: mean = 0.01ms, max = 0.03ms, min = 0.01ms, total = 10.63ms
Execution time:  mean = 0.18ms, total = 197.55ms
Event stats:
	CoreWorker.deadline_timer.flush_task_events - 360 total (1 active), Execution time: mean = 0.11ms, total = 39.99ms, Queueing time: mean = 0.02ms, max = 0.03ms, min = 0.01ms, total = 6.09ms
	ray::rpc::TaskInfoGcsService.grpc_client.AddTaskEventData.OnReplyReceived - 360 total (0 active), Execution time: mean = 0.02ms, total = 5.94ms, Queueing time: mean = 0.01ms, max = 0.03ms, min = 0.01ms, total = 4.53ms
	ray::rpc::TaskInfoGcsService.grpc_client.AddTaskEventData - 360 total (0 active), Execution time: mean = 0.42ms, total = 151.26ms, Queueing time: mean = 0.00ms, max = -0.00ms, min = 9223372036854.78ms, total = 0.00ms
	PeriodicalRunner.RunFnPeriodically - 1 total (0 active), Execution time: mean = 0.37ms, total = 0.37ms, Queueing time: mean = 0.01ms, max = 0.01ms, min = 0.01ms, total = 0.01ms
Other Stats:
	gcs_grpc_in_progress:0
	event_aggregator_grpc_in_progress:0
	current number of task status events in buffer: 0
	current number of profile events in buffer: 0
	current number of dropped task attempts tracked: 0
	total task events sent: 0.00124359 MiB
	total number of task attempts sent: 5
	total number of task attempts dropped reported: 0
	total number of sent failure: 0
	num status task events dropped: 0
	num profile task events dropped: 0
	num ray task events reported to aggregator: 0
	num ray task events failed to report to aggregator: 0
	num of task attempts dropped reported to aggregator: 0
	num of failed requests to aggregator: 0

[2025-11-28 15:43:30,960 I 673348 673427] (python-core-worker-3293f9baf9f0772a29df934ce9aa40562820dbe52583e5e641f030c5) core_worker.cc:455: Event stats:


Global stats: 5270 total (10 active)
Queueing time: mean = 5.71ms, max = 1000.44ms, min = -0.01ms, total = 30096.70ms
Execution time:  mean = 4.70ms, total = 24749.38ms
Event stats:
	CoreWorker.RecoverObjects - 3600 total (1 active), Execution time: mean = 0.00ms, total = 10.34ms, Queueing time: mean = 0.02ms, max = 1.00ms, min = -0.01ms, total = 69.75ms
	NodeManagerService.grpc_client.ReportWorkerBacklog.OnReplyReceived - 360 total (0 active), Execution time: mean = 0.02ms, total = 8.48ms, Queueing time: mean = 0.02ms, max = 0.07ms, min = 0.00ms, total = 5.62ms
	CoreWorker.ExitIfParentRayletDies - 360 total (1 active), Execution time: mean = 0.01ms, total = 2.23ms, Queueing time: mean = 0.02ms, max = 0.07ms, min = 0.01ms, total = 5.78ms
	CoreWorker.InternalHeartbeat - 360 total (1 active), Execution time: mean = 0.18ms, total = 66.50ms, Queueing time: mean = 0.02ms, max = 0.82ms, min = -0.00ms, total = 6.06ms
	NodeManagerService.grpc_client.ReportWorkerBacklog - 360 total (0 active), Execution time: mean = 0.53ms, total = 192.50ms, Queueing time: mean = 0.00ms, max = -0.00ms, min = 9223372036854.78ms, total = 0.00ms
	CoreWorker.RecordMetrics - 72 total (1 active), Execution time: mean = 0.07ms, total = 5.19ms, Queueing time: mean = 0.01ms, max = 0.02ms, min = 0.01ms, total = 0.91ms
	CoreWorker.TryDelPendingObjectRefStreams - 36 total (1 active), Execution time: mean = 0.00ms, total = 0.11ms, Queueing time: mean = 0.06ms, max = 0.50ms, min = 0.01ms, total = 2.25ms
	ReporterService.grpc_client.HealthCheck.OnReplyReceived - 31 total (0 active), Execution time: mean = 0.03ms, total = 1.02ms, Queueing time: mean = 0.02ms, max = 0.08ms, min = 0.01ms, total = 0.60ms
	ReporterService.grpc_client.HealthCheck - 31 total (0 active), Execution time: mean = 0.16ms, total = 5.00ms, Queueing time: mean = 0.00ms, max = -0.00ms, min = 9223372036854.78ms, total = 0.00ms
	MetricsAgentClient.WaitForServerReadyWithRetry - 30 total (0 active), Execution time: mean = 0.11ms, total = 3.16ms, Queueing time: mean = 1000.05ms, max = 1000.44ms, min = 1000.01ms, total = 30001.61ms
	PeriodicalRunner.RunFnPeriodically - 7 total (0 active), Execution time: mean = 0.14ms, total = 0.96ms, Queueing time: mean = 0.36ms, max = 0.92ms, min = 0.02ms, total = 2.49ms
	CoreWorker.PrintEventStats - 6 total (1 active, 1 running), Execution time: mean = 0.47ms, total = 2.81ms, Queueing time: mean = 0.01ms, max = 0.02ms, min = 0.01ms, total = 0.07ms
	CoreWorkerService.grpc_server.PushTask.HandleRequestImpl - 2 total (0 active), Execution time: mean = 0.23ms, total = 0.46ms, Queueing time: mean = 0.02ms, max = 0.02ms, min = 0.02ms, total = 0.04ms
	Publisher.CheckDeadSubscribers - 2 total (1 active), Execution time: mean = 0.00ms, total = 0.00ms, Queueing time: mean = 0.01ms, max = 0.01ms, min = 0.01ms, total = 0.01ms
	CoreWorkerService.grpc_server.PushTask - 2 total (1 active), Execution time: mean = 12223.26ms, total = 24446.51ms, Queueing time: mean = 0.00ms, max = -0.00ms, min = 9223372036854.78ms, total = 0.00ms
	ray::rpc::InternalPubSubGcsService.grpc_client.GcsSubscriberCommandBatch - 1 total (0 active), Execution time: mean = 0.60ms, total = 0.60ms, Queueing time: mean = 0.00ms, max = -0.00ms, min = 9223372036854.78ms, total = 0.00ms
	ray::rpc::WorkerInfoGcsService.grpc_client.AddWorkerInfo.OnReplyReceived - 1 total (0 active), Execution time: mean = 0.08ms, total = 0.08ms, Queueing time: mean = 0.79ms, max = 0.79ms, min = 0.79ms, total = 0.79ms
	CoreWorker.SubmitTask - 1 total (0 active), Execution time: mean = 0.59ms, total = 0.59ms, Queueing time: mean = 0.03ms, max = 0.03ms, min = 0.03ms, total = 0.03ms
	NodeManagerService.grpc_client.RequestWorkerLease - 1 total (1 active), Execution time: mean = 0.00ms, total = 0.00ms, Queueing time: mean = 0.00ms, max = -0.00ms, min = 9223372036854.78ms, total = 0.00ms
	ray::rpc::InternalPubSubGcsService.grpc_client.GcsSubscriberPoll - 1 total (1 active), Execution time: mean = 0.00ms, total = 0.00ms, Queueing time: mean = 0.00ms, max = -0.00ms, min = 9223372036854.78ms, total = 0.00ms
	ray::rpc::PlacementGroupInfoGcsService.grpc_client.CreatePlacementGroup.OnReplyReceived - 1 total (0 active), Execution time: mean = 0.08ms, total = 0.08ms, Queueing time: mean = 0.03ms, max = 0.03ms, min = 0.03ms, total = 0.03ms
	ray::rpc::InternalPubSubGcsService.grpc_client.GcsSubscriberCommandBatch.OnReplyReceived - 1 total (0 active), Execution time: mean = 0.27ms, total = 0.27ms, Queueing time: mean = 0.64ms, max = 0.64ms, min = 0.64ms, total = 0.64ms
	ray::rpc::NodeInfoGcsService.grpc_client.GetAllNodeAddressAndLiveness.OnReplyReceived - 1 total (0 active), Execution time: mean = 0.07ms, total = 0.07ms, Queueing time: mean = 0.02ms, max = 0.02ms, min = 0.02ms, total = 0.02ms
	ray::rpc::WorkerInfoGcsService.grpc_client.AddWorkerInfo - 1 total (0 active), Execution time: mean = 0.78ms, total = 0.78ms, Queueing time: mean = 0.00ms, max = -0.00ms, min = 9223372036854.78ms, total = 0.00ms
	ray::rpc::NodeInfoGcsService.grpc_client.GetAllNodeAddressAndLiveness - 1 total (0 active), Execution time: mean = 0.93ms, total = 0.93ms, Queueing time: mean = 0.00ms, max = -0.00ms, min = 9223372036854.78ms, total = 0.00ms
	ray::rpc::PlacementGroupInfoGcsService.grpc_client.CreatePlacementGroup - 1 total (0 active), Execution time: mean = 0.72ms, total = 0.72ms, Queueing time: mean = 0.00ms, max = -0.00ms, min = 9223372036854.78ms, total = 0.00ms

-----------------
Task execution event stats:

Global stats: 5 total (2 active)
Queueing time: mean = 4887.30ms, max = 24436.48ms, min = 0.00ms, total = 24436.50ms
Execution time:  mean = 4889.22ms, total = 24446.10ms
Event stats:
	CoreWorker.CheckSignal - 2 total (1 active), Execution time: mean = 0.01ms, total = 0.01ms, Queueing time: mean = 12218.24ms, max = 24436.48ms, min = 24436.48ms, total = 24436.48ms
	PeriodicalRunner.RunFnPeriodically - 1 total (0 active), Execution time: mean = 0.01ms, total = 0.01ms, Queueing time: mean = 0.00ms, max = 0.00ms, min = 0.00ms, total = 0.00ms
	CoreWorker.HandlePushTask - 1 total (0 active), Execution time: mean = 24446.07ms, total = 24446.07ms, Queueing time: mean = 0.02ms, max = 0.02ms, min = 0.02ms, total = 0.02ms
	CoreWorker.HandlePushTaskActor - 1 total (1 active, 1 running), Execution time: mean = 0.00ms, total = 0.00ms, Queueing time: mean = 0.00ms, max = -0.00ms, min = 9223372036854.78ms, total = 0.00ms

-----------------
Task Event stats:

IO Service Stats:

Global stats: 1081 total (1 active)
Queueing time: mean = 0.01ms, max = 0.14ms, min = 0.01ms, total = 14.27ms
Execution time:  mean = 0.24ms, total = 262.89ms
Event stats:
	CoreWorker.deadline_timer.flush_task_events - 360 total (1 active), Execution time: mean = 0.18ms, total = 65.07ms, Queueing time: mean = 0.02ms, max = 0.14ms, min = 0.02ms, total = 8.95ms
	ray::rpc::TaskInfoGcsService.grpc_client.AddTaskEventData.OnReplyReceived - 360 total (0 active), Execution time: mean = 0.03ms, total = 9.21ms, Queueing time: mean = 0.01ms, max = 0.03ms, min = 0.01ms, total = 5.30ms
	ray::rpc::TaskInfoGcsService.grpc_client.AddTaskEventData - 360 total (0 active), Execution time: mean = 0.52ms, total = 188.12ms, Queueing time: mean = 0.00ms, max = -0.00ms, min = 9223372036854.78ms, total = 0.00ms
	PeriodicalRunner.RunFnPeriodically - 1 total (0 active), Execution time: mean = 0.49ms, total = 0.49ms, Queueing time: mean = 0.02ms, max = 0.02ms, min = 0.02ms, total = 0.02ms
Other Stats:
	gcs_grpc_in_progress:0
	event_aggregator_grpc_in_progress:0
	current number of task status events in buffer: 0
	current number of profile events in buffer: 0
	current number of dropped task attempts tracked: 0
	total task events sent: 0.00118923 MiB
	total number of task attempts sent: 5
	total number of task attempts dropped reported: 0
	total number of sent failure: 0
	num status task events dropped: 0
	num profile task events dropped: 0
	num ray task events reported to aggregator: 0
	num ray task events failed to report to aggregator: 0
	num of task attempts dropped reported to aggregator: 0
	num of failed requests to aggregator: 0

2025-11-28 15:43:31,663	INFO (monitor) autoscaler.py:147 -- The autoscaler took 0.0 seconds to fetch the list of non-terminated nodes.
2025-11-28 15:43:31,663	INFO (monitor) autoscaler.py:408 -- 
======== Autoscaler status: 2025-11-28 15:43:31.663390 ========
Node status
---------------------------------------------------------------
Active:
 1 node_fbb9841b3107256f006a4e24c5be7456a673f220f17e763ce1348e9e
Pending:
 (no pending nodes)
Recent failures:
 (no failures)

Resources
---------------------------------------------------------------
Total Usage:
 1.0/1.0 CPU
 0.0/1.0 GPU
 0B/349.75GiB memory
 0B/149.89GiB object_store_memory

From request_resources:
 (none)
Pending Demands:
 {'CPU': 1.0, 'GPU': 1.0} * 1 (STRICT_PACK): 1+ pending placement groups
2025-11-28 15:43:31,664	INFO (monitor) autoscaler.py:463 -- The autoscaler took 0.001 seconds to complete the update iteration.
2025-11-28 15:43:36,666	INFO (monitor) autoscaler.py:147 -- The autoscaler took 0.0 seconds to fetch the list of non-terminated nodes.
2025-11-28 15:43:36,666	INFO (monitor) autoscaler.py:408 -- 
======== Autoscaler status: 2025-11-28 15:43:36.666524 ========
Node status
---------------------------------------------------------------
Active:
 1 node_fbb9841b3107256f006a4e24c5be7456a673f220f17e763ce1348e9e
Pending:
 (no pending nodes)
Recent failures:
 (no failures)

Resources
---------------------------------------------------------------
Total Usage:
 1.0/1.0 CPU
 0.0/1.0 GPU
 0B/349.75GiB memory
 0B/149.89GiB object_store_memory

From request_resources:
 (none)
Pending Demands:
 {'CPU': 1.0, 'GPU': 1.0} * 1 (STRICT_PACK): 1+ pending placement groups
2025-11-28 15:43:36,667	INFO (monitor) autoscaler.py:463 -- The autoscaler took 0.001 seconds to complete the update iteration.
2025-11-28 15:43:41,669	INFO (monitor) autoscaler.py:147 -- The autoscaler took 0.0 seconds to fetch the list of non-terminated nodes.
2025-11-28 15:43:41,669	INFO (monitor) autoscaler.py:408 -- 
======== Autoscaler status: 2025-11-28 15:43:41.669810 ========
Node status
---------------------------------------------------------------
Active:
 1 node_fbb9841b3107256f006a4e24c5be7456a673f220f17e763ce1348e9e
Pending:
 (no pending nodes)
Recent failures:
 (no failures)

Resources
---------------------------------------------------------------
Total Usage:
 1.0/1.0 CPU
 0.0/1.0 GPU
 0B/349.75GiB memory
 0B/149.89GiB object_store_memory

From request_resources:
 (none)
Pending Demands:
 {'CPU': 1.0, 'GPU': 1.0} * 1 (STRICT_PACK): 1+ pending placement groups
2025-11-28 15:43:41,670	INFO (monitor) autoscaler.py:463 -- The autoscaler took 0.001 seconds to complete the update iteration.
[2025-11-28 15:43:45,084 I 672498 672498] (gcs_server) gcs_server.cc:926: Gcs Debug state:

GcsNodeManager: 
- RegisterNode request count: 1
- DrainNode request count: 0
- GetAllNodeInfo request count: 11

GcsActorManager: 
- RegisterActor request count: 1
- CreateActor request count: 1
- GetActorInfo request count: 1
- GetNamedActorInfo request count: 0
- GetAllActorInfo request count: 0
- KillActor request count: 0
- ListNamedActors request count: 0
- Registered actors count: 1
- Destroyed actors count: 0
- Named actors count: 0
- Unresolved actors count: 0
- Pending actors count: 0
- Created actors count: 1
- owners_: 1
- actor_to_register_callbacks_: 0
- actor_to_restart_for_lineage_reconstruction_callbacks_: 0
- actor_to_create_callbacks_: 0
- sorted_destroyed_actor_list_: 0

GcsResourceManager: 
- GetAllAvailableResources request count: 1
- GetAllTotalResources request count: 0
- GetAllResourceUsage request count: 84

GcsPlacementGroupManager: 
- CreatePlacementGroup request count: 1
- RemovePlacementGroup request count: 0
- GetPlacementGroup request count: 1
- GetAllPlacementGroup request count: 0
- WaitPlacementGroupUntilReady request count: 0
- GetNamedPlacementGroup request count: 0
- Scheduling pending placement group count: 604
- Registered placement groups count: 1
- Named placement group count: 1
- Pending placement groups count: 1
- Infeasible placement groups count: 0

Publisher:
GCS_NODE_INFO_CHANNEL
- cumulative published messages: 1
- cumulative published bytes: 585
- current buffered bytes: 0
GCS_ACTOR_CHANNEL
- cumulative published messages: 3
- cumulative published bytes: 1321
- current buffered bytes: 169
GCS_JOB_CHANNEL
- cumulative published messages: 1
- cumulative published bytes: 2122
- current buffered bytes: 2122
GCS_WORKER_DELTA_CHANNEL
- cumulative published messages: 1
- cumulative published bytes: 96
- current buffered bytes: 96
GCS_NODE_ADDRESS_AND_LIVENESS_CHANNEL
- cumulative published messages: 1
- cumulative published bytes: 89
- current buffered bytes: 0

[runtime env manager] ID to URIs table:
[runtime env manager] URIs reference table:

GcsTaskManager: 
-Total num task events reported: 10
-Total num status task events dropped: 0
-Total num profile events dropped: 0
-Current num of task events stored: 4
-Total num of actor creation tasks: 1
-Total num of actor tasks: 1
-Total num of normal tasks: 1
-Total num of driver tasks: 1

GcsAutoscalerStateManager: 
- last_seen_autoscaler_state_version_: 0
- last_cluster_resource_state_version_: 84
- pending demands:
	{bundle_group_adfc0b96fa53e5a35df41c354c0e01000000: 0.001, label_selectors: [{}, ]} * 1



[2025-11-28 15:43:45,085 I 672498 672498] (gcs_server) gcs_server.cc:940: Main service Event stats:


Global stats: 5454 total (6 active)
Queueing time: mean = 6.24ms, max = 1000.05ms, min = 0.00ms, total = 34046.62ms
Execution time:  mean = 10.18ms, total = 55495.99ms
Event stats:
	GcsInMemoryStore.Put - 1123 total (0 active), Execution time: mean = 0.88ms, total = 983.26ms, Queueing time: mean = 0.90ms, max = 977.34ms, min = 0.00ms, total = 1011.67ms
	InternalKVGcsService.grpc_server.InternalKVPut - 605 total (0 active), Execution time: mean = 0.20ms, total = 123.55ms, Queueing time: mean = 0.00ms, max = -0.00ms, min = 9223372036854.78ms, total = 0.00ms
	InternalKVGcsService.grpc_server.InternalKVPut.HandleRequestImpl - 605 total (0 active), Execution time: mean = 0.04ms, total = 24.42ms, Queueing time: mean = 0.02ms, max = 0.08ms, min = 0.01ms, total = 10.21ms
	RayletLoadPulled - 420 total (1 active), Execution time: mean = 0.12ms, total = 51.26ms, Queueing time: mean = 0.02ms, max = 0.03ms, min = 0.01ms, total = 6.95ms
	NodeManagerService.grpc_client.GetResourceLoad.OnReplyReceived - 416 total (0 active), Execution time: mean = 0.04ms, total = 14.93ms, Queueing time: mean = 0.02ms, max = 0.05ms, min = 0.01ms, total = 7.85ms
	NodeManagerService.grpc_client.GetResourceLoad - 416 total (0 active), Execution time: mean = 0.61ms, total = 252.60ms, Queueing time: mean = 0.00ms, max = -0.00ms, min = 9223372036854.78ms, total = 0.00ms
	GcsPlacementGroupManager.SchedulePendingPlacementGroups - 302 total (0 active), Execution time: mean = 0.00ms, total = 0.08ms, Queueing time: mean = 0.00ms, max = 0.07ms, min = 0.00ms, total = 1.45ms
	ClusterResourceManager.ResetRemoteNodeView - 141 total (1 active), Execution time: mean = 0.01ms, total = 0.74ms, Queueing time: mean = 0.02ms, max = 0.04ms, min = 0.01ms, total = 2.96ms
	HealthCheck - 136 total (0 active), Execution time: mean = 0.00ms, total = 0.65ms, Queueing time: mean = 0.02ms, max = 0.04ms, min = 0.01ms, total = 2.85ms
	GcsInMemoryStore.Get - 129 total (0 active), Execution time: mean = 0.02ms, total = 2.27ms, Queueing time: mean = 0.01ms, max = 0.03ms, min = 0.00ms, total = 0.85ms
	InternalKVGcsService.grpc_server.InternalKVGet.HandleRequestImpl - 127 total (0 active), Execution time: mean = 0.03ms, total = 3.94ms, Queueing time: mean = 0.02ms, max = 0.37ms, min = 0.01ms, total = 2.10ms
	InternalKVGcsService.grpc_server.InternalKVGet - 127 total (0 active), Execution time: mean = 0.22ms, total = 28.39ms, Queueing time: mean = 0.00ms, max = -0.00ms, min = 9223372036854.78ms, total = 0.00ms
	NodeInfoGcsService.grpc_server.CheckAlive.HandleRequestImpl - 90 total (0 active), Execution time: mean = 0.01ms, total = 1.10ms, Queueing time: mean = 0.02ms, max = 0.04ms, min = 0.01ms, total = 1.81ms
	NodeInfoGcsService.grpc_server.CheckAlive - 90 total (0 active), Execution time: mean = 0.20ms, total = 17.81ms, Queueing time: mean = 0.00ms, max = -0.00ms, min = 9223372036854.78ms, total = 0.00ms
	AutoscalerStateService.grpc_server.GetClusterResourceState - 84 total (0 active), Execution time: mean = 0.17ms, total = 14.46ms, Queueing time: mean = 0.00ms, max = -0.00ms, min = 9223372036854.78ms, total = 0.00ms
	NodeResourceInfoGcsService.grpc_server.GetAllResourceUsage.HandleRequestImpl - 84 total (0 active), Execution time: mean = 0.05ms, total = 4.21ms, Queueing time: mean = 0.02ms, max = 0.03ms, min = 0.01ms, total = 1.75ms
	NodeResourceInfoGcsService.grpc_server.GetAllResourceUsage - 84 total (0 active), Execution time: mean = 0.26ms, total = 21.61ms, Queueing time: mean = 0.00ms, max = -0.00ms, min = 9223372036854.78ms, total = 0.00ms
	GCSServer.deadline_timer.metrics_report - 84 total (1 active), Execution time: mean = 0.10ms, total = 8.07ms, Queueing time: mean = 0.02ms, max = 0.49ms, min = 0.00ms, total = 1.69ms
	AutoscalerStateService.grpc_server.GetClusterResourceState.HandleRequestImpl - 84 total (0 active), Execution time: mean = 0.04ms, total = 3.30ms, Queueing time: mean = 0.01ms, max = 0.04ms, min = 0.01ms, total = 1.24ms
	event_loop_lag_probe - 44 total (0 active), Execution time: mean = 0.01ms, total = 0.27ms, Queueing time: mean = 0.79ms, max = 34.33ms, min = 0.00ms, total = 34.60ms
	GCSServer.deadline_timer.gcs_global_gc - 42 total (1 active), Execution time: mean = 0.00ms, total = 0.16ms, Queueing time: mean = 0.14ms, max = 1.15ms, min = 0.01ms, total = 5.92ms
	ReporterService.grpc_client.HealthCheck.OnReplyReceived - 31 total (0 active), Execution time: mean = 0.03ms, total = 0.92ms, Queueing time: mean = 31.36ms, max = 971.79ms, min = 0.01ms, total = 972.29ms
	ReporterService.grpc_client.HealthCheck - 31 total (0 active), Execution time: mean = 0.20ms, total = 6.17ms, Queueing time: mean = 0.00ms, max = -0.00ms, min = 9223372036854.78ms, total = 0.00ms
	MetricsAgentClient.WaitForServerReadyWithRetry - 30 total (0 active), Execution time: mean = 0.08ms, total = 2.51ms, Queueing time: mean = 1000.02ms, max = 1000.05ms, min = 1000.01ms, total = 30000.54ms
	NodeInfoGcsService.grpc_server.GetClusterId - 10 total (0 active), Execution time: mean = 1.54ms, total = 15.35ms, Queueing time: mean = 0.00ms, max = -0.00ms, min = 9223372036854.78ms, total = 0.00ms
	NodeInfoGcsService.grpc_server.GetClusterId.HandleRequestImpl - 10 total (0 active), Execution time: mean = 0.38ms, total = 3.85ms, Queueing time: mean = 0.87ms, max = 8.47ms, min = 0.01ms, total = 8.66ms
	GcsInMemoryStore.GetAll - 8 total (0 active), Execution time: mean = 0.02ms, total = 0.13ms, Queueing time: mean = 0.05ms, max = 0.10ms, min = 0.00ms, total = 0.38ms
	GCSServer.deadline_timer.debug_state_event_stats_print - 7 total (1 active, 1 running), Execution time: mean = 0.84ms, total = 5.89ms, Queueing time: mean = 0.01ms, max = 0.01ms, min = 0.01ms, total = 0.07ms
	NodeInfoGcsService.grpc_server.GetAllNodeInfo.HandleRequestImpl - 7 total (0 active), Execution time: mean = 0.02ms, total = 0.13ms, Queueing time: mean = 0.01ms, max = 0.02ms, min = 0.01ms, total = 0.08ms
	NodeInfoGcsService.grpc_server.GetAllNodeInfo - 7 total (0 active), Execution time: mean = 0.15ms, total = 1.07ms, Queueing time: mean = 0.00ms, max = -0.00ms, min = 9223372036854.78ms, total = 0.00ms
	PeriodicalRunner.RunFnPeriodically - 5 total (0 active), Execution time: mean = 0.13ms, total = 0.64ms, Queueing time: mean = 393.88ms, max = 978.61ms, min = 3.95ms, total = 1969.40ms
	NodeInfoGcsService.grpc_server.GetAllNodeAddressAndLiveness - 4 total (0 active), Execution time: mean = 0.24ms, total = 0.95ms, Queueing time: mean = 0.00ms, max = -0.00ms, min = 9223372036854.78ms, total = 0.00ms
	NodeInfoGcsService.grpc_server.GetAllNodeAddressAndLiveness.HandleRequestImpl - 4 total (0 active), Execution time: mean = 0.01ms, total = 0.03ms, Queueing time: mean = 0.12ms, max = 0.45ms, min = 0.01ms, total = 0.48ms
	GcsResourceManager::Update - 4 total (0 active), Execution time: mean = 0.04ms, total = 0.18ms, Queueing time: mean = 0.01ms, max = 0.01ms, min = 0.01ms, total = 0.04ms
	GcsHealthCheckManager::MarkNodeHealthy - 4 total (0 active), Execution time: mean = 0.00ms, total = 0.00ms, Queueing time: mean = 0.01ms, max = 0.01ms, min = 0.01ms, total = 0.05ms
	WorkerInfoGcsService.grpc_server.AddWorkerInfo - 3 total (0 active), Execution time: mean = 0.19ms, total = 0.57ms, Queueing time: mean = 0.00ms, max = -0.00ms, min = 9223372036854.78ms, total = 0.00ms
	GcsInMemoryStore.Keys - 3 total (0 active), Execution time: mean = 0.01ms, total = 0.03ms, Queueing time: mean = 0.01ms, max = 0.01ms, min = 0.01ms, total = 0.02ms
	InternalKVGcsService.grpc_server.InternalKVKeys - 3 total (0 active), Execution time: mean = 0.18ms, total = 0.55ms, Queueing time: mean = 0.00ms, max = -0.00ms, min = 9223372036854.78ms, total = 0.00ms
	InternalKVGcsService.grpc_server.InternalKVKeys.HandleRequestImpl - 3 total (0 active), Execution time: mean = 0.04ms, total = 0.11ms, Queueing time: mean = 0.01ms, max = 0.02ms, min = 0.01ms, total = 0.04ms
	WorkerInfoGcsService.grpc_server.AddWorkerInfo.HandleRequestImpl - 3 total (0 active), Execution time: mean = 0.03ms, total = 0.08ms, Queueing time: mean = 0.01ms, max = 0.02ms, min = 0.01ms, total = 0.04ms
	JobInfoGcsService.grpc_server.GetAllJobInfo - 2 total (0 active), Execution time: mean = 0.17ms, total = 0.34ms, Queueing time: mean = 0.00ms, max = -0.00ms, min = 9223372036854.78ms, total = 0.00ms
	JobInfoGcsService.grpc_server.GetAllJobInfo.HandleRequestImpl - 2 total (0 active), Execution time: mean = 0.02ms, total = 0.04ms, Queueing time: mean = 0.01ms, max = 0.01ms, min = 0.01ms, total = 0.03ms
	GcsInMemoryStore.GetNextJobID - 1 total (0 active), Execution time: mean = 0.00ms, total = 0.00ms, Queueing time: mean = 0.00ms, max = 0.00ms, min = 0.00ms, total = 0.00ms
	NodeInfoGcsService.grpc_server.RegisterNode.HandleRequestImpl - 1 total (0 active), Execution time: mean = 0.09ms, total = 0.09ms, Queueing time: mean = 0.02ms, max = 0.02ms, min = 0.02ms, total = 0.02ms
	NodeManagerService.grpc_client.RequestWorkerLease - 1 total (0 active), Execution time: mean = 2009.14ms, total = 2009.14ms, Queueing time: mean = 0.00ms, max = -0.00ms, min = 9223372036854.78ms, total = 0.00ms
	InternalKVGcsService.grpc_server.InternalKVExists.HandleRequestImpl - 1 total (0 active), Execution time: mean = 0.04ms, total = 0.04ms, Queueing time: mean = 0.01ms, max = 0.01ms, min = 0.01ms, total = 0.01ms
	PlacementGroupInfoGcsService.grpc_server.GetPlacementGroup.HandleRequestImpl - 1 total (0 active), Execution time: mean = 0.02ms, total = 0.02ms, Queueing time: mean = 0.01ms, max = 0.01ms, min = 0.01ms, total = 0.01ms
	JobInfoGcsService.grpc_server.GetNextJobID - 1 total (0 active), Execution time: mean = 0.12ms, total = 0.12ms, Queueing time: mean = 0.00ms, max = -0.00ms, min = 9223372036854.78ms, total = 0.00ms
	GcsInitData::AsyncLoad - 1 total (0 active), Execution time: mean = 0.01ms, total = 0.01ms, Queueing time: mean = 0.00ms, max = 0.00ms, min = 0.00ms, total = 0.00ms
	ActorInfoGcsService.grpc_server.GetActorInfo.HandleRequestImpl - 1 total (0 active), Execution time: mean = 0.02ms, total = 0.02ms, Queueing time: mean = 0.01ms, max = 0.01ms, min = 0.01ms, total = 0.01ms
	JobInfoGcsService.grpc_server.GetNextJobID.HandleRequestImpl - 1 total (0 active), Execution time: mean = 0.01ms, total = 0.01ms, Queueing time: mean = 0.01ms, max = 0.01ms, min = 0.01ms, total = 0.01ms
	JobInfoGcsService.grpc_server.AddJob.HandleRequestImpl - 1 total (0 active), Execution time: mean = 0.10ms, total = 0.10ms, Queueing time: mean = 0.03ms, max = 0.03ms, min = 0.03ms, total = 0.03ms
	CoreWorkerService.grpc_client.PushTask - 1 total (0 active), Execution time: mean = 24448.09ms, total = 24448.09ms, Queueing time: mean = 0.00ms, max = -0.00ms, min = 9223372036854.78ms, total = 0.00ms
	InternalKVGcsService.grpc_server.InternalKVMultiGet - 1 total (0 active), Execution time: mean = 0.18ms, total = 0.18ms, Queueing time: mean = 0.00ms, max = -0.00ms, min = 9223372036854.78ms, total = 0.00ms
	NodeInfoGcsService.grpc_server.RegisterNode - 1 total (0 active), Execution time: mean = 0.53ms, total = 0.53ms, Queueing time: mean = 0.00ms, max = -0.00ms, min = 9223372036854.78ms, total = 0.00ms
	InternalKVGcsService.grpc_server.InternalKVDel - 1 total (0 active), Execution time: mean = 0.50ms, total = 0.50ms, Queueing time: mean = 0.00ms, max = -0.00ms, min = 9223372036854.78ms, total = 0.00ms
	NodeResourceInfoGcsService.grpc_server.GetAllAvailableResources.HandleRequestImpl - 1 total (0 active), Execution time: mean = 0.03ms, total = 0.03ms, Queueing time: mean = 0.02ms, max = 0.02ms, min = 0.02ms, total = 0.02ms
	JobInfoGcsService.grpc_server.AddJob - 1 total (0 active), Execution time: mean = 0.39ms, total = 0.39ms, Queueing time: mean = 0.00ms, max = -0.00ms, min = 9223372036854.78ms, total = 0.00ms
	WorkerInfoGcsService.grpc_server.ReportWorkerFailure - 1 total (0 active), Execution time: mean = 1.66ms, total = 1.66ms, Queueing time: mean = 0.00ms, max = -0.00ms, min = 9223372036854.78ms, total = 0.00ms
	CoreWorkerService.grpc_client.PushTask.OnReplyReceived - 1 total (0 active), Execution time: mean = 0.21ms, total = 0.21ms, Queueing time: mean = 0.02ms, max = 0.02ms, min = 0.02ms, total = 0.02ms
	GcsInMemoryStore.Delete - 1 total (0 active), Execution time: mean = 0.01ms, total = 0.01ms, Queueing time: mean = 0.01ms, max = 0.01ms, min = 0.01ms, total = 0.01ms
	ActorInfoGcsService.grpc_server.RegisterActor - 1 total (0 active), Execution time: mean = 0.77ms, total = 0.77ms, Queueing time: mean = 0.00ms, max = -0.00ms, min = 9223372036854.78ms, total = 0.00ms
	PlacementGroupInfoGcsService.grpc_server.GetPlacementGroup - 1 total (0 active), Execution time: mean = 0.14ms, total = 0.14ms, Queueing time: mean = 0.00ms, max = -0.00ms, min = 9223372036854.78ms, total = 0.00ms
	NodeManager.AddNodeCallback - 1 total (0 active), Execution time: mean = 0.43ms, total = 0.43ms, Queueing time: mean = 0.28ms, max = 0.28ms, min = 0.28ms, total = 0.28ms
	InternalKVGcsService.grpc_server.GetInternalConfig.HandleRequestImpl - 1 total (0 active), Execution time: mean = 0.02ms, total = 0.02ms, Queueing time: mean = 0.02ms, max = 0.02ms, min = 0.02ms, total = 0.02ms
	InternalKVGcsService.grpc_server.InternalKVExists - 1 total (0 active), Execution time: mean = 0.17ms, total = 0.17ms, Queueing time: mean = 0.00ms, max = -0.00ms, min = 9223372036854.78ms, total = 0.00ms
	ActorInfoGcsService.grpc_server.CreateActor - 1 total (0 active), Execution time: mean = 26458.67ms, total = 26458.67ms, Queueing time: mean = 0.00ms, max = -0.00ms, min = 9223372036854.78ms, total = 0.00ms
	InternalKVGcsService.grpc_server.GetInternalConfig - 1 total (0 active), Execution time: mean = 0.27ms, total = 0.27ms, Queueing time: mean = 0.00ms, max = -0.00ms, min = 9223372036854.78ms, total = 0.00ms
	ActorInfoGcsService.grpc_server.RegisterActor.HandleRequestImpl - 1 total (0 active), Execution time: mean = 0.60ms, total = 0.60ms, Queueing time: mean = 0.02ms, max = 0.02ms, min = 0.02ms, total = 0.02ms
	InternalKVGcsService.grpc_server.InternalKVMultiGet.HandleRequestImpl - 1 total (0 active), Execution time: mean = 0.05ms, total = 0.05ms, Queueing time: mean = 0.01ms, max = 0.01ms, min = 0.01ms, total = 0.01ms
	PlacementGroupInfoGcsService.grpc_server.CreatePlacementGroup - 1 total (0 active), Execution time: mean = 0.32ms, total = 0.32ms, Queueing time: mean = 0.00ms, max = -0.00ms, min = 9223372036854.78ms, total = 0.00ms
	InternalKVGcsService.grpc_server.InternalKVDel.HandleRequestImpl - 1 total (0 active), Execution time: mean = 0.03ms, total = 0.03ms, Queueing time: mean = 0.01ms, max = 0.01ms, min = 0.01ms, total = 0.01ms
	CoreWorkerService.grpc_client.WaitForActorRefDeleted - 1 total (1 active), Execution time: mean = 0.00ms, total = 0.00ms, Queueing time: mean = 0.00ms, max = -0.00ms, min = 9223372036854.78ms, total = 0.00ms
	NodeResourceInfoGcsService.grpc_server.GetAllAvailableResources - 1 total (0 active), Execution time: mean = 0.28ms, total = 0.28ms, Queueing time: mean = 0.00ms, max = -0.00ms, min = 9223372036854.78ms, total = 0.00ms
	NodeManagerService.grpc_client.RequestWorkerLease.OnReplyReceived - 1 total (0 active), Execution time: mean = 0.40ms, total = 0.40ms, Queueing time: mean = 0.02ms, max = 0.02ms, min = 0.02ms, total = 0.02ms
	ActorInfoGcsService.grpc_server.GetActorInfo - 1 total (0 active), Execution time: mean = 0.15ms, total = 0.15ms, Queueing time: mean = 0.00ms, max = -0.00ms, min = 9223372036854.78ms, total = 0.00ms
	ActorInfoGcsService.grpc_server.CreateActor.HandleRequestImpl - 1 total (0 active), Execution time: mean = 0.58ms, total = 0.58ms, Queueing time: mean = 0.02ms, max = 0.02ms, min = 0.02ms, total = 0.02ms
	GcsInMemoryStore.Exists - 1 total (0 active), Execution time: mean = 0.01ms, total = 0.01ms, Queueing time: mean = 0.01ms, max = 0.01ms, min = 0.01ms, total = 0.01ms
	WorkerInfoGcsService.grpc_server.ReportWorkerFailure.HandleRequestImpl - 1 total (0 active), Execution time: mean = 0.04ms, total = 0.04ms, Queueing time: mean = 0.03ms, max = 0.03ms, min = 0.03ms, total = 0.03ms
	GcsHealthCheckManager::AddNode - 1 total (0 active), Execution time: mean = 0.01ms, total = 0.01ms, Queueing time: mean = 0.00ms, max = 0.00ms, min = 0.00ms, total = 0.00ms
	PlacementGroupInfoGcsService.grpc_server.CreatePlacementGroup.HandleRequestImpl - 1 total (0 active), Execution time: mean = 0.15ms, total = 0.15ms, Queueing time: mean = 0.01ms, max = 0.01ms, min = 0.01ms, total = 0.01ms
	GcsServer.GetOrGenerateClusterId.continuation - 1 total (0 active), Execution time: mean = 975.13ms, total = 975.13ms, Queueing time: mean = 0.00ms, max = 0.00ms, min = 0.00ms, total = 0.00ms


[2025-11-28 15:43:45,085 I 672498 672498] (gcs_server) gcs_server.cc:944: task_io_context Event stats:


Global stats: 1640 total (1 active)
Queueing time: mean = 0.01ms, max = 0.57ms, min = 0.00ms, total = 16.38ms
Execution time:  mean = 0.08ms, total = 130.82ms
Event stats:
	TaskInfoGcsService.grpc_server.AddTaskEventData.HandleRequestImpl - 755 total (0 active), Execution time: mean = 0.01ms, total = 5.10ms, Queueing time: mean = 0.02ms, max = 0.04ms, min = 0.01ms, total = 14.16ms
	TaskInfoGcsService.grpc_server.AddTaskEventData - 755 total (0 active), Execution time: mean = 0.16ms, total = 124.29ms, Queueing time: mean = 0.00ms, max = -0.00ms, min = 9223372036854.78ms, total = 0.00ms
	GcsTaskManager.GcJobSummary - 85 total (1 active), Execution time: mean = 0.00ms, total = 0.42ms, Queueing time: mean = 0.02ms, max = 0.03ms, min = 0.01ms, total = 1.41ms
	event_loop_lag_probe - 44 total (0 active), Execution time: mean = 0.02ms, total = 1.00ms, Queueing time: mean = 0.02ms, max = 0.57ms, min = 0.00ms, total = 0.80ms
	PeriodicalRunner.RunFnPeriodically - 1 total (0 active), Execution time: mean = 0.02ms, total = 0.02ms, Queueing time: mean = 0.02ms, max = 0.02ms, min = 0.02ms, total = 0.02ms


[2025-11-28 15:43:45,085 I 672498 672498] (gcs_server) gcs_server.cc:944: pubsub_io_context Event stats:


Global stats: 82 total (6 active)
Queueing time: mean = 0.02ms, max = 0.77ms, min = 0.00ms, total = 1.44ms
Execution time:  mean = 839.36ms, total = 68827.62ms
Event stats:
	event_loop_lag_probe - 44 total (0 active), Execution time: mean = 0.02ms, total = 0.86ms, Queueing time: mean = 0.02ms, max = 0.77ms, min = 0.00ms, total = 1.01ms
	InternalPubSubGcsService.grpc_server.GcsSubscriberPoll.HandleRequestImpl - 9 total (0 active), Execution time: mean = 0.03ms, total = 0.27ms, Queueing time: mean = 0.03ms, max = 0.12ms, min = 0.01ms, total = 0.25ms
	InternalPubSubGcsService.grpc_server.GcsSubscriberPoll - 9 total (5 active), Execution time: mean = 7647.18ms, total = 68824.62ms, Queueing time: mean = 0.00ms, max = -0.00ms, min = 9223372036854.78ms, total = 0.00ms
	InternalPubSubGcsService.grpc_server.GcsSubscriberCommandBatch.HandleRequestImpl - 8 total (0 active), Execution time: mean = 0.05ms, total = 0.44ms, Queueing time: mean = 0.02ms, max = 0.02ms, min = 0.01ms, total = 0.13ms
	InternalPubSubGcsService.grpc_server.GcsSubscriberCommandBatch - 8 total (0 active), Execution time: mean = 0.18ms, total = 1.41ms, Queueing time: mean = 0.00ms, max = -0.00ms, min = 9223372036854.78ms, total = 0.00ms
	Publisher.CheckDeadSubscribers - 2 total (1 active), Execution time: mean = 0.00ms, total = 0.01ms, Queueing time: mean = 0.01ms, max = 0.02ms, min = 0.02ms, total = 0.02ms
	RemoveSubscriberFrom - 1 total (0 active), Execution time: mean = 0.01ms, total = 0.01ms, Queueing time: mean = 0.02ms, max = 0.02ms, min = 0.02ms, total = 0.02ms
	PeriodicalRunner.RunFnPeriodically - 1 total (0 active), Execution time: mean = 0.01ms, total = 0.01ms, Queueing time: mean = 0.02ms, max = 0.02ms, min = 0.02ms, total = 0.02ms


[2025-11-28 15:43:45,085 I 672498 672498] (gcs_server) gcs_server.cc:944: ray_syncer_io_context Event stats:


Global stats: 54 total (0 active)
Queueing time: mean = 0.03ms, max = 1.29ms, min = 0.00ms, total = 1.75ms
Execution time:  mean = 0.03ms, total = 1.44ms
Event stats:
	event_loop_lag_probe - 44 total (0 active), Execution time: mean = 0.02ms, total = 0.97ms, Queueing time: mean = 0.04ms, max = 1.29ms, min = 0.00ms, total = 1.60ms
	RaySyncer.BroadcastMessage - 4 total (0 active), Execution time: mean = 0.01ms, total = 0.04ms, Queueing time: mean = 0.00ms, max = 0.00ms, min = 0.00ms, total = 0.00ms
	 - 4 total (0 active), Execution time: mean = 0.10ms, total = 0.42ms, Queueing time: mean = 0.02ms, max = 0.03ms, min = 0.01ms, total = 0.09ms
	RaySyncerRegister - 2 total (0 active), Execution time: mean = 0.00ms, total = 0.01ms, Queueing time: mean = 0.03ms, max = 0.04ms, min = 0.02ms, total = 0.06ms


[2025-11-28 15:43:45,085 I 672498 672498] (gcs_server) gcs_server.cc:944: ray_event_io_context Event stats:


Global stats: 44 total (0 active)
Queueing time: mean = 0.03ms, max = 1.12ms, min = 0.00ms, total = 1.36ms
Execution time:  mean = 0.02ms, total = 0.69ms
Event stats:
	event_loop_lag_probe - 44 total (0 active), Execution time: mean = 0.02ms, total = 0.69ms, Queueing time: mean = 0.03ms, max = 1.12ms, min = 0.00ms, total = 1.36ms


2025-11-28 15:43:46,672	INFO (monitor) autoscaler.py:147 -- The autoscaler took 0.0 seconds to fetch the list of non-terminated nodes.
2025-11-28 15:43:46,672	INFO (monitor) autoscaler.py:408 -- 
======== Autoscaler status: 2025-11-28 15:43:46.672819 ========
Node status
---------------------------------------------------------------
Active:
 1 node_fbb9841b3107256f006a4e24c5be7456a673f220f17e763ce1348e9e
Pending:
 (no pending nodes)
Recent failures:
 (no failures)

Resources
---------------------------------------------------------------
Total Usage:
 1.0/1.0 CPU
 0.0/1.0 GPU
 0B/349.75GiB memory
 0B/149.89GiB object_store_memory

From request_resources:
 (none)
Pending Demands:
 {'CPU': 1.0, 'GPU': 1.0} * 1 (STRICT_PACK): 1+ pending placement groups
2025-11-28 15:43:46,673	INFO (monitor) autoscaler.py:463 -- The autoscaler took 0.001 seconds to complete the update iteration.
[2025-11-28 15:43:47,969 I 672801 672824] (raylet) store.cc:572: Plasma store debug dump: 
Current usage: 0 / 160.946 GB
- num bytes created total: 24
0 pending objects of total size 0MB
- objects spillable: 0
- bytes spillable: 0
- objects unsealed: 0
- bytes unsealed: 0
- objects in use: 0
- bytes in use: 0
- objects evictable: 0
- bytes evictable: 0

- objects created by worker: 0
- bytes created by worker: 0
- objects restored: 0
- bytes restored: 0
- objects received: 0
- bytes received: 0
- objects errored: 0
- bytes errored: 0

[2025-11-28 15:43:48,998 I 672801 672801] (raylet) node_manager.cc:440: [state-dump] NodeManager:
[state-dump] Node ID: fbb9841b3107256f006a4e24c5be7456a673f220f17e763ce1348e9e
[state-dump] Node name: 10.102.35.9
[state-dump] InitialConfigResources: {accelerator_type:A100: 1, CPU: 1, memory: 3.75541e+11, GPU: 1, node:10.102.35.9: 1, object_store_memory: 1.60946e+11, node:__internal_head__: 1}
[state-dump] ClusterLeaseManager:
[state-dump] ========== Node: fbb9841b3107256f006a4e24c5be7456a673f220f17e763ce1348e9e =================
[state-dump] Infeasible queue length: 1
[state-dump] Schedule queue length: 0
[state-dump] Grant queue length: 0
[state-dump] num_waiting_for_resource: 0
[state-dump] num_waiting_for_plasma_memory: 0
[state-dump] num_waiting_for_remote_node_resources: 0
[state-dump] num_worker_not_started_by_job_config_not_exist: 0
[state-dump] num_worker_not_started_by_registration_timeout: 0
[state-dump] num_tasks_waiting_for_workers: 0
[state-dump] num_cancelled_leases: 0
[state-dump] cluster_resource_scheduler state: 
[state-dump] Local id: -6166997991266946165 Local resources: {"total":{GPU: [10000], node:10.102.35.9: [10000], CPU: [10000], node:__internal_head__: [10000], memory: [3755414892550000], object_store_memory: [1609463525370000], accelerator_type:A100: [10000]}}, "available": {GPU: [10000], node:10.102.35.9: [10000], CPU: [0], node:__internal_head__: [10000], memory: [3755414892550000], object_store_memory: [1609463525370000], accelerator_type:A100: [10000]}}, "labels":{"ray.io/node-id":"fbb9841b3107256f006a4e24c5be7456a673f220f17e763ce1348e9e","ray.io/accelerator-type":"A100",} is_draining: 0 is_idle: 0 Cluster resources (at most 20 nodes are shown): node id: -6166997991266946165{"total":{node:10.102.35.9: 10000, GPU: 10000, CPU: 10000, object_store_memory: 1609463525370000, memory: 3755414892550000, accelerator_type:A100: 10000, node:__internal_head__: 10000}}, "available": {object_store_memory: 1609463525370000, memory: 3755414892550000, accelerator_type:A100: 10000, GPU: 10000, node:10.102.35.9: 10000, node:__internal_head__: 10000}}, "labels":{"ray.io/node-id":"fbb9841b3107256f006a4e24c5be7456a673f220f17e763ce1348e9e","ray.io/accelerator-type":"A100",}, "is_draining": 0, "draining_deadline_timestamp_ms": -1} { "placement group locations": [], "node to bundles": []}
[state-dump] Waiting leases size: 0
[state-dump] Number of granted lease arguments: 0
[state-dump] Number of pinned lease arguments: 0
[state-dump] Number of total spilled leases: 0
[state-dump] Number of spilled waiting leases: 0
[state-dump] Number of spilled unschedulable leases: 0
[state-dump] Resource usage {
[state-dump]     - (language=PYTHON actor_or_taskTaskRunner.__init__ pid=673348 worker_id=3293f9baf9f0772a29df934ce9aa40562820dbe52583e5e641f030c5): {CPU: 1}
[state-dump] }
[state-dump] Backlog Size per scheduling descriptor :{workerId: num backlogs}:
[state-dump] 
[state-dump] Granted leases by scheduling class:
[state-dump] ==================================================
[state-dump] 
[state-dump] ClusterResources:
[state-dump] LocalObjectManager:
[state-dump] - num pinned objects: 0
[state-dump] - pinned objects size: 0
[state-dump] - num objects pending restore: 0
[state-dump] - num objects pending spill: 0
[state-dump] - num bytes pending spill: 0
[state-dump] - num bytes currently spilled: 0
[state-dump] - cumulative spill requests: 0
[state-dump] - cumulative restore requests: 0
[state-dump] - spilled objects pending delete: 0
[state-dump] 
[state-dump] ObjectManager:
[state-dump] - num local objects: 0
[state-dump] - num unfulfilled push requests: 0
[state-dump] - num object pull requests: 0
[state-dump] - num chunks received total: 0
[state-dump] - num chunks received failed (all): 0
[state-dump] - num chunks received failed / cancelled: 0
[state-dump] - num chunks received failed / plasma error: 0
[state-dump] Event stats:
[state-dump] Global stats: 0 total (0 active)
[state-dump] Queueing time: mean = -nanms, max = -0.00ms, min = 9223372036854.78ms, total = 0.00ms
[state-dump] Execution time:  mean = -nanms, total = 0.00ms
[state-dump] Event stats:
[state-dump] PushManager:
[state-dump] - num pushes remaining: 0
[state-dump] - num chunks in flight: 0
[state-dump] - num chunks remaining: 0
[state-dump] - max chunks allowed: 409
[state-dump] OwnershipBasedObjectDirectory:
[state-dump] - num listeners: 0
[state-dump] - cumulative location updates: 0
[state-dump] - num location updates per second: 0.000
[state-dump] - num location lookups per second: 0.000
[state-dump] - num locations added per second: 0.000
[state-dump] - num locations removed per second: 0.000
[state-dump] BufferPool:
[state-dump] - create buffer state map size: 0
[state-dump] PullManager:
[state-dump] - num bytes available for pulled objects: 160946352537
[state-dump] - num bytes being pulled (all): 0
[state-dump] - num bytes being pulled / pinned: 0
[state-dump] - get request bundles: BundlePullRequestQueue{0 total, 0 active, 0 inactive, 0 unpullable}
[state-dump] - wait request bundles: BundlePullRequestQueue{0 total, 0 active, 0 inactive, 0 unpullable}
[state-dump] - task request bundles: BundlePullRequestQueue{0 total, 0 active, 0 inactive, 0 unpullable}
[state-dump] - first get request bundle: N/A
[state-dump] - first wait request bundle: N/A
[state-dump] - first task request bundle: N/A
[state-dump] - num objects queued: 0
[state-dump] - num objects actively pulled (all): 0
[state-dump] - num objects actively pulled / pinned: 0
[state-dump] - num bundles being pulled: 0
[state-dump] - num pull retries: 0
[state-dump] - max timeout seconds: 0
[state-dump] - max timeout request is already processed. No entry.
[state-dump] 
[state-dump] WorkerPool:
[state-dump] - registered jobs: 1
[state-dump] - process_failed_job_config_missing: 0
[state-dump] - process_failed_rate_limited: 0
[state-dump] - process_failed_pending_registration: 0
[state-dump] - process_failed_runtime_env_setup_failed: 0
[state-dump] - num JAVA workers: 0
[state-dump] - num JAVA drivers: 0
[state-dump] - num JAVA pending start requests: 0
[state-dump] - num JAVA pending registration requests: 0
[state-dump] - num object spill callbacks queued: 0
[state-dump] - num object restore queued: 0
[state-dump] - num util functions queued: 0
[state-dump] - num PYTHON workers: 1
[state-dump] - num PYTHON drivers: 1
[state-dump] - num PYTHON pending start requests: 0
[state-dump] - num PYTHON pending registration requests: 0
[state-dump] - num object spill callbacks queued: 0
[state-dump] - num object restore queued: 0
[state-dump] - num util functions queued: 0
[state-dump] - num idle workers: 0
[state-dump] LeaseDependencyManager:
[state-dump] - lease deps map size: 0
[state-dump] - get req map size: 0
[state-dump] - wait req map size: 0
[state-dump] - local objects map size: 0
[state-dump] WaitManager:
[state-dump] - num active wait requests: 0
[state-dump] Subscriber:
[state-dump] Channel WORKER_OBJECT_EVICTION
[state-dump] - cumulative subscribe requests: 0
[state-dump] - cumulative unsubscribe requests: 0
[state-dump] - active subscribed publishers: 0
[state-dump] - cumulative published messages: 0
[state-dump] - cumulative processed messages: 0
[state-dump] Channel WORKER_OBJECT_LOCATIONS_CHANNEL
[state-dump] - cumulative subscribe requests: 0
[state-dump] - cumulative unsubscribe requests: 0
[state-dump] - active subscribed publishers: 0
[state-dump] - cumulative published messages: 0
[state-dump] - cumulative processed messages: 0
[state-dump] Channel WORKER_REF_REMOVED_CHANNEL
[state-dump] - cumulative subscribe requests: 0
[state-dump] - cumulative unsubscribe requests: 0
[state-dump] - active subscribed publishers: 0
[state-dump] - cumulative published messages: 0
[state-dump] - cumulative processed messages: 0
[state-dump] num async plasma notifications: 0
[state-dump] Event stats:
[state-dump] Global stats: 20947 total (18 active)
[state-dump] Queueing time: mean = 2.73ms, max = 24446.82ms, min = -0.03ms, total = 57191.60ms
[state-dump] Execution time:  mean = 2.16ms, total = 45165.61ms
[state-dump] Event stats:
[state-dump] 	ObjectManager.UpdateAvailableMemory - 4200 total (0 active), Execution time: mean = 0.00ms, total = 2.69ms, Queueing time: mean = 0.01ms, max = 0.09ms, min = 0.00ms, total = 33.41ms
[state-dump] 	NodeManager.CheckGC - 4200 total (1 active), Execution time: mean = 0.00ms, total = 2.97ms, Queueing time: mean = 0.02ms, max = 6.32ms, min = 0.00ms, total = 77.16ms
[state-dump] 	RaySyncer.OnDemandBroadcasting - 4200 total (1 active), Execution time: mean = 0.00ms, total = 6.04ms, Queueing time: mean = 0.02ms, max = 6.31ms, min = -0.00ms, total = 74.32ms
[state-dump] 	RayletWorkerPool.deadline_timer.kill_idle_workers - 2100 total (1 active), Execution time: mean = 0.00ms, total = 3.42ms, Queueing time: mean = 0.02ms, max = 0.80ms, min = 0.01ms, total = 37.21ms
[state-dump] 	MemoryMonitor.CheckIsMemoryUsageAboveThreshold - 1678 total (1 active), Execution time: mean = 0.39ms, total = 658.86ms, Queueing time: mean = 0.01ms, max = 0.04ms, min = -0.00ms, total = 24.76ms
[state-dump] 	NodeManagerService.grpc_server.ReportWorkerBacklog.HandleRequestImpl - 761 total (0 active), Execution time: mean = 0.04ms, total = 29.82ms, Queueing time: mean = 0.02ms, max = 0.25ms, min = 0.01ms, total = 11.47ms
[state-dump] 	NodeManagerService.grpc_server.ReportWorkerBacklog - 761 total (0 active), Execution time: mean = 0.20ms, total = 152.31ms, Queueing time: mean = 0.00ms, max = -0.00ms, min = 9223372036854.78ms, total = 0.00ms
[state-dump] 	NodeManager.deadline_timer.flush_free_objects - 420 total (1 active), Execution time: mean = 0.00ms, total = 0.47ms, Queueing time: mean = 0.09ms, max = 0.97ms, min = 0.01ms, total = 37.16ms
[state-dump] 	NodeManager.CheckForUnexpectedWorkerDisconnects - 420 total (1 active), Execution time: mean = 0.01ms, total = 2.66ms, Queueing time: mean = 0.02ms, max = 1.15ms, min = -0.00ms, total = 7.94ms
[state-dump] 	NodeManagerService.grpc_server.GetResourceLoad.HandleRequestImpl - 420 total (0 active), Execution time: mean = 0.06ms, total = 24.14ms, Queueing time: mean = 0.02ms, max = 0.32ms, min = 0.01ms, total = 6.52ms
[state-dump] 	NodeManagerService.grpc_server.GetResourceLoad - 420 total (0 active), Execution time: mean = 0.26ms, total = 108.02ms, Queueing time: mean = 0.00ms, max = -0.00ms, min = 9223372036854.78ms, total = 0.00ms
[state-dump] 	NodeManager.ScheduleAndGrantLeases - 420 total (1 active), Execution time: mean = 0.01ms, total = 2.96ms, Queueing time: mean = 0.02ms, max = 1.15ms, min = 0.00ms, total = 7.66ms
[state-dump] 	NodeManager.deadline_timer.spill_objects_when_over_threshold - 420 total (1 active), Execution time: mean = 0.00ms, total = 0.48ms, Queueing time: mean = 0.09ms, max = 0.97ms, min = 0.01ms, total = 37.17ms
[state-dump] 	ClusterResourceManager.ResetRemoteNodeView - 141 total (1 active), Execution time: mean = 0.00ms, total = 0.30ms, Queueing time: mean = 0.02ms, max = 0.03ms, min = 0.01ms, total = 2.30ms
[state-dump] 	NodeManager.deadline_timer.record_metrics - 84 total (1 active), Execution time: mean = 0.12ms, total = 10.41ms, Queueing time: mean = 0.32ms, max = 0.94ms, min = 0.01ms, total = 27.11ms
[state-dump] 	event_loop_lag_probe - 44 total (0 active), Execution time: mean = 0.02ms, total = 0.78ms, Queueing time: mean = 0.28ms, max = 12.24ms, min = 0.00ms, total = 12.37ms
[state-dump] 	NodeManager.deadline_timer.debug_state_dump - 42 total (1 active), Execution time: mean = 0.86ms, total = 36.27ms, Queueing time: mean = 0.01ms, max = 0.03ms, min = -0.03ms, total = 0.51ms
[state-dump] 	ReporterService.grpc_client.HealthCheck.OnReplyReceived - 31 total (0 active), Execution time: mean = 0.03ms, total = 0.86ms, Queueing time: mean = 0.02ms, max = 0.24ms, min = 0.00ms, total = 0.54ms
[state-dump] 	ReporterService.grpc_client.HealthCheck - 31 total (0 active), Execution time: mean = 0.16ms, total = 4.89ms, Queueing time: mean = 0.00ms, max = -0.00ms, min = 9223372036854.78ms, total = 0.00ms
[state-dump] 	MetricsAgentClient.WaitForServerReadyWithRetry - 30 total (0 active), Execution time: mean = 0.09ms, total = 2.76ms, Queueing time: mean = 1000.01ms, max = 1000.02ms, min = 1000.01ms, total = 30000.42ms
[state-dump] 	PeriodicalRunner.RunFnPeriodically - 14 total (0 active), Execution time: mean = 0.20ms, total = 2.78ms, Queueing time: mean = 5.10ms, max = 15.84ms, min = 0.04ms, total = 71.38ms
[state-dump] 	ClientConnection.async_read.ProcessMessageHeader - 14 total (2 active), Execution time: mean = 0.00ms, total = 0.06ms, Queueing time: mean = 1908.23ms, max = 24446.82ms, min = 0.03ms, total = 26715.22ms
[state-dump] 	ClientConnection.async_read.ProcessMessage - 12 total (0 active), Execution time: mean = 0.64ms, total = 7.69ms, Queueing time: mean = 0.01ms, max = 0.02ms, min = 0.00ms, total = 0.07ms
[state-dump] 	ray::rpc::NodeInfoGcsService.grpc_client.CheckAlive - 7 total (0 active), Execution time: mean = 0.75ms, total = 5.23ms, Queueing time: mean = 0.00ms, max = -0.00ms, min = 9223372036854.78ms, total = 0.00ms
[state-dump] 	NodeManager.deadline_timer.print_event_loop_stats - 7 total (1 active, 1 running), Execution time: mean = 0.84ms, total = 5.87ms, Queueing time: mean = 0.01ms, max = 0.02ms, min = 0.01ms, total = 0.08ms
[state-dump] 	ray::rpc::NodeInfoGcsService.grpc_client.CheckAlive.OnReplyReceived - 7 total (0 active), Execution time: mean = 0.02ms, total = 0.12ms, Queueing time: mean = 0.02ms, max = 0.03ms, min = 0.01ms, total = 0.13ms
[state-dump] 	NodeManager.GcsCheckAlive - 7 total (1 active), Execution time: mean = 0.15ms, total = 1.08ms, Queueing time: mean = 0.69ms, max = 1.12ms, min = 0.62ms, total = 4.83ms
[state-dump] 	ClientConnection.async_write.DoAsyncWrites - 4 total (0 active), Execution time: mean = 0.00ms, total = 0.00ms, Queueing time: mean = 0.06ms, max = 0.17ms, min = 0.02ms, total = 0.25ms
[state-dump] 	RaySyncer.BroadcastMessage - 4 total (0 active), Execution time: mean = 0.14ms, total = 0.55ms, Queueing time: mean = 0.00ms, max = 0.00ms, min = 0.00ms, total = 0.00ms
[state-dump] 	 - 4 total (0 active), Execution time: mean = 0.00ms, total = 0.00ms, Queueing time: mean = 0.01ms, max = 0.02ms, min = 0.01ms, total = 0.06ms
[state-dump] 	ray::rpc::InternalPubSubGcsService.grpc_client.GcsSubscriberPoll - 3 total (1 active), Execution time: mean = 13680.88ms, total = 41042.65ms, Queueing time: mean = 0.00ms, max = -0.00ms, min = 9223372036854.78ms, total = 0.00ms
[state-dump] 	NodeManagerService.grpc_server.GetSystemConfig - 3 total (0 active), Execution time: mean = 0.33ms, total = 1.00ms, Queueing time: mean = 0.00ms, max = -0.00ms, min = 9223372036854.78ms, total = 0.00ms
[state-dump] 	ObjectManager.ObjectDeleted - 3 total (0 active), Execution time: mean = 0.01ms, total = 0.03ms, Queueing time: mean = 0.02ms, max = 0.02ms, min = 0.02ms, total = 0.06ms
[state-dump] 	NodeManagerService.grpc_server.GetSystemConfig.HandleRequestImpl - 3 total (0 active), Execution time: mean = 0.05ms, total = 0.14ms, Queueing time: mean = 0.01ms, max = 0.02ms, min = 0.01ms, total = 0.04ms
[state-dump] 	ObjectManager.ObjectAdded - 3 total (0 active), Execution time: mean = 0.01ms, total = 0.03ms, Queueing time: mean = 0.01ms, max = 0.01ms, min = 0.01ms, total = 0.03ms
[state-dump] 	RaySyncerRegister - 2 total (0 active), Execution time: mean = 0.00ms, total = 0.00ms, Queueing time: mean = 0.00ms, max = 0.00ms, min = 0.00ms, total = 0.00ms
[state-dump] 	NodeManagerService.grpc_server.RequestWorkerLease - 2 total (1 active), Execution time: mean = 1004.34ms, total = 2008.67ms, Queueing time: mean = 0.00ms, max = -0.00ms, min = 9223372036854.78ms, total = 0.00ms
[state-dump] 	ray::rpc::InternalPubSubGcsService.grpc_client.GcsSubscriberCommandBatch - 2 total (0 active), Execution time: mean = 0.88ms, total = 1.76ms, Queueing time: mean = 0.00ms, max = -0.00ms, min = 9223372036854.78ms, total = 0.00ms
[state-dump] 	ray::rpc::InternalPubSubGcsService.grpc_client.GcsSubscriberCommandBatch.OnReplyReceived - 2 total (0 active), Execution time: mean = 0.10ms, total = 0.19ms, Queueing time: mean = 0.57ms, max = 0.97ms, min = 0.16ms, total = 1.13ms
[state-dump] 	NodeManagerService.grpc_server.RequestWorkerLease.HandleRequestImpl - 2 total (0 active), Execution time: mean = 0.09ms, total = 0.18ms, Queueing time: mean = 0.01ms, max = 0.02ms, min = 0.01ms, total = 0.03ms
[state-dump] 	ray::rpc::InternalPubSubGcsService.grpc_client.GcsSubscriberPoll.OnReplyReceived - 2 total (0 active), Execution time: mean = 0.08ms, total = 0.17ms, Queueing time: mean = 0.02ms, max = 0.04ms, min = 0.01ms, total = 0.05ms
[state-dump] 	ray::rpc::InternalKVGcsService.grpc_client.GetInternalConfig.OnReplyReceived - 1 total (0 active), Execution time: mean = 1023.30ms, total = 1023.30ms, Queueing time: mean = 0.01ms, max = 0.01ms, min = 0.01ms, total = 0.01ms
[state-dump] 	ray::rpc::NodeInfoGcsService.grpc_client.GetAllNodeAddressAndLiveness.OnReplyReceived - 1 total (0 active), Execution time: mean = 0.15ms, total = 0.15ms, Queueing time: mean = 0.01ms, max = 0.01ms, min = 0.01ms, total = 0.01ms
[state-dump] 	ray::rpc::WorkerInfoGcsService.grpc_client.ReportWorkerFailure - 1 total (0 active), Execution time: mean = 2.04ms, total = 2.04ms, Queueing time: mean = 0.00ms, max = -0.00ms, min = 9223372036854.78ms, total = 0.00ms
[state-dump] 	ray::rpc::NodeInfoGcsService.grpc_client.RegisterNode.OnReplyReceived - 1 total (0 active), Execution time: mean = 0.36ms, total = 0.36ms, Queueing time: mean = 0.01ms, max = 0.01ms, min = 0.01ms, total = 0.01ms
[state-dump] 	ray::rpc::JobInfoGcsService.grpc_client.AddJob.OnReplyReceived - 1 total (0 active), Execution time: mean = 0.05ms, total = 0.05ms, Queueing time: mean = 0.02ms, max = 0.02ms, min = 0.02ms, total = 0.02ms
[state-dump] 	ray::rpc::JobInfoGcsService.grpc_client.AddJob - 1 total (0 active), Execution time: mean = 1.76ms, total = 1.76ms, Queueing time: mean = 0.00ms, max = -0.00ms, min = 9223372036854.78ms, total = 0.00ms
[state-dump] 	Subscriber.HandlePublishedMessage_GCS_WORKER_DELTA_CHANNEL - 1 total (0 active), Execution time: mean = 0.00ms, total = 0.00ms, Queueing time: mean = 0.06ms, max = 0.06ms, min = 0.06ms, total = 0.06ms
[state-dump] 	ray::rpc::InternalKVGcsService.grpc_client.GetInternalConfig - 1 total (0 active), Execution time: mean = 1.11ms, total = 1.11ms, Queueing time: mean = 0.00ms, max = -0.00ms, min = 9223372036854.78ms, total = 0.00ms
[state-dump] 	ray::rpc::NodeInfoGcsService.grpc_client.GetAllNodeAddressAndLiveness - 1 total (0 active), Execution time: mean = 0.72ms, total = 0.72ms, Queueing time: mean = 0.00ms, max = -0.00ms, min = 9223372036854.78ms, total = 0.00ms
[state-dump] 	Subscriber.HandlePublishedMessage_GCS_JOB_CHANNEL - 1 total (0 active), Execution time: mean = 0.02ms, total = 0.02ms, Queueing time: mean = 0.11ms, max = 0.11ms, min = 0.11ms, total = 0.11ms
[state-dump] 	ray::rpc::JobInfoGcsService.grpc_client.GetAllJobInfo - 1 total (0 active), Execution time: mean = 0.70ms, total = 0.70ms, Queueing time: mean = 0.00ms, max = -0.00ms, min = 9223372036854.78ms, total = 0.00ms
[state-dump] 	NodeManager.GCTaskFailureReason - 1 total (1 active), Execution time: mean = 0.00ms, total = 0.00ms, Queueing time: mean = 0.00ms, max = -0.00ms, min = 9223372036854.78ms, total = 0.00ms
[state-dump] 	ray::rpc::NodeInfoGcsService.grpc_client.RegisterNode - 1 total (0 active), Execution time: mean = 1.83ms, total = 1.83ms, Queueing time: mean = 0.00ms, max = -0.00ms, min = 9223372036854.78ms, total = 0.00ms
[state-dump] 	CoreWorkerService.grpc_client.Exit.OnReplyReceived - 1 total (0 active), Execution time: mean = 0.02ms, total = 0.02ms, Queueing time: mean = 0.01ms, max = 0.01ms, min = 0.01ms, total = 0.01ms
[state-dump] 	ray::rpc::JobInfoGcsService.grpc_client.GetAllJobInfo.OnReplyReceived - 1 total (0 active), Execution time: mean = 0.01ms, total = 0.01ms, Queueing time: mean = 0.01ms, max = 0.01ms, min = 0.01ms, total = 0.01ms
[state-dump] 	CoreWorkerService.grpc_client.Exit - 1 total (0 active), Execution time: mean = 4.20ms, total = 4.20ms, Queueing time: mean = 0.00ms, max = -0.00ms, min = 9223372036854.78ms, total = 0.00ms
[state-dump] 	ray::rpc::WorkerInfoGcsService.grpc_client.ReportWorkerFailure.OnReplyReceived - 1 total (0 active), Execution time: mean = 0.02ms, total = 0.02ms, Queueing time: mean = 0.02ms, max = 0.02ms, min = 0.02ms, total = 0.02ms
[state-dump] DebugString() time ms: 0
[state-dump] 
[state-dump] 
2025-11-28 15:43:51,675	INFO (monitor) autoscaler.py:147 -- The autoscaler took 0.0 seconds to fetch the list of non-terminated nodes.
2025-11-28 15:43:51,676	INFO (monitor) autoscaler.py:408 -- 
======== Autoscaler status: 2025-11-28 15:43:51.675985 ========
Node status
---------------------------------------------------------------
Active:
 1 node_fbb9841b3107256f006a4e24c5be7456a673f220f17e763ce1348e9e
Pending:
 (no pending nodes)
Recent failures:
 (no failures)

Resources
---------------------------------------------------------------
Total Usage:
 1.0/1.0 CPU
 0.0/1.0 GPU
 0B/349.75GiB memory
 0B/149.89GiB object_store_memory

From request_resources:
 (none)
Pending Demands:
 {'CPU': 1.0, 'GPU': 1.0} * 1 (STRICT_PACK): 1+ pending placement groups
2025-11-28 15:43:51,676	INFO (monitor) autoscaler.py:463 -- The autoscaler took 0.001 seconds to complete the update iteration.
2025-11-28 15:43:56,679	INFO (monitor) autoscaler.py:147 -- The autoscaler took 0.0 seconds to fetch the list of non-terminated nodes.
2025-11-28 15:43:56,679	INFO (monitor) autoscaler.py:408 -- 
======== Autoscaler status: 2025-11-28 15:43:56.679147 ========
Node status
---------------------------------------------------------------
Active:
 1 node_fbb9841b3107256f006a4e24c5be7456a673f220f17e763ce1348e9e
Pending:
 (no pending nodes)
Recent failures:
 (no failures)

Resources
---------------------------------------------------------------
Total Usage:
 1.0/1.0 CPU
 0.0/1.0 GPU
 0B/349.75GiB memory
 0B/149.89GiB object_store_memory

From request_resources:
 (none)
Pending Demands:
 {'CPU': 1.0, 'GPU': 1.0} * 1 (STRICT_PACK): 1+ pending placement groups
2025-11-28 15:43:56,679	INFO (monitor) autoscaler.py:463 -- The autoscaler took 0.001 seconds to complete the update iteration.
2025-11-28 15:44:01,682	INFO (monitor) autoscaler.py:147 -- The autoscaler took 0.0 seconds to fetch the list of non-terminated nodes.
2025-11-28 15:44:01,682	INFO (monitor) autoscaler.py:408 -- 
======== Autoscaler status: 2025-11-28 15:44:01.682257 ========
Node status
---------------------------------------------------------------
Active:
 1 node_fbb9841b3107256f006a4e24c5be7456a673f220f17e763ce1348e9e
Pending:
 (no pending nodes)
Recent failures:
 (no failures)

Resources
---------------------------------------------------------------
Total Usage:
 1.0/1.0 CPU
 0.0/1.0 GPU
 0B/349.75GiB memory
 0B/149.89GiB object_store_memory

From request_resources:
 (none)
Pending Demands:
 {'CPU': 1.0, 'GPU': 1.0} * 1 (STRICT_PACK): 1+ pending placement groups
2025-11-28 15:44:01,682	INFO (monitor) autoscaler.py:463 -- The autoscaler took 0.001 seconds to complete the update iteration.
2025-11-28 15:44:06,685	INFO (monitor) autoscaler.py:147 -- The autoscaler took 0.0 seconds to fetch the list of non-terminated nodes.
2025-11-28 15:44:06,685	INFO (monitor) autoscaler.py:408 -- 
======== Autoscaler status: 2025-11-28 15:44:06.685667 ========
Node status
---------------------------------------------------------------
Active:
 1 node_fbb9841b3107256f006a4e24c5be7456a673f220f17e763ce1348e9e
Pending:
 (no pending nodes)
Recent failures:
 (no failures)

Resources
---------------------------------------------------------------
Total Usage:
 1.0/1.0 CPU
 0.0/1.0 GPU
 0B/349.75GiB memory
 0B/149.89GiB object_store_memory

From request_resources:
 (none)
Pending Demands:
 {'CPU': 1.0, 'GPU': 1.0} * 1 (STRICT_PACK): 1+ pending placement groups
2025-11-28 15:44:06,686	INFO (monitor) autoscaler.py:463 -- The autoscaler took 0.001 seconds to complete the update iteration.
2025-11-28 15:44:11,688	INFO (monitor) autoscaler.py:147 -- The autoscaler took 0.0 seconds to fetch the list of non-terminated nodes.
2025-11-28 15:44:11,688	INFO (monitor) autoscaler.py:408 -- 
======== Autoscaler status: 2025-11-28 15:44:11.688903 ========
Node status
---------------------------------------------------------------
Active:
 1 node_fbb9841b3107256f006a4e24c5be7456a673f220f17e763ce1348e9e
Pending:
 (no pending nodes)
Recent failures:
 (no failures)

Resources
---------------------------------------------------------------
Total Usage:
 1.0/1.0 CPU
 0.0/1.0 GPU
 0B/349.75GiB memory
 0B/149.89GiB object_store_memory

From request_resources:
 (none)
Pending Demands:
 {'CPU': 1.0, 'GPU': 1.0} * 1 (STRICT_PACK): 1+ pending placement groups
2025-11-28 15:44:11,689	INFO (monitor) autoscaler.py:463 -- The autoscaler took 0.001 seconds to complete the update iteration.
2025-11-28 15:44:16,692	INFO (monitor) autoscaler.py:147 -- The autoscaler took 0.0 seconds to fetch the list of non-terminated nodes.
2025-11-28 15:44:16,692	INFO (monitor) autoscaler.py:408 -- 
======== Autoscaler status: 2025-11-28 15:44:16.692396 ========
Node status
---------------------------------------------------------------
Active:
 1 node_fbb9841b3107256f006a4e24c5be7456a673f220f17e763ce1348e9e
Pending:
 (no pending nodes)
Recent failures:
 (no failures)

Resources
---------------------------------------------------------------
Total Usage:
 1.0/1.0 CPU
 0.0/1.0 GPU
 0B/349.75GiB memory
 0B/149.89GiB object_store_memory

From request_resources:
 (none)
Pending Demands:
 {'CPU': 1.0, 'GPU': 1.0} * 1 (STRICT_PACK): 1+ pending placement groups
2025-11-28 15:44:16,692	INFO (monitor) autoscaler.py:463 -- The autoscaler took 0.001 seconds to complete the update iteration.
2025-11-28 15:44:21,695	INFO (monitor) autoscaler.py:147 -- The autoscaler took 0.0 seconds to fetch the list of non-terminated nodes.
2025-11-28 15:44:21,695	INFO (monitor) autoscaler.py:408 -- 
======== Autoscaler status: 2025-11-28 15:44:21.695310 ========
Node status
---------------------------------------------------------------
Active:
 1 node_fbb9841b3107256f006a4e24c5be7456a673f220f17e763ce1348e9e
Pending:
 (no pending nodes)
Recent failures:
 (no failures)

Resources
---------------------------------------------------------------
Total Usage:
 1.0/1.0 CPU
 0.0/1.0 GPU
 0B/349.75GiB memory
 0B/149.89GiB object_store_memory

From request_resources:
 (none)
Pending Demands:
 {'CPU': 1.0, 'GPU': 1.0} * 1 (STRICT_PACK): 1+ pending placement groups
2025-11-28 15:44:21,696	INFO (monitor) autoscaler.py:463 -- The autoscaler took 0.001 seconds to complete the update iteration.
2025-11-28 15:44:26,698	INFO (monitor) autoscaler.py:147 -- The autoscaler took 0.0 seconds to fetch the list of non-terminated nodes.
2025-11-28 15:44:26,698	INFO (monitor) autoscaler.py:408 -- 
======== Autoscaler status: 2025-11-28 15:44:26.698535 ========
Node status
---------------------------------------------------------------
Active:
 1 node_fbb9841b3107256f006a4e24c5be7456a673f220f17e763ce1348e9e
Pending:
 (no pending nodes)
Recent failures:
 (no failures)

Resources
---------------------------------------------------------------
Total Usage:
 1.0/1.0 CPU
 0.0/1.0 GPU
 0B/349.75GiB memory
 0B/149.89GiB object_store_memory

From request_resources:
 (none)
Pending Demands:
 {'CPU': 1.0, 'GPU': 1.0} * 1 (STRICT_PACK): 1+ pending placement groups
2025-11-28 15:44:26,699	INFO (monitor) autoscaler.py:463 -- The autoscaler took 0.001 seconds to complete the update iteration.
[2025-11-28 15:44:28,841 I 672950 673266] (python-core-driver-01000000ffffffffffffffffffffffffffffffffffffffffffffffff) core_worker.cc:455: Event stats:


Global stats: 5716 total (9 active)
Queueing time: mean = 5.26ms, max = 1000.04ms, min = -0.00ms, total = 30080.42ms
Execution time:  mean = 9.33ms, total = 53317.00ms
Event stats:
	CoreWorker.RecoverObjects - 4200 total (1 active), Execution time: mean = 0.00ms, total = 11.01ms, Queueing time: mean = 0.01ms, max = 0.45ms, min = -0.00ms, total = 62.97ms
	CoreWorker.InternalHeartbeat - 420 total (1 active), Execution time: mean = 0.11ms, total = 44.38ms, Queueing time: mean = 0.01ms, max = 0.03ms, min = 0.01ms, total = 6.04ms
	NodeManagerService.grpc_client.ReportWorkerBacklog.OnReplyReceived - 420 total (0 active), Execution time: mean = 0.01ms, total = 6.00ms, Queueing time: mean = 0.01ms, max = 0.04ms, min = 0.01ms, total = 4.98ms
	NodeManagerService.grpc_client.ReportWorkerBacklog - 420 total (0 active), Execution time: mean = 0.50ms, total = 209.30ms, Queueing time: mean = 0.00ms, max = -0.00ms, min = 9223372036854.78ms, total = 0.00ms
	CoreWorker.RecordMetrics - 84 total (1 active), Execution time: mean = 0.04ms, total = 3.43ms, Queueing time: mean = 0.01ms, max = 0.02ms, min = 0.01ms, total = 1.02ms
	CoreWorker.TryDelPendingObjectRefStreams - 42 total (1 active), Execution time: mean = 0.00ms, total = 0.12ms, Queueing time: mean = 0.06ms, max = 0.43ms, min = 0.01ms, total = 2.53ms
	ReporterService.grpc_client.HealthCheck.OnReplyReceived - 31 total (0 active), Execution time: mean = 0.01ms, total = 0.44ms, Queueing time: mean = 0.01ms, max = 0.01ms, min = 0.00ms, total = 0.19ms
	ReporterService.grpc_client.HealthCheck - 31 total (0 active), Execution time: mean = 0.08ms, total = 2.61ms, Queueing time: mean = 0.00ms, max = -0.00ms, min = 9223372036854.78ms, total = 0.00ms
	MetricsAgentClient.WaitForServerReadyWithRetry - 30 total (0 active), Execution time: mean = 0.06ms, total = 1.91ms, Queueing time: mean = 1000.01ms, max = 1000.04ms, min = 1000.01ms, total = 30000.33ms
	CoreWorker.PrintEventStats - 7 total (1 active, 1 running), Execution time: mean = 0.41ms, total = 2.85ms, Queueing time: mean = 0.01ms, max = 0.02ms, min = 0.01ms, total = 0.09ms
	PeriodicalRunner.RunFnPeriodically - 6 total (0 active), Execution time: mean = 0.10ms, total = 0.63ms, Queueing time: mean = 0.27ms, max = 0.59ms, min = 0.01ms, total = 1.60ms
	ray::rpc::InternalPubSubGcsService.grpc_client.GcsSubscriberCommandBatch.OnReplyReceived - 2 total (0 active), Execution time: mean = 0.12ms, total = 0.24ms, Queueing time: mean = 0.01ms, max = 0.01ms, min = 0.01ms, total = 0.02ms
	ray::rpc::InternalPubSubGcsService.grpc_client.GcsSubscriberPoll - 2 total (1 active), Execution time: mean = 13284.78ms, total = 26569.57ms, Queueing time: mean = 0.00ms, max = -0.00ms, min = 9223372036854.78ms, total = 0.00ms
	Publisher.CheckDeadSubscribers - 2 total (1 active), Execution time: mean = 0.00ms, total = 0.00ms, Queueing time: mean = 0.00ms, max = 0.01ms, min = 0.01ms, total = 0.01ms
	ray::rpc::InternalPubSubGcsService.grpc_client.GcsSubscriberCommandBatch - 2 total (0 active), Execution time: mean = 0.34ms, total = 0.67ms, Queueing time: mean = 0.00ms, max = -0.00ms, min = 9223372036854.78ms, total = 0.00ms
	ActorCreator.AsyncRegisterActor - 1 total (0 active), Execution time: mean = 0.39ms, total = 0.39ms, Queueing time: mean = 0.01ms, max = 0.01ms, min = 0.01ms, total = 0.01ms
	ray::rpc::ActorInfoGcsService.grpc_client.RegisterActor.OnReplyReceived - 1 total (0 active), Execution time: mean = 0.14ms, total = 0.14ms, Queueing time: mean = 0.01ms, max = 0.01ms, min = 0.01ms, total = 0.01ms
	ray::rpc::ActorInfoGcsService.grpc_client.GetActorInfo - 1 total (0 active), Execution time: mean = 0.33ms, total = 0.33ms, Queueing time: mean = 0.00ms, max = -0.00ms, min = 9223372036854.78ms, total = 0.00ms
	ray::rpc::ActorInfoGcsService.grpc_client.CreateActor - 1 total (0 active), Execution time: mean = 26458.78ms, total = 26458.78ms, Queueing time: mean = 0.00ms, max = -0.00ms, min = 9223372036854.78ms, total = 0.00ms
	ActorTaskSubmitter::SubmitTask - 1 total (0 active), Execution time: mean = 0.01ms, total = 0.01ms, Queueing time: mean = 0.01ms, max = 0.01ms, min = 0.01ms, total = 0.01ms
	ray::rpc::NodeInfoGcsService.grpc_client.GetAllNodeAddressAndLiveness - 1 total (0 active), Execution time: mean = 0.33ms, total = 0.33ms, Queueing time: mean = 0.00ms, max = -0.00ms, min = 9223372036854.78ms, total = 0.00ms
	CoreWorkerService.grpc_server.WaitForActorRefDeleted - 1 total (1 active), Execution time: mean = 0.00ms, total = 0.00ms, Queueing time: mean = 0.00ms, max = -0.00ms, min = 9223372036854.78ms, total = 0.00ms
	ray::rpc::InternalPubSubGcsService.grpc_client.GcsSubscriberPoll.OnReplyReceived - 1 total (0 active), Execution time: mean = 0.29ms, total = 0.29ms, Queueing time: mean = 0.02ms, max = 0.02ms, min = 0.02ms, total = 0.02ms
	ray::rpc::ActorInfoGcsService.grpc_client.RegisterActor - 1 total (0 active), Execution time: mean = 1.04ms, total = 1.04ms, Queueing time: mean = 0.00ms, max = -0.00ms, min = 9223372036854.78ms, total = 0.00ms
	ray::rpc::WorkerInfoGcsService.grpc_client.AddWorkerInfo - 1 total (0 active), Execution time: mean = 0.47ms, total = 0.47ms, Queueing time: mean = 0.00ms, max = -0.00ms, min = 9223372036854.78ms, total = 0.00ms
	CoreWorkerService.grpc_client.PushTask - 1 total (1 active), Execution time: mean = 0.00ms, total = 0.00ms, Queueing time: mean = 0.00ms, max = -0.00ms, min = 9223372036854.78ms, total = 0.00ms
	Subscriber.HandlePublishedMessage_GCS_ACTOR_CHANNEL - 1 total (0 active), Execution time: mean = 1.10ms, total = 1.10ms, Queueing time: mean = 0.11ms, max = 0.11ms, min = 0.11ms, total = 0.11ms
	ray::rpc::ActorInfoGcsService.grpc_client.CreateActor.OnReplyReceived - 1 total (0 active), Execution time: mean = 0.19ms, total = 0.19ms, Queueing time: mean = 0.01ms, max = 0.01ms, min = 0.01ms, total = 0.01ms
	ray::rpc::NodeInfoGcsService.grpc_client.GetAllNodeAddressAndLiveness.OnReplyReceived - 1 total (0 active), Execution time: mean = 0.04ms, total = 0.04ms, Queueing time: mean = 0.45ms, max = 0.45ms, min = 0.45ms, total = 0.45ms
	CoreWorkerService.grpc_server.WaitForActorRefDeleted.HandleRequestImpl - 1 total (0 active), Execution time: mean = 0.04ms, total = 0.04ms, Queueing time: mean = 0.01ms, max = 0.01ms, min = 0.01ms, total = 0.01ms
	ray::rpc::WorkerInfoGcsService.grpc_client.AddWorkerInfo.OnReplyReceived - 1 total (0 active), Execution time: mean = 0.03ms, total = 0.03ms, Queueing time: mean = 0.01ms, max = 0.01ms, min = 0.01ms, total = 0.01ms
	ray::rpc::ActorInfoGcsService.grpc_client.GetActorInfo.OnReplyReceived - 1 total (0 active), Execution time: mean = 0.66ms, total = 0.66ms, Queueing time: mean = 0.01ms, max = 0.01ms, min = 0.01ms, total = 0.01ms

-----------------
Task execution event stats:

Global stats: 0 total (0 active)
Queueing time: mean = -nanms, max = -0.00ms, min = 9223372036854.78ms, total = 0.00ms
Execution time:  mean = -nanms, total = 0.00ms
Event stats:

-----------------
Task Event stats:

IO Service Stats:

Global stats: 1261 total (1 active)
Queueing time: mean = 0.01ms, max = 0.04ms, min = 0.01ms, total = 12.50ms
Execution time:  mean = 0.18ms, total = 230.89ms
Event stats:
	CoreWorker.deadline_timer.flush_task_events - 420 total (1 active), Execution time: mean = 0.11ms, total = 46.88ms, Queueing time: mean = 0.02ms, max = 0.04ms, min = 0.01ms, total = 7.18ms
	ray::rpc::TaskInfoGcsService.grpc_client.AddTaskEventData.OnReplyReceived - 420 total (0 active), Execution time: mean = 0.02ms, total = 6.95ms, Queueing time: mean = 0.01ms, max = 0.03ms, min = 0.01ms, total = 5.31ms
	ray::rpc::TaskInfoGcsService.grpc_client.AddTaskEventData - 420 total (0 active), Execution time: mean = 0.42ms, total = 176.70ms, Queueing time: mean = 0.00ms, max = -0.00ms, min = 9223372036854.78ms, total = 0.00ms
	PeriodicalRunner.RunFnPeriodically - 1 total (0 active), Execution time: mean = 0.37ms, total = 0.37ms, Queueing time: mean = 0.01ms, max = 0.01ms, min = 0.01ms, total = 0.01ms
Other Stats:
	gcs_grpc_in_progress:0
	event_aggregator_grpc_in_progress:0
	current number of task status events in buffer: 0
	current number of profile events in buffer: 0
	current number of dropped task attempts tracked: 0
	total task events sent: 0.00124359 MiB
	total number of task attempts sent: 5
	total number of task attempts dropped reported: 0
	total number of sent failure: 0
	num status task events dropped: 0
	num profile task events dropped: 0
	num ray task events reported to aggregator: 0
	num ray task events failed to report to aggregator: 0
	num of task attempts dropped reported to aggregator: 0
	num of failed requests to aggregator: 0

[2025-11-28 15:44:30,961 I 673348 673427] (python-core-worker-3293f9baf9f0772a29df934ce9aa40562820dbe52583e5e641f030c5) core_worker.cc:455: Event stats:


Global stats: 6129 total (10 active)
Queueing time: mean = 4.91ms, max = 1000.44ms, min = -0.01ms, total = 30111.04ms
Execution time:  mean = 4.05ms, total = 24795.70ms
Event stats:
	CoreWorker.RecoverObjects - 4200 total (1 active), Execution time: mean = 0.00ms, total = 11.99ms, Queueing time: mean = 0.02ms, max = 1.00ms, min = -0.01ms, total = 80.80ms
	NodeManagerService.grpc_client.ReportWorkerBacklog.OnReplyReceived - 420 total (0 active), Execution time: mean = 0.02ms, total = 9.81ms, Queueing time: mean = 0.02ms, max = 0.07ms, min = 0.00ms, total = 6.51ms
	CoreWorker.ExitIfParentRayletDies - 420 total (1 active), Execution time: mean = 0.01ms, total = 2.57ms, Queueing time: mean = 0.02ms, max = 0.07ms, min = 0.01ms, total = 6.69ms
	CoreWorker.InternalHeartbeat - 420 total (1 active), Execution time: mean = 0.18ms, total = 77.16ms, Queueing time: mean = 0.02ms, max = 0.82ms, min = -0.00ms, total = 6.99ms
	NodeManagerService.grpc_client.ReportWorkerBacklog - 420 total (0 active), Execution time: mean = 0.53ms, total = 223.79ms, Queueing time: mean = 0.00ms, max = -0.00ms, min = 9223372036854.78ms, total = 0.00ms
	CoreWorker.RecordMetrics - 84 total (1 active), Execution time: mean = 0.07ms, total = 5.81ms, Queueing time: mean = 0.01ms, max = 0.02ms, min = 0.01ms, total = 1.09ms
	CoreWorker.TryDelPendingObjectRefStreams - 42 total (1 active), Execution time: mean = 0.00ms, total = 0.13ms, Queueing time: mean = 0.06ms, max = 0.50ms, min = 0.01ms, total = 2.62ms
	ReporterService.grpc_client.HealthCheck.OnReplyReceived - 31 total (0 active), Execution time: mean = 0.03ms, total = 1.02ms, Queueing time: mean = 0.02ms, max = 0.08ms, min = 0.01ms, total = 0.60ms
	ReporterService.grpc_client.HealthCheck - 31 total (0 active), Execution time: mean = 0.16ms, total = 5.00ms, Queueing time: mean = 0.00ms, max = -0.00ms, min = 9223372036854.78ms, total = 0.00ms
	MetricsAgentClient.WaitForServerReadyWithRetry - 30 total (0 active), Execution time: mean = 0.11ms, total = 3.16ms, Queueing time: mean = 1000.05ms, max = 1000.44ms, min = 1000.01ms, total = 30001.61ms
	CoreWorker.PrintEventStats - 7 total (1 active, 1 running), Execution time: mean = 0.46ms, total = 3.20ms, Queueing time: mean = 0.01ms, max = 0.02ms, min = 0.01ms, total = 0.08ms
	PeriodicalRunner.RunFnPeriodically - 7 total (0 active), Execution time: mean = 0.14ms, total = 0.96ms, Queueing time: mean = 0.36ms, max = 0.92ms, min = 0.02ms, total = 2.49ms
	CoreWorkerService.grpc_server.PushTask.HandleRequestImpl - 2 total (0 active), Execution time: mean = 0.23ms, total = 0.46ms, Queueing time: mean = 0.02ms, max = 0.02ms, min = 0.02ms, total = 0.04ms
	Publisher.CheckDeadSubscribers - 2 total (1 active), Execution time: mean = 0.00ms, total = 0.00ms, Queueing time: mean = 0.01ms, max = 0.01ms, min = 0.01ms, total = 0.01ms
	CoreWorkerService.grpc_server.PushTask - 2 total (1 active), Execution time: mean = 12223.26ms, total = 24446.51ms, Queueing time: mean = 0.00ms, max = -0.00ms, min = 9223372036854.78ms, total = 0.00ms
	ray::rpc::InternalPubSubGcsService.grpc_client.GcsSubscriberCommandBatch - 1 total (0 active), Execution time: mean = 0.60ms, total = 0.60ms, Queueing time: mean = 0.00ms, max = -0.00ms, min = 9223372036854.78ms, total = 0.00ms
	ray::rpc::WorkerInfoGcsService.grpc_client.AddWorkerInfo.OnReplyReceived - 1 total (0 active), Execution time: mean = 0.08ms, total = 0.08ms, Queueing time: mean = 0.79ms, max = 0.79ms, min = 0.79ms, total = 0.79ms
	CoreWorker.SubmitTask - 1 total (0 active), Execution time: mean = 0.59ms, total = 0.59ms, Queueing time: mean = 0.03ms, max = 0.03ms, min = 0.03ms, total = 0.03ms
	NodeManagerService.grpc_client.RequestWorkerLease - 1 total (1 active), Execution time: mean = 0.00ms, total = 0.00ms, Queueing time: mean = 0.00ms, max = -0.00ms, min = 9223372036854.78ms, total = 0.00ms
	ray::rpc::InternalPubSubGcsService.grpc_client.GcsSubscriberPoll - 1 total (1 active), Execution time: mean = 0.00ms, total = 0.00ms, Queueing time: mean = 0.00ms, max = -0.00ms, min = 9223372036854.78ms, total = 0.00ms
	ray::rpc::PlacementGroupInfoGcsService.grpc_client.CreatePlacementGroup.OnReplyReceived - 1 total (0 active), Execution time: mean = 0.08ms, total = 0.08ms, Queueing time: mean = 0.03ms, max = 0.03ms, min = 0.03ms, total = 0.03ms
	ray::rpc::InternalPubSubGcsService.grpc_client.GcsSubscriberCommandBatch.OnReplyReceived - 1 total (0 active), Execution time: mean = 0.27ms, total = 0.27ms, Queueing time: mean = 0.64ms, max = 0.64ms, min = 0.64ms, total = 0.64ms
	ray::rpc::NodeInfoGcsService.grpc_client.GetAllNodeAddressAndLiveness.OnReplyReceived - 1 total (0 active), Execution time: mean = 0.07ms, total = 0.07ms, Queueing time: mean = 0.02ms, max = 0.02ms, min = 0.02ms, total = 0.02ms
	ray::rpc::WorkerInfoGcsService.grpc_client.AddWorkerInfo - 1 total (0 active), Execution time: mean = 0.78ms, total = 0.78ms, Queueing time: mean = 0.00ms, max = -0.00ms, min = 9223372036854.78ms, total = 0.00ms
	ray::rpc::NodeInfoGcsService.grpc_client.GetAllNodeAddressAndLiveness - 1 total (0 active), Execution time: mean = 0.93ms, total = 0.93ms, Queueing time: mean = 0.00ms, max = -0.00ms, min = 9223372036854.78ms, total = 0.00ms
	ray::rpc::PlacementGroupInfoGcsService.grpc_client.CreatePlacementGroup - 1 total (0 active), Execution time: mean = 0.72ms, total = 0.72ms, Queueing time: mean = 0.00ms, max = -0.00ms, min = 9223372036854.78ms, total = 0.00ms

-----------------
Task execution event stats:

Global stats: 5 total (2 active)
Queueing time: mean = 4887.30ms, max = 24436.48ms, min = 0.00ms, total = 24436.50ms
Execution time:  mean = 4889.22ms, total = 24446.10ms
Event stats:
	CoreWorker.CheckSignal - 2 total (1 active), Execution time: mean = 0.01ms, total = 0.01ms, Queueing time: mean = 12218.24ms, max = 24436.48ms, min = 24436.48ms, total = 24436.48ms
	PeriodicalRunner.RunFnPeriodically - 1 total (0 active), Execution time: mean = 0.01ms, total = 0.01ms, Queueing time: mean = 0.00ms, max = 0.00ms, min = 0.00ms, total = 0.00ms
	CoreWorker.HandlePushTask - 1 total (0 active), Execution time: mean = 24446.07ms, total = 24446.07ms, Queueing time: mean = 0.02ms, max = 0.02ms, min = 0.02ms, total = 0.02ms
	CoreWorker.HandlePushTaskActor - 1 total (1 active, 1 running), Execution time: mean = 0.00ms, total = 0.00ms, Queueing time: mean = 0.00ms, max = -0.00ms, min = 9223372036854.78ms, total = 0.00ms

-----------------
Task Event stats:

IO Service Stats:

Global stats: 1261 total (1 active)
Queueing time: mean = 0.01ms, max = 0.14ms, min = 0.01ms, total = 16.63ms
Execution time:  mean = 0.24ms, total = 306.71ms
Event stats:
	CoreWorker.deadline_timer.flush_task_events - 420 total (1 active), Execution time: mean = 0.18ms, total = 75.71ms, Queueing time: mean = 0.02ms, max = 0.14ms, min = 0.02ms, total = 10.39ms
	ray::rpc::TaskInfoGcsService.grpc_client.AddTaskEventData.OnReplyReceived - 420 total (0 active), Execution time: mean = 0.03ms, total = 10.88ms, Queueing time: mean = 0.01ms, max = 0.04ms, min = 0.01ms, total = 6.22ms
	ray::rpc::TaskInfoGcsService.grpc_client.AddTaskEventData - 420 total (0 active), Execution time: mean = 0.52ms, total = 219.63ms, Queueing time: mean = 0.00ms, max = -0.00ms, min = 9223372036854.78ms, total = 0.00ms
	PeriodicalRunner.RunFnPeriodically - 1 total (0 active), Execution time: mean = 0.49ms, total = 0.49ms, Queueing time: mean = 0.02ms, max = 0.02ms, min = 0.02ms, total = 0.02ms
Other Stats:
	gcs_grpc_in_progress:0
	event_aggregator_grpc_in_progress:0
	current number of task status events in buffer: 0
	current number of profile events in buffer: 0
	current number of dropped task attempts tracked: 0
	total task events sent: 0.00118923 MiB
	total number of task attempts sent: 5
	total number of task attempts dropped reported: 0
	total number of sent failure: 0
	num status task events dropped: 0
	num profile task events dropped: 0
	num ray task events reported to aggregator: 0
	num ray task events failed to report to aggregator: 0
	num of task attempts dropped reported to aggregator: 0
	num of failed requests to aggregator: 0

2025-11-28 15:44:31,701	INFO (monitor) autoscaler.py:147 -- The autoscaler took 0.0 seconds to fetch the list of non-terminated nodes.
2025-11-28 15:44:31,701	INFO (monitor) autoscaler.py:408 -- 
======== Autoscaler status: 2025-11-28 15:44:31.701491 ========
Node status
---------------------------------------------------------------
Active:
 1 node_fbb9841b3107256f006a4e24c5be7456a673f220f17e763ce1348e9e
Pending:
 (no pending nodes)
Recent failures:
 (no failures)

Resources
---------------------------------------------------------------
Total Usage:
 1.0/1.0 CPU
 0.0/1.0 GPU
 0B/349.75GiB memory
 0B/149.89GiB object_store_memory

From request_resources:
 (none)
Pending Demands:
 {'CPU': 1.0, 'GPU': 1.0} * 1 (STRICT_PACK): 1+ pending placement groups
2025-11-28 15:44:31,702	INFO (monitor) autoscaler.py:463 -- The autoscaler took 0.001 seconds to complete the update iteration.
2025-11-28 15:44:36,704	INFO (monitor) autoscaler.py:147 -- The autoscaler took 0.0 seconds to fetch the list of non-terminated nodes.
2025-11-28 15:44:36,704	INFO (monitor) autoscaler.py:408 -- 
======== Autoscaler status: 2025-11-28 15:44:36.704752 ========
Node status
---------------------------------------------------------------
Active:
 1 node_fbb9841b3107256f006a4e24c5be7456a673f220f17e763ce1348e9e
Pending:
 (no pending nodes)
Recent failures:
 (no failures)

Resources
---------------------------------------------------------------
Total Usage:
 1.0/1.0 CPU
 0.0/1.0 GPU
 0B/349.75GiB memory
 0B/149.89GiB object_store_memory

From request_resources:
 (none)
Pending Demands:
 {'CPU': 1.0, 'GPU': 1.0} * 1 (STRICT_PACK): 1+ pending placement groups
2025-11-28 15:44:36,705	INFO (monitor) autoscaler.py:463 -- The autoscaler took 0.001 seconds to complete the update iteration.
2025-11-28 15:44:41,707	INFO (monitor) autoscaler.py:147 -- The autoscaler took 0.0 seconds to fetch the list of non-terminated nodes.
2025-11-28 15:44:41,708	INFO (monitor) autoscaler.py:408 -- 
======== Autoscaler status: 2025-11-28 15:44:41.708001 ========
Node status
---------------------------------------------------------------
Active:
 1 node_fbb9841b3107256f006a4e24c5be7456a673f220f17e763ce1348e9e
Pending:
 (no pending nodes)
Recent failures:
 (no failures)

Resources
---------------------------------------------------------------
Total Usage:
 1.0/1.0 CPU
 0.0/1.0 GPU
 0B/349.75GiB memory
 0B/149.89GiB object_store_memory

From request_resources:
 (none)
Pending Demands:
 {'CPU': 1.0, 'GPU': 1.0} * 1 (STRICT_PACK): 1+ pending placement groups
2025-11-28 15:44:41,708	INFO (monitor) autoscaler.py:463 -- The autoscaler took 0.001 seconds to complete the update iteration.
[2025-11-28 15:44:45,085 I 672498 672498] (gcs_server) gcs_server.cc:926: Gcs Debug state:

GcsNodeManager: 
- RegisterNode request count: 1
- DrainNode request count: 0
- GetAllNodeInfo request count: 11

GcsActorManager: 
- RegisterActor request count: 1
- CreateActor request count: 1
- GetActorInfo request count: 1
- GetNamedActorInfo request count: 0
- GetAllActorInfo request count: 0
- KillActor request count: 0
- ListNamedActors request count: 0
- Registered actors count: 1
- Destroyed actors count: 0
- Named actors count: 0
- Unresolved actors count: 0
- Pending actors count: 0
- Created actors count: 1
- owners_: 1
- actor_to_register_callbacks_: 0
- actor_to_restart_for_lineage_reconstruction_callbacks_: 0
- actor_to_create_callbacks_: 0
- sorted_destroyed_actor_list_: 0

GcsResourceManager: 
- GetAllAvailableResources request count: 1
- GetAllTotalResources request count: 0
- GetAllResourceUsage request count: 96

GcsPlacementGroupManager: 
- CreatePlacementGroup request count: 1
- RemovePlacementGroup request count: 0
- GetPlacementGroup request count: 1
- GetAllPlacementGroup request count: 0
- WaitPlacementGroupUntilReady request count: 0
- GetNamedPlacementGroup request count: 0
- Scheduling pending placement group count: 724
- Registered placement groups count: 1
- Named placement group count: 1
- Pending placement groups count: 1
- Infeasible placement groups count: 0

Publisher:
GCS_NODE_INFO_CHANNEL
- cumulative published messages: 1
- cumulative published bytes: 585
- current buffered bytes: 0
GCS_ACTOR_CHANNEL
- cumulative published messages: 3
- cumulative published bytes: 1321
- current buffered bytes: 169
GCS_JOB_CHANNEL
- cumulative published messages: 1
- cumulative published bytes: 2122
- current buffered bytes: 2122
GCS_WORKER_DELTA_CHANNEL
- cumulative published messages: 1
- cumulative published bytes: 96
- current buffered bytes: 96
GCS_NODE_ADDRESS_AND_LIVENESS_CHANNEL
- cumulative published messages: 1
- cumulative published bytes: 89
- current buffered bytes: 0

[runtime env manager] ID to URIs table:
[runtime env manager] URIs reference table:

GcsTaskManager: 
-Total num task events reported: 10
-Total num status task events dropped: 0
-Total num profile events dropped: 0
-Current num of task events stored: 4
-Total num of actor creation tasks: 1
-Total num of actor tasks: 1
-Total num of normal tasks: 1
-Total num of driver tasks: 1

GcsAutoscalerStateManager: 
- last_seen_autoscaler_state_version_: 0
- last_cluster_resource_state_version_: 96
- pending demands:
	{bundle_group_adfc0b96fa53e5a35df41c354c0e01000000: 0.001, label_selectors: [{}, ]} * 1



[2025-11-28 15:44:45,086 I 672498 672498] (gcs_server) gcs_server.cc:940: Main service Event stats:


Global stats: 6193 total (6 active)
Queueing time: mean = 5.50ms, max = 1000.05ms, min = 0.00ms, total = 34057.28ms
Execution time:  mean = 8.97ms, total = 55568.83ms
Event stats:
	GcsInMemoryStore.Put - 1279 total (0 active), Execution time: mean = 0.77ms, total = 984.03ms, Queueing time: mean = 0.79ms, max = 977.34ms, min = 0.00ms, total = 1016.14ms
	InternalKVGcsService.grpc_server.InternalKVPut - 689 total (0 active), Execution time: mean = 0.20ms, total = 139.52ms, Queueing time: mean = 0.00ms, max = -0.00ms, min = 9223372036854.78ms, total = 0.00ms
	InternalKVGcsService.grpc_server.InternalKVPut.HandleRequestImpl - 689 total (0 active), Execution time: mean = 0.04ms, total = 27.20ms, Queueing time: mean = 0.02ms, max = 0.08ms, min = 0.01ms, total = 11.33ms
	RayletLoadPulled - 480 total (1 active), Execution time: mean = 0.12ms, total = 57.74ms, Queueing time: mean = 0.02ms, max = 0.03ms, min = 0.01ms, total = 7.95ms
	NodeManagerService.grpc_client.GetResourceLoad.OnReplyReceived - 476 total (0 active), Execution time: mean = 0.04ms, total = 16.75ms, Queueing time: mean = 0.02ms, max = 0.05ms, min = 0.01ms, total = 8.85ms
	NodeManagerService.grpc_client.GetResourceLoad - 476 total (0 active), Execution time: mean = 0.60ms, total = 284.73ms, Queueing time: mean = 0.00ms, max = -0.00ms, min = 9223372036854.78ms, total = 0.00ms
	GcsPlacementGroupManager.SchedulePendingPlacementGroups - 362 total (0 active), Execution time: mean = 0.00ms, total = 0.09ms, Queueing time: mean = 0.00ms, max = 0.07ms, min = 0.00ms, total = 1.69ms
	ClusterResourceManager.ResetRemoteNodeView - 161 total (1 active), Execution time: mean = 0.01ms, total = 0.82ms, Queueing time: mean = 0.02ms, max = 0.04ms, min = 0.01ms, total = 3.38ms
	HealthCheck - 156 total (0 active), Execution time: mean = 0.00ms, total = 0.72ms, Queueing time: mean = 0.02ms, max = 0.04ms, min = 0.01ms, total = 3.22ms
	GcsInMemoryStore.Get - 141 total (0 active), Execution time: mean = 0.02ms, total = 2.36ms, Queueing time: mean = 0.01ms, max = 0.03ms, min = 0.00ms, total = 0.93ms
	InternalKVGcsService.grpc_server.InternalKVGet.HandleRequestImpl - 139 total (0 active), Execution time: mean = 0.03ms, total = 4.30ms, Queueing time: mean = 0.02ms, max = 0.37ms, min = 0.01ms, total = 2.26ms
	InternalKVGcsService.grpc_server.InternalKVGet - 139 total (0 active), Execution time: mean = 0.22ms, total = 30.09ms, Queueing time: mean = 0.00ms, max = -0.00ms, min = 9223372036854.78ms, total = 0.00ms
	NodeInfoGcsService.grpc_server.CheckAlive.HandleRequestImpl - 103 total (0 active), Execution time: mean = 0.01ms, total = 1.21ms, Queueing time: mean = 0.02ms, max = 0.04ms, min = 0.01ms, total = 2.01ms
	NodeInfoGcsService.grpc_server.CheckAlive - 103 total (0 active), Execution time: mean = 0.20ms, total = 20.37ms, Queueing time: mean = 0.00ms, max = -0.00ms, min = 9223372036854.78ms, total = 0.00ms
	AutoscalerStateService.grpc_server.GetClusterResourceState - 96 total (0 active), Execution time: mean = 0.17ms, total = 16.45ms, Queueing time: mean = 0.00ms, max = -0.00ms, min = 9223372036854.78ms, total = 0.00ms
	NodeResourceInfoGcsService.grpc_server.GetAllResourceUsage.HandleRequestImpl - 96 total (0 active), Execution time: mean = 0.05ms, total = 4.74ms, Queueing time: mean = 0.02ms, max = 0.03ms, min = 0.01ms, total = 1.98ms
	NodeResourceInfoGcsService.grpc_server.GetAllResourceUsage - 96 total (0 active), Execution time: mean = 0.25ms, total = 24.39ms, Queueing time: mean = 0.00ms, max = -0.00ms, min = 9223372036854.78ms, total = 0.00ms
	GCSServer.deadline_timer.metrics_report - 96 total (1 active), Execution time: mean = 0.10ms, total = 9.23ms, Queueing time: mean = 0.02ms, max = 0.49ms, min = 0.00ms, total = 1.89ms
	AutoscalerStateService.grpc_server.GetClusterResourceState.HandleRequestImpl - 96 total (0 active), Execution time: mean = 0.04ms, total = 3.72ms, Queueing time: mean = 0.01ms, max = 0.04ms, min = 0.01ms, total = 1.40ms
	event_loop_lag_probe - 50 total (0 active), Execution time: mean = 0.01ms, total = 0.32ms, Queueing time: mean = 0.69ms, max = 34.33ms, min = 0.00ms, total = 34.62ms
	GCSServer.deadline_timer.gcs_global_gc - 48 total (1 active), Execution time: mean = 0.00ms, total = 0.18ms, Queueing time: mean = 0.14ms, max = 1.15ms, min = 0.01ms, total = 6.89ms
	ReporterService.grpc_client.HealthCheck.OnReplyReceived - 31 total (0 active), Execution time: mean = 0.03ms, total = 0.92ms, Queueing time: mean = 31.36ms, max = 971.79ms, min = 0.01ms, total = 972.29ms
	ReporterService.grpc_client.HealthCheck - 31 total (0 active), Execution time: mean = 0.20ms, total = 6.17ms, Queueing time: mean = 0.00ms, max = -0.00ms, min = 9223372036854.78ms, total = 0.00ms
	MetricsAgentClient.WaitForServerReadyWithRetry - 30 total (0 active), Execution time: mean = 0.08ms, total = 2.51ms, Queueing time: mean = 1000.02ms, max = 1000.05ms, min = 1000.01ms, total = 30000.54ms
	NodeInfoGcsService.grpc_server.GetClusterId - 10 total (0 active), Execution time: mean = 1.54ms, total = 15.35ms, Queueing time: mean = 0.00ms, max = -0.00ms, min = 9223372036854.78ms, total = 0.00ms
	NodeInfoGcsService.grpc_server.GetClusterId.HandleRequestImpl - 10 total (0 active), Execution time: mean = 0.38ms, total = 3.85ms, Queueing time: mean = 0.87ms, max = 8.47ms, min = 0.01ms, total = 8.66ms
	GcsInMemoryStore.GetAll - 8 total (0 active), Execution time: mean = 0.02ms, total = 0.13ms, Queueing time: mean = 0.05ms, max = 0.10ms, min = 0.00ms, total = 0.38ms
	GCSServer.deadline_timer.debug_state_event_stats_print - 8 total (1 active, 1 running), Execution time: mean = 0.86ms, total = 6.85ms, Queueing time: mean = 0.01ms, max = 0.01ms, min = 0.01ms, total = 0.09ms
	NodeInfoGcsService.grpc_server.GetAllNodeInfo.HandleRequestImpl - 7 total (0 active), Execution time: mean = 0.02ms, total = 0.13ms, Queueing time: mean = 0.01ms, max = 0.02ms, min = 0.01ms, total = 0.08ms
	NodeInfoGcsService.grpc_server.GetAllNodeInfo - 7 total (0 active), Execution time: mean = 0.15ms, total = 1.07ms, Queueing time: mean = 0.00ms, max = -0.00ms, min = 9223372036854.78ms, total = 0.00ms
	PeriodicalRunner.RunFnPeriodically - 5 total (0 active), Execution time: mean = 0.13ms, total = 0.64ms, Queueing time: mean = 393.88ms, max = 978.61ms, min = 3.95ms, total = 1969.40ms
	NodeInfoGcsService.grpc_server.GetAllNodeAddressAndLiveness - 4 total (0 active), Execution time: mean = 0.24ms, total = 0.95ms, Queueing time: mean = 0.00ms, max = -0.00ms, min = 9223372036854.78ms, total = 0.00ms
	NodeInfoGcsService.grpc_server.GetAllNodeAddressAndLiveness.HandleRequestImpl - 4 total (0 active), Execution time: mean = 0.01ms, total = 0.03ms, Queueing time: mean = 0.12ms, max = 0.45ms, min = 0.01ms, total = 0.48ms
	GcsResourceManager::Update - 4 total (0 active), Execution time: mean = 0.04ms, total = 0.18ms, Queueing time: mean = 0.01ms, max = 0.01ms, min = 0.01ms, total = 0.04ms
	GcsHealthCheckManager::MarkNodeHealthy - 4 total (0 active), Execution time: mean = 0.00ms, total = 0.00ms, Queueing time: mean = 0.01ms, max = 0.01ms, min = 0.01ms, total = 0.05ms
	WorkerInfoGcsService.grpc_server.AddWorkerInfo - 3 total (0 active), Execution time: mean = 0.19ms, total = 0.57ms, Queueing time: mean = 0.00ms, max = -0.00ms, min = 9223372036854.78ms, total = 0.00ms
	GcsInMemoryStore.Keys - 3 total (0 active), Execution time: mean = 0.01ms, total = 0.03ms, Queueing time: mean = 0.01ms, max = 0.01ms, min = 0.01ms, total = 0.02ms
	InternalKVGcsService.grpc_server.InternalKVKeys - 3 total (0 active), Execution time: mean = 0.18ms, total = 0.55ms, Queueing time: mean = 0.00ms, max = -0.00ms, min = 9223372036854.78ms, total = 0.00ms
	InternalKVGcsService.grpc_server.InternalKVKeys.HandleRequestImpl - 3 total (0 active), Execution time: mean = 0.04ms, total = 0.11ms, Queueing time: mean = 0.01ms, max = 0.02ms, min = 0.01ms, total = 0.04ms
	WorkerInfoGcsService.grpc_server.AddWorkerInfo.HandleRequestImpl - 3 total (0 active), Execution time: mean = 0.03ms, total = 0.08ms, Queueing time: mean = 0.01ms, max = 0.02ms, min = 0.01ms, total = 0.04ms
	JobInfoGcsService.grpc_server.GetAllJobInfo - 2 total (0 active), Execution time: mean = 0.17ms, total = 0.34ms, Queueing time: mean = 0.00ms, max = -0.00ms, min = 9223372036854.78ms, total = 0.00ms
	JobInfoGcsService.grpc_server.GetAllJobInfo.HandleRequestImpl - 2 total (0 active), Execution time: mean = 0.02ms, total = 0.04ms, Queueing time: mean = 0.01ms, max = 0.01ms, min = 0.01ms, total = 0.03ms
	GcsInMemoryStore.GetNextJobID - 1 total (0 active), Execution time: mean = 0.00ms, total = 0.00ms, Queueing time: mean = 0.00ms, max = 0.00ms, min = 0.00ms, total = 0.00ms
	NodeInfoGcsService.grpc_server.RegisterNode.HandleRequestImpl - 1 total (0 active), Execution time: mean = 0.09ms, total = 0.09ms, Queueing time: mean = 0.02ms, max = 0.02ms, min = 0.02ms, total = 0.02ms
	NodeManagerService.grpc_client.RequestWorkerLease - 1 total (0 active), Execution time: mean = 2009.14ms, total = 2009.14ms, Queueing time: mean = 0.00ms, max = -0.00ms, min = 9223372036854.78ms, total = 0.00ms
	InternalKVGcsService.grpc_server.InternalKVExists.HandleRequestImpl - 1 total (0 active), Execution time: mean = 0.04ms, total = 0.04ms, Queueing time: mean = 0.01ms, max = 0.01ms, min = 0.01ms, total = 0.01ms
	PlacementGroupInfoGcsService.grpc_server.GetPlacementGroup.HandleRequestImpl - 1 total (0 active), Execution time: mean = 0.02ms, total = 0.02ms, Queueing time: mean = 0.01ms, max = 0.01ms, min = 0.01ms, total = 0.01ms
	JobInfoGcsService.grpc_server.GetNextJobID - 1 total (0 active), Execution time: mean = 0.12ms, total = 0.12ms, Queueing time: mean = 0.00ms, max = -0.00ms, min = 9223372036854.78ms, total = 0.00ms
	GcsInitData::AsyncLoad - 1 total (0 active), Execution time: mean = 0.01ms, total = 0.01ms, Queueing time: mean = 0.00ms, max = 0.00ms, min = 0.00ms, total = 0.00ms
	ActorInfoGcsService.grpc_server.GetActorInfo.HandleRequestImpl - 1 total (0 active), Execution time: mean = 0.02ms, total = 0.02ms, Queueing time: mean = 0.01ms, max = 0.01ms, min = 0.01ms, total = 0.01ms
	JobInfoGcsService.grpc_server.GetNextJobID.HandleRequestImpl - 1 total (0 active), Execution time: mean = 0.01ms, total = 0.01ms, Queueing time: mean = 0.01ms, max = 0.01ms, min = 0.01ms, total = 0.01ms
	JobInfoGcsService.grpc_server.AddJob.HandleRequestImpl - 1 total (0 active), Execution time: mean = 0.10ms, total = 0.10ms, Queueing time: mean = 0.03ms, max = 0.03ms, min = 0.03ms, total = 0.03ms
	CoreWorkerService.grpc_client.PushTask - 1 total (0 active), Execution time: mean = 24448.09ms, total = 24448.09ms, Queueing time: mean = 0.00ms, max = -0.00ms, min = 9223372036854.78ms, total = 0.00ms
	InternalKVGcsService.grpc_server.InternalKVMultiGet - 1 total (0 active), Execution time: mean = 0.18ms, total = 0.18ms, Queueing time: mean = 0.00ms, max = -0.00ms, min = 9223372036854.78ms, total = 0.00ms
	NodeInfoGcsService.grpc_server.RegisterNode - 1 total (0 active), Execution time: mean = 0.53ms, total = 0.53ms, Queueing time: mean = 0.00ms, max = -0.00ms, min = 9223372036854.78ms, total = 0.00ms
	InternalKVGcsService.grpc_server.InternalKVDel - 1 total (0 active), Execution time: mean = 0.50ms, total = 0.50ms, Queueing time: mean = 0.00ms, max = -0.00ms, min = 9223372036854.78ms, total = 0.00ms
	NodeResourceInfoGcsService.grpc_server.GetAllAvailableResources.HandleRequestImpl - 1 total (0 active), Execution time: mean = 0.03ms, total = 0.03ms, Queueing time: mean = 0.02ms, max = 0.02ms, min = 0.02ms, total = 0.02ms
	JobInfoGcsService.grpc_server.AddJob - 1 total (0 active), Execution time: mean = 0.39ms, total = 0.39ms, Queueing time: mean = 0.00ms, max = -0.00ms, min = 9223372036854.78ms, total = 0.00ms
	WorkerInfoGcsService.grpc_server.ReportWorkerFailure - 1 total (0 active), Execution time: mean = 1.66ms, total = 1.66ms, Queueing time: mean = 0.00ms, max = -0.00ms, min = 9223372036854.78ms, total = 0.00ms
	CoreWorkerService.grpc_client.PushTask.OnReplyReceived - 1 total (0 active), Execution time: mean = 0.21ms, total = 0.21ms, Queueing time: mean = 0.02ms, max = 0.02ms, min = 0.02ms, total = 0.02ms
	GcsInMemoryStore.Delete - 1 total (0 active), Execution time: mean = 0.01ms, total = 0.01ms, Queueing time: mean = 0.01ms, max = 0.01ms, min = 0.01ms, total = 0.01ms
	ActorInfoGcsService.grpc_server.RegisterActor - 1 total (0 active), Execution time: mean = 0.77ms, total = 0.77ms, Queueing time: mean = 0.00ms, max = -0.00ms, min = 9223372036854.78ms, total = 0.00ms
	PlacementGroupInfoGcsService.grpc_server.GetPlacementGroup - 1 total (0 active), Execution time: mean = 0.14ms, total = 0.14ms, Queueing time: mean = 0.00ms, max = -0.00ms, min = 9223372036854.78ms, total = 0.00ms
	NodeManager.AddNodeCallback - 1 total (0 active), Execution time: mean = 0.43ms, total = 0.43ms, Queueing time: mean = 0.28ms, max = 0.28ms, min = 0.28ms, total = 0.28ms
	InternalKVGcsService.grpc_server.GetInternalConfig.HandleRequestImpl - 1 total (0 active), Execution time: mean = 0.02ms, total = 0.02ms, Queueing time: mean = 0.02ms, max = 0.02ms, min = 0.02ms, total = 0.02ms
	InternalKVGcsService.grpc_server.InternalKVExists - 1 total (0 active), Execution time: mean = 0.17ms, total = 0.17ms, Queueing time: mean = 0.00ms, max = -0.00ms, min = 9223372036854.78ms, total = 0.00ms
	ActorInfoGcsService.grpc_server.CreateActor - 1 total (0 active), Execution time: mean = 26458.67ms, total = 26458.67ms, Queueing time: mean = 0.00ms, max = -0.00ms, min = 9223372036854.78ms, total = 0.00ms
	InternalKVGcsService.grpc_server.GetInternalConfig - 1 total (0 active), Execution time: mean = 0.27ms, total = 0.27ms, Queueing time: mean = 0.00ms, max = -0.00ms, min = 9223372036854.78ms, total = 0.00ms
	ActorInfoGcsService.grpc_server.RegisterActor.HandleRequestImpl - 1 total (0 active), Execution time: mean = 0.60ms, total = 0.60ms, Queueing time: mean = 0.02ms, max = 0.02ms, min = 0.02ms, total = 0.02ms
	InternalKVGcsService.grpc_server.InternalKVMultiGet.HandleRequestImpl - 1 total (0 active), Execution time: mean = 0.05ms, total = 0.05ms, Queueing time: mean = 0.01ms, max = 0.01ms, min = 0.01ms, total = 0.01ms
	PlacementGroupInfoGcsService.grpc_server.CreatePlacementGroup - 1 total (0 active), Execution time: mean = 0.32ms, total = 0.32ms, Queueing time: mean = 0.00ms, max = -0.00ms, min = 9223372036854.78ms, total = 0.00ms
	InternalKVGcsService.grpc_server.InternalKVDel.HandleRequestImpl - 1 total (0 active), Execution time: mean = 0.03ms, total = 0.03ms, Queueing time: mean = 0.01ms, max = 0.01ms, min = 0.01ms, total = 0.01ms
	CoreWorkerService.grpc_client.WaitForActorRefDeleted - 1 total (1 active), Execution time: mean = 0.00ms, total = 0.00ms, Queueing time: mean = 0.00ms, max = -0.00ms, min = 9223372036854.78ms, total = 0.00ms
	NodeResourceInfoGcsService.grpc_server.GetAllAvailableResources - 1 total (0 active), Execution time: mean = 0.28ms, total = 0.28ms, Queueing time: mean = 0.00ms, max = -0.00ms, min = 9223372036854.78ms, total = 0.00ms
	NodeManagerService.grpc_client.RequestWorkerLease.OnReplyReceived - 1 total (0 active), Execution time: mean = 0.40ms, total = 0.40ms, Queueing time: mean = 0.02ms, max = 0.02ms, min = 0.02ms, total = 0.02ms
	ActorInfoGcsService.grpc_server.GetActorInfo - 1 total (0 active), Execution time: mean = 0.15ms, total = 0.15ms, Queueing time: mean = 0.00ms, max = -0.00ms, min = 9223372036854.78ms, total = 0.00ms
	ActorInfoGcsService.grpc_server.CreateActor.HandleRequestImpl - 1 total (0 active), Execution time: mean = 0.58ms, total = 0.58ms, Queueing time: mean = 0.02ms, max = 0.02ms, min = 0.02ms, total = 0.02ms
	GcsInMemoryStore.Exists - 1 total (0 active), Execution time: mean = 0.01ms, total = 0.01ms, Queueing time: mean = 0.01ms, max = 0.01ms, min = 0.01ms, total = 0.01ms
	WorkerInfoGcsService.grpc_server.ReportWorkerFailure.HandleRequestImpl - 1 total (0 active), Execution time: mean = 0.04ms, total = 0.04ms, Queueing time: mean = 0.03ms, max = 0.03ms, min = 0.03ms, total = 0.03ms
	GcsHealthCheckManager::AddNode - 1 total (0 active), Execution time: mean = 0.01ms, total = 0.01ms, Queueing time: mean = 0.00ms, max = 0.00ms, min = 0.00ms, total = 0.00ms
	PlacementGroupInfoGcsService.grpc_server.CreatePlacementGroup.HandleRequestImpl - 1 total (0 active), Execution time: mean = 0.15ms, total = 0.15ms, Queueing time: mean = 0.01ms, max = 0.01ms, min = 0.01ms, total = 0.01ms
	GcsServer.GetOrGenerateClusterId.continuation - 1 total (0 active), Execution time: mean = 975.13ms, total = 975.13ms, Queueing time: mean = 0.00ms, max = 0.00ms, min = 0.00ms, total = 0.00ms


[2025-11-28 15:44:45,086 I 672498 672498] (gcs_server) gcs_server.cc:944: task_io_context Event stats:


Global stats: 1898 total (1 active)
Queueing time: mean = 0.01ms, max = 0.57ms, min = 0.00ms, total = 18.75ms
Execution time:  mean = 0.08ms, total = 152.20ms
Event stats:
	TaskInfoGcsService.grpc_server.AddTaskEventData.HandleRequestImpl - 875 total (0 active), Execution time: mean = 0.01ms, total = 5.94ms, Queueing time: mean = 0.02ms, max = 0.04ms, min = 0.01ms, total = 16.32ms
	TaskInfoGcsService.grpc_server.AddTaskEventData - 875 total (0 active), Execution time: mean = 0.17ms, total = 144.71ms, Queueing time: mean = 0.00ms, max = -0.00ms, min = 9223372036854.78ms, total = 0.00ms
	GcsTaskManager.GcJobSummary - 97 total (1 active), Execution time: mean = 0.00ms, total = 0.48ms, Queueing time: mean = 0.02ms, max = 0.03ms, min = 0.01ms, total = 1.59ms
	event_loop_lag_probe - 50 total (0 active), Execution time: mean = 0.02ms, total = 1.05ms, Queueing time: mean = 0.02ms, max = 0.57ms, min = 0.00ms, total = 0.82ms
	PeriodicalRunner.RunFnPeriodically - 1 total (0 active), Execution time: mean = 0.02ms, total = 0.02ms, Queueing time: mean = 0.02ms, max = 0.02ms, min = 0.02ms, total = 0.02ms


[2025-11-28 15:44:45,086 I 672498 672498] (gcs_server) gcs_server.cc:944: pubsub_io_context Event stats:


Global stats: 88 total (6 active)
Queueing time: mean = 0.02ms, max = 0.77ms, min = 0.00ms, total = 1.47ms
Execution time:  mean = 782.13ms, total = 68827.70ms
Event stats:
	event_loop_lag_probe - 50 total (0 active), Execution time: mean = 0.02ms, total = 0.94ms, Queueing time: mean = 0.02ms, max = 0.77ms, min = 0.00ms, total = 1.04ms
	InternalPubSubGcsService.grpc_server.GcsSubscriberPoll.HandleRequestImpl - 9 total (0 active), Execution time: mean = 0.03ms, total = 0.27ms, Queueing time: mean = 0.03ms, max = 0.12ms, min = 0.01ms, total = 0.25ms
	InternalPubSubGcsService.grpc_server.GcsSubscriberPoll - 9 total (5 active), Execution time: mean = 7647.18ms, total = 68824.62ms, Queueing time: mean = 0.00ms, max = -0.00ms, min = 9223372036854.78ms, total = 0.00ms
	InternalPubSubGcsService.grpc_server.GcsSubscriberCommandBatch.HandleRequestImpl - 8 total (0 active), Execution time: mean = 0.05ms, total = 0.44ms, Queueing time: mean = 0.02ms, max = 0.02ms, min = 0.01ms, total = 0.13ms
	InternalPubSubGcsService.grpc_server.GcsSubscriberCommandBatch - 8 total (0 active), Execution time: mean = 0.18ms, total = 1.41ms, Queueing time: mean = 0.00ms, max = -0.00ms, min = 9223372036854.78ms, total = 0.00ms
	Publisher.CheckDeadSubscribers - 2 total (1 active), Execution time: mean = 0.00ms, total = 0.01ms, Queueing time: mean = 0.01ms, max = 0.02ms, min = 0.02ms, total = 0.02ms
	RemoveSubscriberFrom - 1 total (0 active), Execution time: mean = 0.01ms, total = 0.01ms, Queueing time: mean = 0.02ms, max = 0.02ms, min = 0.02ms, total = 0.02ms
	PeriodicalRunner.RunFnPeriodically - 1 total (0 active), Execution time: mean = 0.01ms, total = 0.01ms, Queueing time: mean = 0.02ms, max = 0.02ms, min = 0.02ms, total = 0.02ms


[2025-11-28 15:44:45,086 I 672498 672498] (gcs_server) gcs_server.cc:944: ray_syncer_io_context Event stats:


Global stats: 60 total (0 active)
Queueing time: mean = 0.03ms, max = 1.29ms, min = 0.00ms, total = 1.80ms
Execution time:  mean = 0.03ms, total = 1.55ms
Event stats:
	event_loop_lag_probe - 50 total (0 active), Execution time: mean = 0.02ms, total = 1.08ms, Queueing time: mean = 0.03ms, max = 1.29ms, min = 0.00ms, total = 1.64ms
	RaySyncer.BroadcastMessage - 4 total (0 active), Execution time: mean = 0.01ms, total = 0.04ms, Queueing time: mean = 0.00ms, max = 0.00ms, min = 0.00ms, total = 0.00ms
	 - 4 total (0 active), Execution time: mean = 0.10ms, total = 0.42ms, Queueing time: mean = 0.02ms, max = 0.03ms, min = 0.01ms, total = 0.09ms
	RaySyncerRegister - 2 total (0 active), Execution time: mean = 0.00ms, total = 0.01ms, Queueing time: mean = 0.03ms, max = 0.04ms, min = 0.02ms, total = 0.06ms


[2025-11-28 15:44:45,086 I 672498 672498] (gcs_server) gcs_server.cc:944: ray_event_io_context Event stats:


Global stats: 50 total (0 active)
Queueing time: mean = 0.03ms, max = 1.12ms, min = 0.00ms, total = 1.39ms
Execution time:  mean = 0.02ms, total = 0.76ms
Event stats:
	event_loop_lag_probe - 50 total (0 active), Execution time: mean = 0.02ms, total = 0.76ms, Queueing time: mean = 0.03ms, max = 1.12ms, min = 0.00ms, total = 1.39ms


2025-11-28 15:44:46,711	INFO (monitor) autoscaler.py:147 -- The autoscaler took 0.0 seconds to fetch the list of non-terminated nodes.
2025-11-28 15:44:46,711	INFO (monitor) autoscaler.py:408 -- 
======== Autoscaler status: 2025-11-28 15:44:46.711159 ========
Node status
---------------------------------------------------------------
Active:
 1 node_fbb9841b3107256f006a4e24c5be7456a673f220f17e763ce1348e9e
Pending:
 (no pending nodes)
Recent failures:
 (no failures)

Resources
---------------------------------------------------------------
Total Usage:
 1.0/1.0 CPU
 0.0/1.0 GPU
 0B/349.75GiB memory
 0B/149.89GiB object_store_memory

From request_resources:
 (none)
Pending Demands:
 {'CPU': 1.0, 'GPU': 1.0} * 1 (STRICT_PACK): 1+ pending placement groups
2025-11-28 15:44:46,711	INFO (monitor) autoscaler.py:463 -- The autoscaler took 0.001 seconds to complete the update iteration.
[2025-11-28 15:44:47,969 I 672801 672824] (raylet) store.cc:572: Plasma store debug dump: 
Current usage: 0 / 160.946 GB
- num bytes created total: 24
0 pending objects of total size 0MB
- objects spillable: 0
- bytes spillable: 0
- objects unsealed: 0
- bytes unsealed: 0
- objects in use: 0
- bytes in use: 0
- objects evictable: 0
- bytes evictable: 0

- objects created by worker: 0
- bytes created by worker: 0
- objects restored: 0
- bytes restored: 0
- objects received: 0
- bytes received: 0
- objects errored: 0
- bytes errored: 0

[2025-11-28 15:44:48,999 I 672801 672801] (raylet) node_manager.cc:440: [state-dump] NodeManager:
[state-dump] Node ID: fbb9841b3107256f006a4e24c5be7456a673f220f17e763ce1348e9e
[state-dump] Node name: 10.102.35.9
[state-dump] InitialConfigResources: {accelerator_type:A100: 1, CPU: 1, memory: 3.75541e+11, GPU: 1, node:10.102.35.9: 1, object_store_memory: 1.60946e+11, node:__internal_head__: 1}
[state-dump] ClusterLeaseManager:
[state-dump] ========== Node: fbb9841b3107256f006a4e24c5be7456a673f220f17e763ce1348e9e =================
[state-dump] Infeasible queue length: 1
[state-dump] Schedule queue length: 0
[state-dump] Grant queue length: 0
[state-dump] num_waiting_for_resource: 0
[state-dump] num_waiting_for_plasma_memory: 0
[state-dump] num_waiting_for_remote_node_resources: 0
[state-dump] num_worker_not_started_by_job_config_not_exist: 0
[state-dump] num_worker_not_started_by_registration_timeout: 0
[state-dump] num_tasks_waiting_for_workers: 0
[state-dump] num_cancelled_leases: 0
[state-dump] cluster_resource_scheduler state: 
[state-dump] Local id: -6166997991266946165 Local resources: {"total":{GPU: [10000], node:10.102.35.9: [10000], CPU: [10000], node:__internal_head__: [10000], memory: [3755414892550000], object_store_memory: [1609463525370000], accelerator_type:A100: [10000]}}, "available": {GPU: [10000], node:10.102.35.9: [10000], CPU: [0], node:__internal_head__: [10000], memory: [3755414892550000], object_store_memory: [1609463525370000], accelerator_type:A100: [10000]}}, "labels":{"ray.io/node-id":"fbb9841b3107256f006a4e24c5be7456a673f220f17e763ce1348e9e","ray.io/accelerator-type":"A100",} is_draining: 0 is_idle: 0 Cluster resources (at most 20 nodes are shown): node id: -6166997991266946165{"total":{node:10.102.35.9: 10000, GPU: 10000, CPU: 10000, object_store_memory: 1609463525370000, memory: 3755414892550000, accelerator_type:A100: 10000, node:__internal_head__: 10000}}, "available": {object_store_memory: 1609463525370000, memory: 3755414892550000, accelerator_type:A100: 10000, GPU: 10000, node:10.102.35.9: 10000, node:__internal_head__: 10000}}, "labels":{"ray.io/node-id":"fbb9841b3107256f006a4e24c5be7456a673f220f17e763ce1348e9e","ray.io/accelerator-type":"A100",}, "is_draining": 0, "draining_deadline_timestamp_ms": -1} { "placement group locations": [], "node to bundles": []}
[state-dump] Waiting leases size: 0
[state-dump] Number of granted lease arguments: 0
[state-dump] Number of pinned lease arguments: 0
[state-dump] Number of total spilled leases: 0
[state-dump] Number of spilled waiting leases: 0
[state-dump] Number of spilled unschedulable leases: 0
[state-dump] Resource usage {
[state-dump]     - (language=PYTHON actor_or_taskTaskRunner.__init__ pid=673348 worker_id=3293f9baf9f0772a29df934ce9aa40562820dbe52583e5e641f030c5): {CPU: 1}
[state-dump] }
[state-dump] Backlog Size per scheduling descriptor :{workerId: num backlogs}:
[state-dump] 
[state-dump] Granted leases by scheduling class:
[state-dump] ==================================================
[state-dump] 
[state-dump] ClusterResources:
[state-dump] LocalObjectManager:
[state-dump] - num pinned objects: 0
[state-dump] - pinned objects size: 0
[state-dump] - num objects pending restore: 0
[state-dump] - num objects pending spill: 0
[state-dump] - num bytes pending spill: 0
[state-dump] - num bytes currently spilled: 0
[state-dump] - cumulative spill requests: 0
[state-dump] - cumulative restore requests: 0
[state-dump] - spilled objects pending delete: 0
[state-dump] 
[state-dump] ObjectManager:
[state-dump] - num local objects: 0
[state-dump] - num unfulfilled push requests: 0
[state-dump] - num object pull requests: 0
[state-dump] - num chunks received total: 0
[state-dump] - num chunks received failed (all): 0
[state-dump] - num chunks received failed / cancelled: 0
[state-dump] - num chunks received failed / plasma error: 0
[state-dump] Event stats:
[state-dump] Global stats: 0 total (0 active)
[state-dump] Queueing time: mean = -nanms, max = -0.00ms, min = 9223372036854.78ms, total = 0.00ms
[state-dump] Execution time:  mean = -nanms, total = 0.00ms
[state-dump] Event stats:
[state-dump] PushManager:
[state-dump] - num pushes remaining: 0
[state-dump] - num chunks in flight: 0
[state-dump] - num chunks remaining: 0
[state-dump] - max chunks allowed: 409
[state-dump] OwnershipBasedObjectDirectory:
[state-dump] - num listeners: 0
[state-dump] - cumulative location updates: 0
[state-dump] - num location updates per second: 0.000
[state-dump] - num location lookups per second: 0.000
[state-dump] - num locations added per second: 0.000
[state-dump] - num locations removed per second: 0.000
[state-dump] BufferPool:
[state-dump] - create buffer state map size: 0
[state-dump] PullManager:
[state-dump] - num bytes available for pulled objects: 160946352537
[state-dump] - num bytes being pulled (all): 0
[state-dump] - num bytes being pulled / pinned: 0
[state-dump] - get request bundles: BundlePullRequestQueue{0 total, 0 active, 0 inactive, 0 unpullable}
[state-dump] - wait request bundles: BundlePullRequestQueue{0 total, 0 active, 0 inactive, 0 unpullable}
[state-dump] - task request bundles: BundlePullRequestQueue{0 total, 0 active, 0 inactive, 0 unpullable}
[state-dump] - first get request bundle: N/A
[state-dump] - first wait request bundle: N/A
[state-dump] - first task request bundle: N/A
[state-dump] - num objects queued: 0
[state-dump] - num objects actively pulled (all): 0
[state-dump] - num objects actively pulled / pinned: 0
[state-dump] - num bundles being pulled: 0
[state-dump] - num pull retries: 0
[state-dump] - max timeout seconds: 0
[state-dump] - max timeout request is already processed. No entry.
[state-dump] 
[state-dump] WorkerPool:
[state-dump] - registered jobs: 1
[state-dump] - process_failed_job_config_missing: 0
[state-dump] - process_failed_rate_limited: 0
[state-dump] - process_failed_pending_registration: 0
[state-dump] - process_failed_runtime_env_setup_failed: 0
[state-dump] - num JAVA workers: 0
[state-dump] - num JAVA drivers: 0
[state-dump] - num JAVA pending start requests: 0
[state-dump] - num JAVA pending registration requests: 0
[state-dump] - num object spill callbacks queued: 0
[state-dump] - num object restore queued: 0
[state-dump] - num util functions queued: 0
[state-dump] - num PYTHON workers: 1
[state-dump] - num PYTHON drivers: 1
[state-dump] - num PYTHON pending start requests: 0
[state-dump] - num PYTHON pending registration requests: 0
[state-dump] - num object spill callbacks queued: 0
[state-dump] - num object restore queued: 0
[state-dump] - num util functions queued: 0
[state-dump] - num idle workers: 0
[state-dump] LeaseDependencyManager:
[state-dump] - lease deps map size: 0
[state-dump] - get req map size: 0
[state-dump] - wait req map size: 0
[state-dump] - local objects map size: 0
[state-dump] WaitManager:
[state-dump] - num active wait requests: 0
[state-dump] Subscriber:
[state-dump] Channel WORKER_OBJECT_EVICTION
[state-dump] - cumulative subscribe requests: 0
[state-dump] - cumulative unsubscribe requests: 0
[state-dump] - active subscribed publishers: 0
[state-dump] - cumulative published messages: 0
[state-dump] - cumulative processed messages: 0
[state-dump] Channel WORKER_OBJECT_LOCATIONS_CHANNEL
[state-dump] - cumulative subscribe requests: 0
[state-dump] - cumulative unsubscribe requests: 0
[state-dump] - active subscribed publishers: 0
[state-dump] - cumulative published messages: 0
[state-dump] - cumulative processed messages: 0
[state-dump] Channel WORKER_REF_REMOVED_CHANNEL
[state-dump] - cumulative subscribe requests: 0
[state-dump] - cumulative unsubscribe requests: 0
[state-dump] - active subscribed publishers: 0
[state-dump] - cumulative published messages: 0
[state-dump] - cumulative processed messages: 0
[state-dump] num async plasma notifications: 0
[state-dump] Event stats:
[state-dump] Global stats: 23934 total (18 active)
[state-dump] Queueing time: mean = 2.39ms, max = 24446.82ms, min = -0.03ms, total = 57249.19ms
[state-dump] Execution time:  mean = 1.89ms, total = 45310.17ms
[state-dump] Event stats:
[state-dump] 	ObjectManager.UpdateAvailableMemory - 4800 total (0 active), Execution time: mean = 0.00ms, total = 3.15ms, Queueing time: mean = 0.01ms, max = 0.09ms, min = 0.00ms, total = 39.23ms
[state-dump] 	NodeManager.CheckGC - 4800 total (1 active), Execution time: mean = 0.00ms, total = 3.52ms, Queueing time: mean = 0.02ms, max = 6.32ms, min = 0.00ms, total = 89.82ms
[state-dump] 	RaySyncer.OnDemandBroadcasting - 4800 total (1 active), Execution time: mean = 0.00ms, total = 6.73ms, Queueing time: mean = 0.02ms, max = 6.31ms, min = -0.00ms, total = 86.82ms
[state-dump] 	RayletWorkerPool.deadline_timer.kill_idle_workers - 2400 total (1 active), Execution time: mean = 0.00ms, total = 3.82ms, Queueing time: mean = 0.02ms, max = 0.80ms, min = 0.01ms, total = 41.86ms
[state-dump] 	MemoryMonitor.CheckIsMemoryUsageAboveThreshold - 1917 total (1 active), Execution time: mean = 0.39ms, total = 747.64ms, Queueing time: mean = 0.01ms, max = 0.04ms, min = -0.00ms, total = 28.47ms
[state-dump] 	NodeManagerService.grpc_server.ReportWorkerBacklog.HandleRequestImpl - 881 total (0 active), Execution time: mean = 0.04ms, total = 34.57ms, Queueing time: mean = 0.01ms, max = 0.25ms, min = 0.01ms, total = 12.99ms
[state-dump] 	NodeManagerService.grpc_server.ReportWorkerBacklog - 881 total (0 active), Execution time: mean = 0.20ms, total = 176.16ms, Queueing time: mean = 0.00ms, max = -0.00ms, min = 9223372036854.78ms, total = 0.00ms
[state-dump] 	NodeManager.deadline_timer.flush_free_objects - 480 total (1 active), Execution time: mean = 0.00ms, total = 0.55ms, Queueing time: mean = 0.09ms, max = 0.97ms, min = 0.01ms, total = 41.68ms
[state-dump] 	NodeManager.CheckForUnexpectedWorkerDisconnects - 480 total (1 active), Execution time: mean = 0.01ms, total = 3.06ms, Queueing time: mean = 0.02ms, max = 1.15ms, min = -0.00ms, total = 9.01ms
[state-dump] 	NodeManagerService.grpc_server.GetResourceLoad.HandleRequestImpl - 480 total (0 active), Execution time: mean = 0.06ms, total = 27.13ms, Queueing time: mean = 0.02ms, max = 0.32ms, min = 0.01ms, total = 7.33ms
[state-dump] 	NodeManagerService.grpc_server.GetResourceLoad - 480 total (0 active), Execution time: mean = 0.25ms, total = 120.27ms, Queueing time: mean = 0.00ms, max = -0.00ms, min = 9223372036854.78ms, total = 0.00ms
[state-dump] 	NodeManager.ScheduleAndGrantLeases - 480 total (1 active), Execution time: mean = 0.01ms, total = 3.49ms, Queueing time: mean = 0.02ms, max = 1.15ms, min = 0.00ms, total = 8.61ms
[state-dump] 	NodeManager.deadline_timer.spill_objects_when_over_threshold - 480 total (1 active), Execution time: mean = 0.00ms, total = 0.55ms, Queueing time: mean = 0.09ms, max = 0.97ms, min = 0.01ms, total = 41.71ms
[state-dump] 	ClusterResourceManager.ResetRemoteNodeView - 161 total (1 active), Execution time: mean = 0.00ms, total = 0.33ms, Queueing time: mean = 0.02ms, max = 0.03ms, min = 0.01ms, total = 2.61ms
[state-dump] 	NodeManager.deadline_timer.record_metrics - 96 total (1 active), Execution time: mean = 0.12ms, total = 11.63ms, Queueing time: mean = 0.32ms, max = 0.94ms, min = 0.01ms, total = 30.49ms
[state-dump] 	event_loop_lag_probe - 50 total (0 active), Execution time: mean = 0.02ms, total = 0.86ms, Queueing time: mean = 0.25ms, max = 12.24ms, min = 0.00ms, total = 12.39ms
[state-dump] 	NodeManager.deadline_timer.debug_state_dump - 48 total (1 active), Execution time: mean = 0.87ms, total = 41.56ms, Queueing time: mean = 0.01ms, max = 0.03ms, min = -0.03ms, total = 0.59ms
[state-dump] 	ReporterService.grpc_client.HealthCheck.OnReplyReceived - 31 total (0 active), Execution time: mean = 0.03ms, total = 0.86ms, Queueing time: mean = 0.02ms, max = 0.24ms, min = 0.00ms, total = 0.54ms
[state-dump] 	ReporterService.grpc_client.HealthCheck - 31 total (0 active), Execution time: mean = 0.16ms, total = 4.89ms, Queueing time: mean = 0.00ms, max = -0.00ms, min = 9223372036854.78ms, total = 0.00ms
[state-dump] 	MetricsAgentClient.WaitForServerReadyWithRetry - 30 total (0 active), Execution time: mean = 0.09ms, total = 2.76ms, Queueing time: mean = 1000.01ms, max = 1000.02ms, min = 1000.01ms, total = 30000.42ms
[state-dump] 	PeriodicalRunner.RunFnPeriodically - 14 total (0 active), Execution time: mean = 0.20ms, total = 2.78ms, Queueing time: mean = 5.10ms, max = 15.84ms, min = 0.04ms, total = 71.38ms
[state-dump] 	ClientConnection.async_read.ProcessMessageHeader - 14 total (2 active), Execution time: mean = 0.00ms, total = 0.06ms, Queueing time: mean = 1908.23ms, max = 24446.82ms, min = 0.03ms, total = 26715.22ms
[state-dump] 	ClientConnection.async_read.ProcessMessage - 12 total (0 active), Execution time: mean = 0.64ms, total = 7.69ms, Queueing time: mean = 0.01ms, max = 0.02ms, min = 0.00ms, total = 0.07ms
[state-dump] 	ray::rpc::NodeInfoGcsService.grpc_client.CheckAlive - 8 total (0 active), Execution time: mean = 0.75ms, total = 6.02ms, Queueing time: mean = 0.00ms, max = -0.00ms, min = 9223372036854.78ms, total = 0.00ms
[state-dump] 	NodeManager.deadline_timer.print_event_loop_stats - 8 total (1 active, 1 running), Execution time: mean = 0.88ms, total = 7.06ms, Queueing time: mean = 0.01ms, max = 0.02ms, min = 0.01ms, total = 0.09ms
[state-dump] 	ray::rpc::NodeInfoGcsService.grpc_client.CheckAlive.OnReplyReceived - 8 total (0 active), Execution time: mean = 0.02ms, total = 0.15ms, Queueing time: mean = 0.02ms, max = 0.03ms, min = 0.01ms, total = 0.16ms
[state-dump] 	NodeManager.GcsCheckAlive - 8 total (1 active), Execution time: mean = 0.15ms, total = 1.22ms, Queueing time: mean = 0.73ms, max = 1.12ms, min = 0.62ms, total = 5.83ms
[state-dump] 	ClientConnection.async_write.DoAsyncWrites - 4 total (0 active), Execution time: mean = 0.00ms, total = 0.00ms, Queueing time: mean = 0.06ms, max = 0.17ms, min = 0.02ms, total = 0.25ms
[state-dump] 	RaySyncer.BroadcastMessage - 4 total (0 active), Execution time: mean = 0.14ms, total = 0.55ms, Queueing time: mean = 0.00ms, max = 0.00ms, min = 0.00ms, total = 0.00ms
[state-dump] 	 - 4 total (0 active), Execution time: mean = 0.00ms, total = 0.00ms, Queueing time: mean = 0.01ms, max = 0.02ms, min = 0.01ms, total = 0.06ms
[state-dump] 	ray::rpc::InternalPubSubGcsService.grpc_client.GcsSubscriberPoll - 3 total (1 active), Execution time: mean = 13680.88ms, total = 41042.65ms, Queueing time: mean = 0.00ms, max = -0.00ms, min = 9223372036854.78ms, total = 0.00ms
[state-dump] 	NodeManagerService.grpc_server.GetSystemConfig - 3 total (0 active), Execution time: mean = 0.33ms, total = 1.00ms, Queueing time: mean = 0.00ms, max = -0.00ms, min = 9223372036854.78ms, total = 0.00ms
[state-dump] 	ObjectManager.ObjectDeleted - 3 total (0 active), Execution time: mean = 0.01ms, total = 0.03ms, Queueing time: mean = 0.02ms, max = 0.02ms, min = 0.02ms, total = 0.06ms
[state-dump] 	NodeManagerService.grpc_server.GetSystemConfig.HandleRequestImpl - 3 total (0 active), Execution time: mean = 0.05ms, total = 0.14ms, Queueing time: mean = 0.01ms, max = 0.02ms, min = 0.01ms, total = 0.04ms
[state-dump] 	ObjectManager.ObjectAdded - 3 total (0 active), Execution time: mean = 0.01ms, total = 0.03ms, Queueing time: mean = 0.01ms, max = 0.01ms, min = 0.01ms, total = 0.03ms
[state-dump] 	RaySyncerRegister - 2 total (0 active), Execution time: mean = 0.00ms, total = 0.00ms, Queueing time: mean = 0.00ms, max = 0.00ms, min = 0.00ms, total = 0.00ms
[state-dump] 	NodeManagerService.grpc_server.RequestWorkerLease - 2 total (1 active), Execution time: mean = 1004.34ms, total = 2008.67ms, Queueing time: mean = 0.00ms, max = -0.00ms, min = 9223372036854.78ms, total = 0.00ms
[state-dump] 	ray::rpc::InternalPubSubGcsService.grpc_client.GcsSubscriberCommandBatch - 2 total (0 active), Execution time: mean = 0.88ms, total = 1.76ms, Queueing time: mean = 0.00ms, max = -0.00ms, min = 9223372036854.78ms, total = 0.00ms
[state-dump] 	ray::rpc::InternalPubSubGcsService.grpc_client.GcsSubscriberCommandBatch.OnReplyReceived - 2 total (0 active), Execution time: mean = 0.10ms, total = 0.19ms, Queueing time: mean = 0.57ms, max = 0.97ms, min = 0.16ms, total = 1.13ms
[state-dump] 	NodeManagerService.grpc_server.RequestWorkerLease.HandleRequestImpl - 2 total (0 active), Execution time: mean = 0.09ms, total = 0.18ms, Queueing time: mean = 0.01ms, max = 0.02ms, min = 0.01ms, total = 0.03ms
[state-dump] 	ray::rpc::InternalPubSubGcsService.grpc_client.GcsSubscriberPoll.OnReplyReceived - 2 total (0 active), Execution time: mean = 0.08ms, total = 0.17ms, Queueing time: mean = 0.02ms, max = 0.04ms, min = 0.01ms, total = 0.05ms
[state-dump] 	ray::rpc::InternalKVGcsService.grpc_client.GetInternalConfig.OnReplyReceived - 1 total (0 active), Execution time: mean = 1023.30ms, total = 1023.30ms, Queueing time: mean = 0.01ms, max = 0.01ms, min = 0.01ms, total = 0.01ms
[state-dump] 	ray::rpc::NodeInfoGcsService.grpc_client.GetAllNodeAddressAndLiveness.OnReplyReceived - 1 total (0 active), Execution time: mean = 0.15ms, total = 0.15ms, Queueing time: mean = 0.01ms, max = 0.01ms, min = 0.01ms, total = 0.01ms
[state-dump] 	ray::rpc::WorkerInfoGcsService.grpc_client.ReportWorkerFailure - 1 total (0 active), Execution time: mean = 2.04ms, total = 2.04ms, Queueing time: mean = 0.00ms, max = -0.00ms, min = 9223372036854.78ms, total = 0.00ms
[state-dump] 	ray::rpc::NodeInfoGcsService.grpc_client.RegisterNode.OnReplyReceived - 1 total (0 active), Execution time: mean = 0.36ms, total = 0.36ms, Queueing time: mean = 0.01ms, max = 0.01ms, min = 0.01ms, total = 0.01ms
[state-dump] 	ray::rpc::JobInfoGcsService.grpc_client.AddJob.OnReplyReceived - 1 total (0 active), Execution time: mean = 0.05ms, total = 0.05ms, Queueing time: mean = 0.02ms, max = 0.02ms, min = 0.02ms, total = 0.02ms
[state-dump] 	ray::rpc::JobInfoGcsService.grpc_client.AddJob - 1 total (0 active), Execution time: mean = 1.76ms, total = 1.76ms, Queueing time: mean = 0.00ms, max = -0.00ms, min = 9223372036854.78ms, total = 0.00ms
[state-dump] 	Subscriber.HandlePublishedMessage_GCS_WORKER_DELTA_CHANNEL - 1 total (0 active), Execution time: mean = 0.00ms, total = 0.00ms, Queueing time: mean = 0.06ms, max = 0.06ms, min = 0.06ms, total = 0.06ms
[state-dump] 	ray::rpc::InternalKVGcsService.grpc_client.GetInternalConfig - 1 total (0 active), Execution time: mean = 1.11ms, total = 1.11ms, Queueing time: mean = 0.00ms, max = -0.00ms, min = 9223372036854.78ms, total = 0.00ms
[state-dump] 	ray::rpc::NodeInfoGcsService.grpc_client.GetAllNodeAddressAndLiveness - 1 total (0 active), Execution time: mean = 0.72ms, total = 0.72ms, Queueing time: mean = 0.00ms, max = -0.00ms, min = 9223372036854.78ms, total = 0.00ms
[state-dump] 	Subscriber.HandlePublishedMessage_GCS_JOB_CHANNEL - 1 total (0 active), Execution time: mean = 0.02ms, total = 0.02ms, Queueing time: mean = 0.11ms, max = 0.11ms, min = 0.11ms, total = 0.11ms
[state-dump] 	ray::rpc::JobInfoGcsService.grpc_client.GetAllJobInfo - 1 total (0 active), Execution time: mean = 0.70ms, total = 0.70ms, Queueing time: mean = 0.00ms, max = -0.00ms, min = 9223372036854.78ms, total = 0.00ms
[state-dump] 	NodeManager.GCTaskFailureReason - 1 total (1 active), Execution time: mean = 0.00ms, total = 0.00ms, Queueing time: mean = 0.00ms, max = -0.00ms, min = 9223372036854.78ms, total = 0.00ms
[state-dump] 	ray::rpc::NodeInfoGcsService.grpc_client.RegisterNode - 1 total (0 active), Execution time: mean = 1.83ms, total = 1.83ms, Queueing time: mean = 0.00ms, max = -0.00ms, min = 9223372036854.78ms, total = 0.00ms
[state-dump] 	CoreWorkerService.grpc_client.Exit.OnReplyReceived - 1 total (0 active), Execution time: mean = 0.02ms, total = 0.02ms, Queueing time: mean = 0.01ms, max = 0.01ms, min = 0.01ms, total = 0.01ms
[state-dump] 	ray::rpc::JobInfoGcsService.grpc_client.GetAllJobInfo.OnReplyReceived - 1 total (0 active), Execution time: mean = 0.01ms, total = 0.01ms, Queueing time: mean = 0.01ms, max = 0.01ms, min = 0.01ms, total = 0.01ms
[state-dump] 	CoreWorkerService.grpc_client.Exit - 1 total (0 active), Execution time: mean = 4.20ms, total = 4.20ms, Queueing time: mean = 0.00ms, max = -0.00ms, min = 9223372036854.78ms, total = 0.00ms
[state-dump] 	ray::rpc::WorkerInfoGcsService.grpc_client.ReportWorkerFailure.OnReplyReceived - 1 total (0 active), Execution time: mean = 0.02ms, total = 0.02ms, Queueing time: mean = 0.02ms, max = 0.02ms, min = 0.02ms, total = 0.02ms
[state-dump] DebugString() time ms: 0
[state-dump] 
[state-dump] 
2025-11-28 15:44:51,714	INFO (monitor) autoscaler.py:147 -- The autoscaler took 0.0 seconds to fetch the list of non-terminated nodes.
2025-11-28 15:44:51,714	INFO (monitor) autoscaler.py:408 -- 
======== Autoscaler status: 2025-11-28 15:44:51.714463 ========
Node status
---------------------------------------------------------------
Active:
 1 node_fbb9841b3107256f006a4e24c5be7456a673f220f17e763ce1348e9e
Pending:
 (no pending nodes)
Recent failures:
 (no failures)

Resources
---------------------------------------------------------------
Total Usage:
 1.0/1.0 CPU
 0.0/1.0 GPU
 0B/349.75GiB memory
 0B/149.89GiB object_store_memory

From request_resources:
 (none)
Pending Demands:
 {'CPU': 1.0, 'GPU': 1.0} * 1 (STRICT_PACK): 1+ pending placement groups
2025-11-28 15:44:51,715	INFO (monitor) autoscaler.py:463 -- The autoscaler took 0.001 seconds to complete the update iteration.
2025-11-28 15:44:56,717	INFO (monitor) autoscaler.py:147 -- The autoscaler took 0.0 seconds to fetch the list of non-terminated nodes.
2025-11-28 15:44:56,717	INFO (monitor) autoscaler.py:408 -- 
======== Autoscaler status: 2025-11-28 15:44:56.717508 ========
Node status
---------------------------------------------------------------
Active:
 1 node_fbb9841b3107256f006a4e24c5be7456a673f220f17e763ce1348e9e
Pending:
 (no pending nodes)
Recent failures:
 (no failures)

Resources
---------------------------------------------------------------
Total Usage:
 1.0/1.0 CPU
 0.0/1.0 GPU
 0B/349.75GiB memory
 0B/149.89GiB object_store_memory

From request_resources:
 (none)
Pending Demands:
 {'CPU': 1.0, 'GPU': 1.0} * 1 (STRICT_PACK): 1+ pending placement groups
2025-11-28 15:44:56,718	INFO (monitor) autoscaler.py:463 -- The autoscaler took 0.001 seconds to complete the update iteration.
2025-11-28 15:45:01,720	INFO (monitor) autoscaler.py:147 -- The autoscaler took 0.0 seconds to fetch the list of non-terminated nodes.
2025-11-28 15:45:01,720	INFO (monitor) autoscaler.py:408 -- 
======== Autoscaler status: 2025-11-28 15:45:01.720790 ========
Node status
---------------------------------------------------------------
Active:
 1 node_fbb9841b3107256f006a4e24c5be7456a673f220f17e763ce1348e9e
Pending:
 (no pending nodes)
Recent failures:
 (no failures)

Resources
---------------------------------------------------------------
Total Usage:
 1.0/1.0 CPU
 0.0/1.0 GPU
 0B/349.75GiB memory
 0B/149.89GiB object_store_memory

From request_resources:
 (none)
Pending Demands:
 {'CPU': 1.0, 'GPU': 1.0} * 1 (STRICT_PACK): 1+ pending placement groups
2025-11-28 15:45:01,721	INFO (monitor) autoscaler.py:463 -- The autoscaler took 0.001 seconds to complete the update iteration.
2025-11-28 15:45:06,723	INFO (monitor) autoscaler.py:147 -- The autoscaler took 0.0 seconds to fetch the list of non-terminated nodes.
2025-11-28 15:45:06,724	INFO (monitor) autoscaler.py:408 -- 
======== Autoscaler status: 2025-11-28 15:45:06.723984 ========
Node status
---------------------------------------------------------------
Active:
 1 node_fbb9841b3107256f006a4e24c5be7456a673f220f17e763ce1348e9e
Pending:
 (no pending nodes)
Recent failures:
 (no failures)

Resources
---------------------------------------------------------------
Total Usage:
 1.0/1.0 CPU
 0.0/1.0 GPU
 0B/349.75GiB memory
 0B/149.89GiB object_store_memory

From request_resources:
 (none)
Pending Demands:
 {'CPU': 1.0, 'GPU': 1.0} * 1 (STRICT_PACK): 1+ pending placement groups
2025-11-28 15:45:06,724	INFO (monitor) autoscaler.py:463 -- The autoscaler took 0.001 seconds to complete the update iteration.
2025-11-28 15:45:11,727	INFO (monitor) autoscaler.py:147 -- The autoscaler took 0.0 seconds to fetch the list of non-terminated nodes.
2025-11-28 15:45:11,727	INFO (monitor) autoscaler.py:408 -- 
======== Autoscaler status: 2025-11-28 15:45:11.727324 ========
Node status
---------------------------------------------------------------
Active:
 1 node_fbb9841b3107256f006a4e24c5be7456a673f220f17e763ce1348e9e
Pending:
 (no pending nodes)
Recent failures:
 (no failures)

Resources
---------------------------------------------------------------
Total Usage:
 1.0/1.0 CPU
 0.0/1.0 GPU
 0B/349.75GiB memory
 0B/149.89GiB object_store_memory

From request_resources:
 (none)
Pending Demands:
 {'CPU': 1.0, 'GPU': 1.0} * 1 (STRICT_PACK): 1+ pending placement groups
2025-11-28 15:45:11,727	INFO (monitor) autoscaler.py:463 -- The autoscaler took 0.001 seconds to complete the update iteration.
2025-11-28 15:45:16,730	INFO (monitor) autoscaler.py:147 -- The autoscaler took 0.0 seconds to fetch the list of non-terminated nodes.
2025-11-28 15:45:16,730	INFO (monitor) autoscaler.py:408 -- 
======== Autoscaler status: 2025-11-28 15:45:16.730298 ========
Node status
---------------------------------------------------------------
Active:
 1 node_fbb9841b3107256f006a4e24c5be7456a673f220f17e763ce1348e9e
Pending:
 (no pending nodes)
Recent failures:
 (no failures)

Resources
---------------------------------------------------------------
Total Usage:
 1.0/1.0 CPU
 0.0/1.0 GPU
 0B/349.75GiB memory
 0B/149.89GiB object_store_memory

From request_resources:
 (none)
Pending Demands:
 {'CPU': 1.0, 'GPU': 1.0} * 1 (STRICT_PACK): 1+ pending placement groups
2025-11-28 15:45:16,730	INFO (monitor) autoscaler.py:463 -- The autoscaler took 0.001 seconds to complete the update iteration.
2025-11-28 15:45:21,733	INFO (monitor) autoscaler.py:147 -- The autoscaler took 0.0 seconds to fetch the list of non-terminated nodes.
2025-11-28 15:45:21,733	INFO (monitor) autoscaler.py:408 -- 
======== Autoscaler status: 2025-11-28 15:45:21.733690 ========
Node status
---------------------------------------------------------------
Active:
 1 node_fbb9841b3107256f006a4e24c5be7456a673f220f17e763ce1348e9e
Pending:
 (no pending nodes)
Recent failures:
 (no failures)

Resources
---------------------------------------------------------------
Total Usage:
 1.0/1.0 CPU
 0.0/1.0 GPU
 0B/349.75GiB memory
 0B/149.89GiB object_store_memory

From request_resources:
 (none)
Pending Demands:
 {'CPU': 1.0, 'GPU': 1.0} * 1 (STRICT_PACK): 1+ pending placement groups
2025-11-28 15:45:21,734	INFO (monitor) autoscaler.py:463 -- The autoscaler took 0.001 seconds to complete the update iteration.
2025-11-28 15:45:26,736	INFO (monitor) autoscaler.py:147 -- The autoscaler took 0.0 seconds to fetch the list of non-terminated nodes.
2025-11-28 15:45:26,736	INFO (monitor) autoscaler.py:408 -- 
======== Autoscaler status: 2025-11-28 15:45:26.736686 ========
Node status
---------------------------------------------------------------
Active:
 1 node_fbb9841b3107256f006a4e24c5be7456a673f220f17e763ce1348e9e
Pending:
 (no pending nodes)
Recent failures:
 (no failures)

Resources
---------------------------------------------------------------
Total Usage:
 1.0/1.0 CPU
 0.0/1.0 GPU
 0B/349.75GiB memory
 0B/149.89GiB object_store_memory

From request_resources:
 (none)
Pending Demands:
 {'CPU': 1.0, 'GPU': 1.0} * 1 (STRICT_PACK): 1+ pending placement groups
2025-11-28 15:45:26,737	INFO (monitor) autoscaler.py:463 -- The autoscaler took 0.001 seconds to complete the update iteration.
[2025-11-28 15:45:28,842 I 672950 673266] (python-core-driver-01000000ffffffffffffffffffffffffffffffffffffffffffffffff) core_worker.cc:455: Event stats:


Global stats: 6515 total (9 active)
Queueing time: mean = 4.62ms, max = 1000.04ms, min = -0.00ms, total = 30091.95ms
Execution time:  mean = 8.19ms, total = 53357.56ms
Event stats:
	CoreWorker.RecoverObjects - 4800 total (1 active), Execution time: mean = 0.00ms, total = 12.62ms, Queueing time: mean = 0.02ms, max = 0.45ms, min = -0.00ms, total = 72.13ms
	CoreWorker.InternalHeartbeat - 480 total (1 active), Execution time: mean = 0.11ms, total = 51.49ms, Queueing time: mean = 0.01ms, max = 0.03ms, min = 0.01ms, total = 6.91ms
	NodeManagerService.grpc_client.ReportWorkerBacklog.OnReplyReceived - 480 total (0 active), Execution time: mean = 0.01ms, total = 6.89ms, Queueing time: mean = 0.01ms, max = 0.04ms, min = 0.01ms, total = 5.74ms
	NodeManagerService.grpc_client.ReportWorkerBacklog - 480 total (0 active), Execution time: mean = 0.50ms, total = 239.27ms, Queueing time: mean = 0.00ms, max = -0.00ms, min = 9223372036854.78ms, total = 0.00ms
	CoreWorker.RecordMetrics - 96 total (1 active), Execution time: mean = 0.04ms, total = 3.81ms, Queueing time: mean = 0.01ms, max = 0.02ms, min = 0.01ms, total = 1.17ms
	CoreWorker.TryDelPendingObjectRefStreams - 48 total (1 active), Execution time: mean = 0.00ms, total = 0.13ms, Queueing time: mean = 0.06ms, max = 0.49ms, min = 0.01ms, total = 3.09ms
	ReporterService.grpc_client.HealthCheck.OnReplyReceived - 31 total (0 active), Execution time: mean = 0.01ms, total = 0.44ms, Queueing time: mean = 0.01ms, max = 0.01ms, min = 0.00ms, total = 0.19ms
	ReporterService.grpc_client.HealthCheck - 31 total (0 active), Execution time: mean = 0.08ms, total = 2.61ms, Queueing time: mean = 0.00ms, max = -0.00ms, min = 9223372036854.78ms, total = 0.00ms
	MetricsAgentClient.WaitForServerReadyWithRetry - 30 total (0 active), Execution time: mean = 0.06ms, total = 1.91ms, Queueing time: mean = 1000.01ms, max = 1000.04ms, min = 1000.01ms, total = 30000.33ms
	CoreWorker.PrintEventStats - 8 total (1 active, 1 running), Execution time: mean = 0.43ms, total = 3.41ms, Queueing time: mean = 0.01ms, max = 0.02ms, min = 0.01ms, total = 0.11ms
	PeriodicalRunner.RunFnPeriodically - 6 total (0 active), Execution time: mean = 0.10ms, total = 0.63ms, Queueing time: mean = 0.27ms, max = 0.59ms, min = 0.01ms, total = 1.60ms
	ray::rpc::InternalPubSubGcsService.grpc_client.GcsSubscriberCommandBatch.OnReplyReceived - 2 total (0 active), Execution time: mean = 0.12ms, total = 0.24ms, Queueing time: mean = 0.01ms, max = 0.01ms, min = 0.01ms, total = 0.02ms
	ray::rpc::InternalPubSubGcsService.grpc_client.GcsSubscriberPoll - 2 total (1 active), Execution time: mean = 13284.78ms, total = 26569.57ms, Queueing time: mean = 0.00ms, max = -0.00ms, min = 9223372036854.78ms, total = 0.00ms
	Publisher.CheckDeadSubscribers - 2 total (1 active), Execution time: mean = 0.00ms, total = 0.00ms, Queueing time: mean = 0.00ms, max = 0.01ms, min = 0.01ms, total = 0.01ms
	ray::rpc::InternalPubSubGcsService.grpc_client.GcsSubscriberCommandBatch - 2 total (0 active), Execution time: mean = 0.34ms, total = 0.67ms, Queueing time: mean = 0.00ms, max = -0.00ms, min = 9223372036854.78ms, total = 0.00ms
	ActorCreator.AsyncRegisterActor - 1 total (0 active), Execution time: mean = 0.39ms, total = 0.39ms, Queueing time: mean = 0.01ms, max = 0.01ms, min = 0.01ms, total = 0.01ms
	ray::rpc::ActorInfoGcsService.grpc_client.RegisterActor.OnReplyReceived - 1 total (0 active), Execution time: mean = 0.14ms, total = 0.14ms, Queueing time: mean = 0.01ms, max = 0.01ms, min = 0.01ms, total = 0.01ms
	ray::rpc::ActorInfoGcsService.grpc_client.GetActorInfo - 1 total (0 active), Execution time: mean = 0.33ms, total = 0.33ms, Queueing time: mean = 0.00ms, max = -0.00ms, min = 9223372036854.78ms, total = 0.00ms
	ray::rpc::ActorInfoGcsService.grpc_client.CreateActor - 1 total (0 active), Execution time: mean = 26458.78ms, total = 26458.78ms, Queueing time: mean = 0.00ms, max = -0.00ms, min = 9223372036854.78ms, total = 0.00ms
	ActorTaskSubmitter::SubmitTask - 1 total (0 active), Execution time: mean = 0.01ms, total = 0.01ms, Queueing time: mean = 0.01ms, max = 0.01ms, min = 0.01ms, total = 0.01ms
	ray::rpc::NodeInfoGcsService.grpc_client.GetAllNodeAddressAndLiveness - 1 total (0 active), Execution time: mean = 0.33ms, total = 0.33ms, Queueing time: mean = 0.00ms, max = -0.00ms, min = 9223372036854.78ms, total = 0.00ms
	CoreWorkerService.grpc_server.WaitForActorRefDeleted - 1 total (1 active), Execution time: mean = 0.00ms, total = 0.00ms, Queueing time: mean = 0.00ms, max = -0.00ms, min = 9223372036854.78ms, total = 0.00ms
	ray::rpc::InternalPubSubGcsService.grpc_client.GcsSubscriberPoll.OnReplyReceived - 1 total (0 active), Execution time: mean = 0.29ms, total = 0.29ms, Queueing time: mean = 0.02ms, max = 0.02ms, min = 0.02ms, total = 0.02ms
	ray::rpc::ActorInfoGcsService.grpc_client.RegisterActor - 1 total (0 active), Execution time: mean = 1.04ms, total = 1.04ms, Queueing time: mean = 0.00ms, max = -0.00ms, min = 9223372036854.78ms, total = 0.00ms
	ray::rpc::WorkerInfoGcsService.grpc_client.AddWorkerInfo - 1 total (0 active), Execution time: mean = 0.47ms, total = 0.47ms, Queueing time: mean = 0.00ms, max = -0.00ms, min = 9223372036854.78ms, total = 0.00ms
	CoreWorkerService.grpc_client.PushTask - 1 total (1 active), Execution time: mean = 0.00ms, total = 0.00ms, Queueing time: mean = 0.00ms, max = -0.00ms, min = 9223372036854.78ms, total = 0.00ms
	Subscriber.HandlePublishedMessage_GCS_ACTOR_CHANNEL - 1 total (0 active), Execution time: mean = 1.10ms, total = 1.10ms, Queueing time: mean = 0.11ms, max = 0.11ms, min = 0.11ms, total = 0.11ms
	ray::rpc::ActorInfoGcsService.grpc_client.CreateActor.OnReplyReceived - 1 total (0 active), Execution time: mean = 0.19ms, total = 0.19ms, Queueing time: mean = 0.01ms, max = 0.01ms, min = 0.01ms, total = 0.01ms
	ray::rpc::NodeInfoGcsService.grpc_client.GetAllNodeAddressAndLiveness.OnReplyReceived - 1 total (0 active), Execution time: mean = 0.04ms, total = 0.04ms, Queueing time: mean = 0.45ms, max = 0.45ms, min = 0.45ms, total = 0.45ms
	CoreWorkerService.grpc_server.WaitForActorRefDeleted.HandleRequestImpl - 1 total (0 active), Execution time: mean = 0.04ms, total = 0.04ms, Queueing time: mean = 0.01ms, max = 0.01ms, min = 0.01ms, total = 0.01ms
	ray::rpc::WorkerInfoGcsService.grpc_client.AddWorkerInfo.OnReplyReceived - 1 total (0 active), Execution time: mean = 0.03ms, total = 0.03ms, Queueing time: mean = 0.01ms, max = 0.01ms, min = 0.01ms, total = 0.01ms
	ray::rpc::ActorInfoGcsService.grpc_client.GetActorInfo.OnReplyReceived - 1 total (0 active), Execution time: mean = 0.66ms, total = 0.66ms, Queueing time: mean = 0.01ms, max = 0.01ms, min = 0.01ms, total = 0.01ms

-----------------
Task execution event stats:

Global stats: 0 total (0 active)
Queueing time: mean = -nanms, max = -0.00ms, min = 9223372036854.78ms, total = 0.00ms
Execution time:  mean = -nanms, total = 0.00ms
Event stats:

-----------------
Task Event stats:

IO Service Stats:

Global stats: 1441 total (1 active)
Queueing time: mean = 0.01ms, max = 0.08ms, min = 0.01ms, total = 14.38ms
Execution time:  mean = 0.18ms, total = 264.73ms
Event stats:
	CoreWorker.deadline_timer.flush_task_events - 480 total (1 active), Execution time: mean = 0.11ms, total = 54.80ms, Queueing time: mean = 0.02ms, max = 0.04ms, min = 0.01ms, total = 8.39ms
	ray::rpc::TaskInfoGcsService.grpc_client.AddTaskEventData.OnReplyReceived - 480 total (0 active), Execution time: mean = 0.02ms, total = 7.92ms, Queueing time: mean = 0.01ms, max = 0.08ms, min = 0.01ms, total = 5.97ms
	ray::rpc::TaskInfoGcsService.grpc_client.AddTaskEventData - 480 total (0 active), Execution time: mean = 0.42ms, total = 201.64ms, Queueing time: mean = 0.00ms, max = -0.00ms, min = 9223372036854.78ms, total = 0.00ms
	PeriodicalRunner.RunFnPeriodically - 1 total (0 active), Execution time: mean = 0.37ms, total = 0.37ms, Queueing time: mean = 0.01ms, max = 0.01ms, min = 0.01ms, total = 0.01ms
Other Stats:
	gcs_grpc_in_progress:0
	event_aggregator_grpc_in_progress:0
	current number of task status events in buffer: 0
	current number of profile events in buffer: 0
	current number of dropped task attempts tracked: 0
	total task events sent: 0.00124359 MiB
	total number of task attempts sent: 5
	total number of task attempts dropped reported: 0
	total number of sent failure: 0
	num status task events dropped: 0
	num profile task events dropped: 0
	num ray task events reported to aggregator: 0
	num ray task events failed to report to aggregator: 0
	num of task attempts dropped reported to aggregator: 0
	num of failed requests to aggregator: 0

[2025-11-28 15:45:30,961 I 673348 673427] (python-core-worker-3293f9baf9f0772a29df934ce9aa40562820dbe52583e5e641f030c5) core_worker.cc:455: Event stats:


Global stats: 6988 total (10 active)
Queueing time: mean = 4.31ms, max = 1000.44ms, min = -0.01ms, total = 30125.70ms
Execution time:  mean = 3.55ms, total = 24841.60ms
Event stats:
	CoreWorker.RecoverObjects - 4800 total (1 active), Execution time: mean = 0.00ms, total = 13.68ms, Queueing time: mean = 0.02ms, max = 1.00ms, min = -0.01ms, total = 91.96ms
	NodeManagerService.grpc_client.ReportWorkerBacklog.OnReplyReceived - 480 total (0 active), Execution time: mean = 0.02ms, total = 11.25ms, Queueing time: mean = 0.02ms, max = 0.07ms, min = 0.00ms, total = 7.47ms
	CoreWorker.ExitIfParentRayletDies - 480 total (1 active), Execution time: mean = 0.01ms, total = 2.90ms, Queueing time: mean = 0.02ms, max = 0.07ms, min = 0.01ms, total = 7.52ms
	CoreWorker.InternalHeartbeat - 480 total (1 active), Execution time: mean = 0.18ms, total = 87.94ms, Queueing time: mean = 0.02ms, max = 0.82ms, min = -0.00ms, total = 7.98ms
	NodeManagerService.grpc_client.ReportWorkerBacklog - 480 total (0 active), Execution time: mean = 0.53ms, total = 254.28ms, Queueing time: mean = 0.00ms, max = -0.00ms, min = 9223372036854.78ms, total = 0.00ms
	CoreWorker.RecordMetrics - 96 total (1 active), Execution time: mean = 0.07ms, total = 6.43ms, Queueing time: mean = 0.01ms, max = 0.02ms, min = 0.01ms, total = 1.25ms
	CoreWorker.TryDelPendingObjectRefStreams - 48 total (1 active), Execution time: mean = 0.00ms, total = 0.14ms, Queueing time: mean = 0.07ms, max = 0.50ms, min = 0.01ms, total = 3.16ms
	ReporterService.grpc_client.HealthCheck.OnReplyReceived - 31 total (0 active), Execution time: mean = 0.03ms, total = 1.02ms, Queueing time: mean = 0.02ms, max = 0.08ms, min = 0.01ms, total = 0.60ms
	ReporterService.grpc_client.HealthCheck - 31 total (0 active), Execution time: mean = 0.16ms, total = 5.00ms, Queueing time: mean = 0.00ms, max = -0.00ms, min = 9223372036854.78ms, total = 0.00ms
	MetricsAgentClient.WaitForServerReadyWithRetry - 30 total (0 active), Execution time: mean = 0.11ms, total = 3.16ms, Queueing time: mean = 1000.05ms, max = 1000.44ms, min = 1000.01ms, total = 30001.61ms
	CoreWorker.PrintEventStats - 8 total (1 active, 1 running), Execution time: mean = 0.47ms, total = 3.75ms, Queueing time: mean = 0.01ms, max = 0.02ms, min = 0.01ms, total = 0.10ms
	PeriodicalRunner.RunFnPeriodically - 7 total (0 active), Execution time: mean = 0.14ms, total = 0.96ms, Queueing time: mean = 0.36ms, max = 0.92ms, min = 0.02ms, total = 2.49ms
	CoreWorkerService.grpc_server.PushTask.HandleRequestImpl - 2 total (0 active), Execution time: mean = 0.23ms, total = 0.46ms, Queueing time: mean = 0.02ms, max = 0.02ms, min = 0.02ms, total = 0.04ms
	Publisher.CheckDeadSubscribers - 2 total (1 active), Execution time: mean = 0.00ms, total = 0.00ms, Queueing time: mean = 0.01ms, max = 0.01ms, min = 0.01ms, total = 0.01ms
	CoreWorkerService.grpc_server.PushTask - 2 total (1 active), Execution time: mean = 12223.26ms, total = 24446.51ms, Queueing time: mean = 0.00ms, max = -0.00ms, min = 9223372036854.78ms, total = 0.00ms
	ray::rpc::InternalPubSubGcsService.grpc_client.GcsSubscriberCommandBatch - 1 total (0 active), Execution time: mean = 0.60ms, total = 0.60ms, Queueing time: mean = 0.00ms, max = -0.00ms, min = 9223372036854.78ms, total = 0.00ms
	ray::rpc::WorkerInfoGcsService.grpc_client.AddWorkerInfo.OnReplyReceived - 1 total (0 active), Execution time: mean = 0.08ms, total = 0.08ms, Queueing time: mean = 0.79ms, max = 0.79ms, min = 0.79ms, total = 0.79ms
	CoreWorker.SubmitTask - 1 total (0 active), Execution time: mean = 0.59ms, total = 0.59ms, Queueing time: mean = 0.03ms, max = 0.03ms, min = 0.03ms, total = 0.03ms
	NodeManagerService.grpc_client.RequestWorkerLease - 1 total (1 active), Execution time: mean = 0.00ms, total = 0.00ms, Queueing time: mean = 0.00ms, max = -0.00ms, min = 9223372036854.78ms, total = 0.00ms
	ray::rpc::InternalPubSubGcsService.grpc_client.GcsSubscriberPoll - 1 total (1 active), Execution time: mean = 0.00ms, total = 0.00ms, Queueing time: mean = 0.00ms, max = -0.00ms, min = 9223372036854.78ms, total = 0.00ms
	ray::rpc::PlacementGroupInfoGcsService.grpc_client.CreatePlacementGroup.OnReplyReceived - 1 total (0 active), Execution time: mean = 0.08ms, total = 0.08ms, Queueing time: mean = 0.03ms, max = 0.03ms, min = 0.03ms, total = 0.03ms
	ray::rpc::InternalPubSubGcsService.grpc_client.GcsSubscriberCommandBatch.OnReplyReceived - 1 total (0 active), Execution time: mean = 0.27ms, total = 0.27ms, Queueing time: mean = 0.64ms, max = 0.64ms, min = 0.64ms, total = 0.64ms
	ray::rpc::NodeInfoGcsService.grpc_client.GetAllNodeAddressAndLiveness.OnReplyReceived - 1 total (0 active), Execution time: mean = 0.07ms, total = 0.07ms, Queueing time: mean = 0.02ms, max = 0.02ms, min = 0.02ms, total = 0.02ms
	ray::rpc::WorkerInfoGcsService.grpc_client.AddWorkerInfo - 1 total (0 active), Execution time: mean = 0.78ms, total = 0.78ms, Queueing time: mean = 0.00ms, max = -0.00ms, min = 9223372036854.78ms, total = 0.00ms
	ray::rpc::NodeInfoGcsService.grpc_client.GetAllNodeAddressAndLiveness - 1 total (0 active), Execution time: mean = 0.93ms, total = 0.93ms, Queueing time: mean = 0.00ms, max = -0.00ms, min = 9223372036854.78ms, total = 0.00ms
	ray::rpc::PlacementGroupInfoGcsService.grpc_client.CreatePlacementGroup - 1 total (0 active), Execution time: mean = 0.72ms, total = 0.72ms, Queueing time: mean = 0.00ms, max = -0.00ms, min = 9223372036854.78ms, total = 0.00ms

-----------------
Task execution event stats:

Global stats: 5 total (2 active)
Queueing time: mean = 4887.30ms, max = 24436.48ms, min = 0.00ms, total = 24436.50ms
Execution time:  mean = 4889.22ms, total = 24446.10ms
Event stats:
	CoreWorker.CheckSignal - 2 total (1 active), Execution time: mean = 0.01ms, total = 0.01ms, Queueing time: mean = 12218.24ms, max = 24436.48ms, min = 24436.48ms, total = 24436.48ms
	PeriodicalRunner.RunFnPeriodically - 1 total (0 active), Execution time: mean = 0.01ms, total = 0.01ms, Queueing time: mean = 0.00ms, max = 0.00ms, min = 0.00ms, total = 0.00ms
	CoreWorker.HandlePushTask - 1 total (0 active), Execution time: mean = 24446.07ms, total = 24446.07ms, Queueing time: mean = 0.02ms, max = 0.02ms, min = 0.02ms, total = 0.02ms
	CoreWorker.HandlePushTaskActor - 1 total (1 active, 1 running), Execution time: mean = 0.00ms, total = 0.00ms, Queueing time: mean = 0.00ms, max = -0.00ms, min = 9223372036854.78ms, total = 0.00ms

-----------------
Task Event stats:

IO Service Stats:

Global stats: 1441 total (1 active)
Queueing time: mean = 0.01ms, max = 0.14ms, min = 0.01ms, total = 18.97ms
Execution time:  mean = 0.24ms, total = 351.13ms
Event stats:
	CoreWorker.deadline_timer.flush_task_events - 480 total (1 active), Execution time: mean = 0.18ms, total = 86.54ms, Queueing time: mean = 0.02ms, max = 0.14ms, min = 0.02ms, total = 11.86ms
	ray::rpc::TaskInfoGcsService.grpc_client.AddTaskEventData.OnReplyReceived - 480 total (0 active), Execution time: mean = 0.03ms, total = 12.56ms, Queueing time: mean = 0.01ms, max = 0.04ms, min = 0.01ms, total = 7.09ms
	ray::rpc::TaskInfoGcsService.grpc_client.AddTaskEventData - 480 total (0 active), Execution time: mean = 0.52ms, total = 251.54ms, Queueing time: mean = 0.00ms, max = -0.00ms, min = 9223372036854.78ms, total = 0.00ms
	PeriodicalRunner.RunFnPeriodically - 1 total (0 active), Execution time: mean = 0.49ms, total = 0.49ms, Queueing time: mean = 0.02ms, max = 0.02ms, min = 0.02ms, total = 0.02ms
Other Stats:
	gcs_grpc_in_progress:0
	event_aggregator_grpc_in_progress:0
	current number of task status events in buffer: 0
	current number of profile events in buffer: 0
	current number of dropped task attempts tracked: 0
	total task events sent: 0.00118923 MiB
	total number of task attempts sent: 5
	total number of task attempts dropped reported: 0
	total number of sent failure: 0
	num status task events dropped: 0
	num profile task events dropped: 0
	num ray task events reported to aggregator: 0
	num ray task events failed to report to aggregator: 0
	num of task attempts dropped reported to aggregator: 0
	num of failed requests to aggregator: 0

2025-11-28 15:45:31,739	INFO (monitor) autoscaler.py:147 -- The autoscaler took 0.0 seconds to fetch the list of non-terminated nodes.
2025-11-28 15:45:31,739	INFO (monitor) autoscaler.py:408 -- 
======== Autoscaler status: 2025-11-28 15:45:31.739920 ========
Node status
---------------------------------------------------------------
Active:
 1 node_fbb9841b3107256f006a4e24c5be7456a673f220f17e763ce1348e9e
Pending:
 (no pending nodes)
Recent failures:
 (no failures)

Resources
---------------------------------------------------------------
Total Usage:
 1.0/1.0 CPU
 0.0/1.0 GPU
 0B/349.75GiB memory
 0B/149.89GiB object_store_memory

From request_resources:
 (none)
Pending Demands:
 {'CPU': 1.0, 'GPU': 1.0} * 1 (STRICT_PACK): 1+ pending placement groups
2025-11-28 15:45:31,740	INFO (monitor) autoscaler.py:463 -- The autoscaler took 0.001 seconds to complete the update iteration.
2025-11-28 15:45:36,743	INFO (monitor) autoscaler.py:147 -- The autoscaler took 0.0 seconds to fetch the list of non-terminated nodes.
2025-11-28 15:45:36,743	INFO (monitor) autoscaler.py:408 -- 
======== Autoscaler status: 2025-11-28 15:45:36.743268 ========
Node status
---------------------------------------------------------------
Active:
 1 node_fbb9841b3107256f006a4e24c5be7456a673f220f17e763ce1348e9e
Pending:
 (no pending nodes)
Recent failures:
 (no failures)

Resources
---------------------------------------------------------------
Total Usage:
 1.0/1.0 CPU
 0.0/1.0 GPU
 0B/349.75GiB memory
 0B/149.89GiB object_store_memory

From request_resources:
 (none)
Pending Demands:
 {'CPU': 1.0, 'GPU': 1.0} * 1 (STRICT_PACK): 1+ pending placement groups
2025-11-28 15:45:36,743	INFO (monitor) autoscaler.py:463 -- The autoscaler took 0.001 seconds to complete the update iteration.
2025-11-28 15:45:41,746	INFO (monitor) autoscaler.py:147 -- The autoscaler took 0.0 seconds to fetch the list of non-terminated nodes.
2025-11-28 15:45:41,746	INFO (monitor) autoscaler.py:408 -- 
======== Autoscaler status: 2025-11-28 15:45:41.746357 ========
Node status
---------------------------------------------------------------
Active:
 1 node_fbb9841b3107256f006a4e24c5be7456a673f220f17e763ce1348e9e
Pending:
 (no pending nodes)
Recent failures:
 (no failures)

Resources
---------------------------------------------------------------
Total Usage:
 1.0/1.0 CPU
 0.0/1.0 GPU
 0B/349.75GiB memory
 0B/149.89GiB object_store_memory

From request_resources:
 (none)
Pending Demands:
 {'CPU': 1.0, 'GPU': 1.0} * 1 (STRICT_PACK): 1+ pending placement groups
2025-11-28 15:45:41,746	INFO (monitor) autoscaler.py:463 -- The autoscaler took 0.001 seconds to complete the update iteration.
[2025-11-28 15:45:45,086 I 672498 672498] (gcs_server) gcs_server.cc:926: Gcs Debug state:

GcsNodeManager: 
- RegisterNode request count: 1
- DrainNode request count: 0
- GetAllNodeInfo request count: 11

GcsActorManager: 
- RegisterActor request count: 1
- CreateActor request count: 1
- GetActorInfo request count: 1
- GetNamedActorInfo request count: 0
- GetAllActorInfo request count: 0
- KillActor request count: 0
- ListNamedActors request count: 0
- Registered actors count: 1
- Destroyed actors count: 0
- Named actors count: 0
- Unresolved actors count: 0
- Pending actors count: 0
- Created actors count: 1
- owners_: 1
- actor_to_register_callbacks_: 0
- actor_to_restart_for_lineage_reconstruction_callbacks_: 0
- actor_to_create_callbacks_: 0
- sorted_destroyed_actor_list_: 0

GcsResourceManager: 
- GetAllAvailableResources request count: 1
- GetAllTotalResources request count: 0
- GetAllResourceUsage request count: 108

GcsPlacementGroupManager: 
- CreatePlacementGroup request count: 1
- RemovePlacementGroup request count: 0
- GetPlacementGroup request count: 1
- GetAllPlacementGroup request count: 0
- WaitPlacementGroupUntilReady request count: 0
- GetNamedPlacementGroup request count: 0
- Scheduling pending placement group count: 844
- Registered placement groups count: 1
- Named placement group count: 1
- Pending placement groups count: 1
- Infeasible placement groups count: 0

Publisher:
GCS_NODE_INFO_CHANNEL
- cumulative published messages: 1
- cumulative published bytes: 585
- current buffered bytes: 0
GCS_ACTOR_CHANNEL
- cumulative published messages: 3
- cumulative published bytes: 1321
- current buffered bytes: 169
GCS_JOB_CHANNEL
- cumulative published messages: 1
- cumulative published bytes: 2122
- current buffered bytes: 2122
GCS_WORKER_DELTA_CHANNEL
- cumulative published messages: 1
- cumulative published bytes: 96
- current buffered bytes: 96
GCS_NODE_ADDRESS_AND_LIVENESS_CHANNEL
- cumulative published messages: 1
- cumulative published bytes: 89
- current buffered bytes: 0

[runtime env manager] ID to URIs table:
[runtime env manager] URIs reference table:

GcsTaskManager: 
-Total num task events reported: 10
-Total num status task events dropped: 0
-Total num profile events dropped: 0
-Current num of task events stored: 4
-Total num of actor creation tasks: 1
-Total num of actor tasks: 1
-Total num of normal tasks: 1
-Total num of driver tasks: 1

GcsAutoscalerStateManager: 
- last_seen_autoscaler_state_version_: 0
- last_cluster_resource_state_version_: 108
- pending demands:
	{bundle_group_adfc0b96fa53e5a35df41c354c0e01000000: 0.001, label_selectors: [{}, ]} * 1



[2025-11-28 15:45:45,087 I 672498 672498] (gcs_server) gcs_server.cc:940: Main service Event stats:


Global stats: 6932 total (6 active)
Queueing time: mean = 4.91ms, max = 1000.05ms, min = 0.00ms, total = 34067.56ms
Execution time:  mean = 8.03ms, total = 55640.92ms
Event stats:
	GcsInMemoryStore.Put - 1435 total (0 active), Execution time: mean = 0.69ms, total = 984.72ms, Queueing time: mean = 0.71ms, max = 977.34ms, min = 0.00ms, total = 1020.22ms
	InternalKVGcsService.grpc_server.InternalKVPut - 773 total (0 active), Execution time: mean = 0.20ms, total = 154.10ms, Queueing time: mean = 0.00ms, max = -0.00ms, min = 9223372036854.78ms, total = 0.00ms
	InternalKVGcsService.grpc_server.InternalKVPut.HandleRequestImpl - 773 total (0 active), Execution time: mean = 0.04ms, total = 29.41ms, Queueing time: mean = 0.02ms, max = 0.08ms, min = 0.01ms, total = 12.16ms
	RayletLoadPulled - 540 total (1 active), Execution time: mean = 0.12ms, total = 64.89ms, Queueing time: mean = 0.02ms, max = 0.04ms, min = 0.01ms, total = 9.03ms
	NodeManagerService.grpc_client.GetResourceLoad.OnReplyReceived - 536 total (0 active), Execution time: mean = 0.03ms, total = 18.53ms, Queueing time: mean = 0.02ms, max = 0.05ms, min = 0.01ms, total = 9.94ms
	NodeManagerService.grpc_client.GetResourceLoad - 536 total (0 active), Execution time: mean = 0.59ms, total = 317.06ms, Queueing time: mean = 0.00ms, max = -0.00ms, min = 9223372036854.78ms, total = 0.00ms
	GcsPlacementGroupManager.SchedulePendingPlacementGroups - 422 total (0 active), Execution time: mean = 0.00ms, total = 0.11ms, Queueing time: mean = 0.00ms, max = 0.07ms, min = 0.00ms, total = 1.97ms
	ClusterResourceManager.ResetRemoteNodeView - 181 total (1 active), Execution time: mean = 0.00ms, total = 0.89ms, Queueing time: mean = 0.02ms, max = 0.04ms, min = 0.01ms, total = 3.78ms
	HealthCheck - 176 total (0 active), Execution time: mean = 0.00ms, total = 0.78ms, Queueing time: mean = 0.02ms, max = 0.04ms, min = 0.01ms, total = 3.58ms
	GcsInMemoryStore.Get - 153 total (0 active), Execution time: mean = 0.02ms, total = 2.43ms, Queueing time: mean = 0.01ms, max = 0.03ms, min = 0.00ms, total = 0.98ms
	InternalKVGcsService.grpc_server.InternalKVGet.HandleRequestImpl - 151 total (0 active), Execution time: mean = 0.03ms, total = 4.62ms, Queueing time: mean = 0.02ms, max = 0.37ms, min = 0.01ms, total = 2.37ms
	InternalKVGcsService.grpc_server.InternalKVGet - 151 total (0 active), Execution time: mean = 0.21ms, total = 31.61ms, Queueing time: mean = 0.00ms, max = -0.00ms, min = 9223372036854.78ms, total = 0.00ms
	NodeInfoGcsService.grpc_server.CheckAlive.HandleRequestImpl - 116 total (0 active), Execution time: mean = 0.01ms, total = 1.32ms, Queueing time: mean = 0.02ms, max = 0.04ms, min = 0.01ms, total = 2.24ms
	NodeInfoGcsService.grpc_server.CheckAlive - 116 total (0 active), Execution time: mean = 0.20ms, total = 22.81ms, Queueing time: mean = 0.00ms, max = -0.00ms, min = 9223372036854.78ms, total = 0.00ms
	AutoscalerStateService.grpc_server.GetClusterResourceState - 108 total (0 active), Execution time: mean = 0.17ms, total = 18.38ms, Queueing time: mean = 0.00ms, max = -0.00ms, min = 9223372036854.78ms, total = 0.00ms
	NodeResourceInfoGcsService.grpc_server.GetAllResourceUsage.HandleRequestImpl - 108 total (0 active), Execution time: mean = 0.05ms, total = 5.32ms, Queueing time: mean = 0.02ms, max = 0.03ms, min = 0.01ms, total = 2.18ms
	NodeResourceInfoGcsService.grpc_server.GetAllResourceUsage - 108 total (0 active), Execution time: mean = 0.26ms, total = 27.90ms, Queueing time: mean = 0.00ms, max = -0.00ms, min = 9223372036854.78ms, total = 0.00ms
	GCSServer.deadline_timer.metrics_report - 108 total (1 active), Execution time: mean = 0.10ms, total = 10.29ms, Queueing time: mean = 0.02ms, max = 0.49ms, min = 0.00ms, total = 2.08ms
	AutoscalerStateService.grpc_server.GetClusterResourceState.HandleRequestImpl - 108 total (0 active), Execution time: mean = 0.04ms, total = 4.13ms, Queueing time: mean = 0.01ms, max = 0.04ms, min = 0.01ms, total = 1.54ms
	event_loop_lag_probe - 56 total (0 active), Execution time: mean = 0.01ms, total = 0.36ms, Queueing time: mean = 0.62ms, max = 34.33ms, min = 0.00ms, total = 34.64ms
	GCSServer.deadline_timer.gcs_global_gc - 54 total (1 active), Execution time: mean = 0.00ms, total = 0.20ms, Queueing time: mean = 0.15ms, max = 1.15ms, min = 0.01ms, total = 8.09ms
	ReporterService.grpc_client.HealthCheck.OnReplyReceived - 31 total (0 active), Execution time: mean = 0.03ms, total = 0.92ms, Queueing time: mean = 31.36ms, max = 971.79ms, min = 0.01ms, total = 972.29ms
	ReporterService.grpc_client.HealthCheck - 31 total (0 active), Execution time: mean = 0.20ms, total = 6.17ms, Queueing time: mean = 0.00ms, max = -0.00ms, min = 9223372036854.78ms, total = 0.00ms
	MetricsAgentClient.WaitForServerReadyWithRetry - 30 total (0 active), Execution time: mean = 0.08ms, total = 2.51ms, Queueing time: mean = 1000.02ms, max = 1000.05ms, min = 1000.01ms, total = 30000.54ms
	NodeInfoGcsService.grpc_server.GetClusterId - 10 total (0 active), Execution time: mean = 1.54ms, total = 15.35ms, Queueing time: mean = 0.00ms, max = -0.00ms, min = 9223372036854.78ms, total = 0.00ms
	NodeInfoGcsService.grpc_server.GetClusterId.HandleRequestImpl - 10 total (0 active), Execution time: mean = 0.38ms, total = 3.85ms, Queueing time: mean = 0.87ms, max = 8.47ms, min = 0.01ms, total = 8.66ms
	GCSServer.deadline_timer.debug_state_event_stats_print - 9 total (1 active, 1 running), Execution time: mean = 0.90ms, total = 8.07ms, Queueing time: mean = 0.01ms, max = 0.01ms, min = 0.01ms, total = 0.10ms
	GcsInMemoryStore.GetAll - 8 total (0 active), Execution time: mean = 0.02ms, total = 0.13ms, Queueing time: mean = 0.05ms, max = 0.10ms, min = 0.00ms, total = 0.38ms
	NodeInfoGcsService.grpc_server.GetAllNodeInfo.HandleRequestImpl - 7 total (0 active), Execution time: mean = 0.02ms, total = 0.13ms, Queueing time: mean = 0.01ms, max = 0.02ms, min = 0.01ms, total = 0.08ms
	NodeInfoGcsService.grpc_server.GetAllNodeInfo - 7 total (0 active), Execution time: mean = 0.15ms, total = 1.07ms, Queueing time: mean = 0.00ms, max = -0.00ms, min = 9223372036854.78ms, total = 0.00ms
	PeriodicalRunner.RunFnPeriodically - 5 total (0 active), Execution time: mean = 0.13ms, total = 0.64ms, Queueing time: mean = 393.88ms, max = 978.61ms, min = 3.95ms, total = 1969.40ms
	NodeInfoGcsService.grpc_server.GetAllNodeAddressAndLiveness - 4 total (0 active), Execution time: mean = 0.24ms, total = 0.95ms, Queueing time: mean = 0.00ms, max = -0.00ms, min = 9223372036854.78ms, total = 0.00ms
	NodeInfoGcsService.grpc_server.GetAllNodeAddressAndLiveness.HandleRequestImpl - 4 total (0 active), Execution time: mean = 0.01ms, total = 0.03ms, Queueing time: mean = 0.12ms, max = 0.45ms, min = 0.01ms, total = 0.48ms
	GcsResourceManager::Update - 4 total (0 active), Execution time: mean = 0.04ms, total = 0.18ms, Queueing time: mean = 0.01ms, max = 0.01ms, min = 0.01ms, total = 0.04ms
	GcsHealthCheckManager::MarkNodeHealthy - 4 total (0 active), Execution time: mean = 0.00ms, total = 0.00ms, Queueing time: mean = 0.01ms, max = 0.01ms, min = 0.01ms, total = 0.05ms
	WorkerInfoGcsService.grpc_server.AddWorkerInfo - 3 total (0 active), Execution time: mean = 0.19ms, total = 0.57ms, Queueing time: mean = 0.00ms, max = -0.00ms, min = 9223372036854.78ms, total = 0.00ms
	GcsInMemoryStore.Keys - 3 total (0 active), Execution time: mean = 0.01ms, total = 0.03ms, Queueing time: mean = 0.01ms, max = 0.01ms, min = 0.01ms, total = 0.02ms
	InternalKVGcsService.grpc_server.InternalKVKeys - 3 total (0 active), Execution time: mean = 0.18ms, total = 0.55ms, Queueing time: mean = 0.00ms, max = -0.00ms, min = 9223372036854.78ms, total = 0.00ms
	InternalKVGcsService.grpc_server.InternalKVKeys.HandleRequestImpl - 3 total (0 active), Execution time: mean = 0.04ms, total = 0.11ms, Queueing time: mean = 0.01ms, max = 0.02ms, min = 0.01ms, total = 0.04ms
	WorkerInfoGcsService.grpc_server.AddWorkerInfo.HandleRequestImpl - 3 total (0 active), Execution time: mean = 0.03ms, total = 0.08ms, Queueing time: mean = 0.01ms, max = 0.02ms, min = 0.01ms, total = 0.04ms
	JobInfoGcsService.grpc_server.GetAllJobInfo - 2 total (0 active), Execution time: mean = 0.17ms, total = 0.34ms, Queueing time: mean = 0.00ms, max = -0.00ms, min = 9223372036854.78ms, total = 0.00ms
	JobInfoGcsService.grpc_server.GetAllJobInfo.HandleRequestImpl - 2 total (0 active), Execution time: mean = 0.02ms, total = 0.04ms, Queueing time: mean = 0.01ms, max = 0.01ms, min = 0.01ms, total = 0.03ms
	GcsInMemoryStore.GetNextJobID - 1 total (0 active), Execution time: mean = 0.00ms, total = 0.00ms, Queueing time: mean = 0.00ms, max = 0.00ms, min = 0.00ms, total = 0.00ms
	NodeInfoGcsService.grpc_server.RegisterNode.HandleRequestImpl - 1 total (0 active), Execution time: mean = 0.09ms, total = 0.09ms, Queueing time: mean = 0.02ms, max = 0.02ms, min = 0.02ms, total = 0.02ms
	NodeManagerService.grpc_client.RequestWorkerLease - 1 total (0 active), Execution time: mean = 2009.14ms, total = 2009.14ms, Queueing time: mean = 0.00ms, max = -0.00ms, min = 9223372036854.78ms, total = 0.00ms
	InternalKVGcsService.grpc_server.InternalKVExists.HandleRequestImpl - 1 total (0 active), Execution time: mean = 0.04ms, total = 0.04ms, Queueing time: mean = 0.01ms, max = 0.01ms, min = 0.01ms, total = 0.01ms
	PlacementGroupInfoGcsService.grpc_server.GetPlacementGroup.HandleRequestImpl - 1 total (0 active), Execution time: mean = 0.02ms, total = 0.02ms, Queueing time: mean = 0.01ms, max = 0.01ms, min = 0.01ms, total = 0.01ms
	JobInfoGcsService.grpc_server.GetNextJobID - 1 total (0 active), Execution time: mean = 0.12ms, total = 0.12ms, Queueing time: mean = 0.00ms, max = -0.00ms, min = 9223372036854.78ms, total = 0.00ms
	GcsInitData::AsyncLoad - 1 total (0 active), Execution time: mean = 0.01ms, total = 0.01ms, Queueing time: mean = 0.00ms, max = 0.00ms, min = 0.00ms, total = 0.00ms
	ActorInfoGcsService.grpc_server.GetActorInfo.HandleRequestImpl - 1 total (0 active), Execution time: mean = 0.02ms, total = 0.02ms, Queueing time: mean = 0.01ms, max = 0.01ms, min = 0.01ms, total = 0.01ms
	JobInfoGcsService.grpc_server.GetNextJobID.HandleRequestImpl - 1 total (0 active), Execution time: mean = 0.01ms, total = 0.01ms, Queueing time: mean = 0.01ms, max = 0.01ms, min = 0.01ms, total = 0.01ms
	JobInfoGcsService.grpc_server.AddJob.HandleRequestImpl - 1 total (0 active), Execution time: mean = 0.10ms, total = 0.10ms, Queueing time: mean = 0.03ms, max = 0.03ms, min = 0.03ms, total = 0.03ms
	CoreWorkerService.grpc_client.PushTask - 1 total (0 active), Execution time: mean = 24448.09ms, total = 24448.09ms, Queueing time: mean = 0.00ms, max = -0.00ms, min = 9223372036854.78ms, total = 0.00ms
	InternalKVGcsService.grpc_server.InternalKVMultiGet - 1 total (0 active), Execution time: mean = 0.18ms, total = 0.18ms, Queueing time: mean = 0.00ms, max = -0.00ms, min = 9223372036854.78ms, total = 0.00ms
	NodeInfoGcsService.grpc_server.RegisterNode - 1 total (0 active), Execution time: mean = 0.53ms, total = 0.53ms, Queueing time: mean = 0.00ms, max = -0.00ms, min = 9223372036854.78ms, total = 0.00ms
	InternalKVGcsService.grpc_server.InternalKVDel - 1 total (0 active), Execution time: mean = 0.50ms, total = 0.50ms, Queueing time: mean = 0.00ms, max = -0.00ms, min = 9223372036854.78ms, total = 0.00ms
	NodeResourceInfoGcsService.grpc_server.GetAllAvailableResources.HandleRequestImpl - 1 total (0 active), Execution time: mean = 0.03ms, total = 0.03ms, Queueing time: mean = 0.02ms, max = 0.02ms, min = 0.02ms, total = 0.02ms
	JobInfoGcsService.grpc_server.AddJob - 1 total (0 active), Execution time: mean = 0.39ms, total = 0.39ms, Queueing time: mean = 0.00ms, max = -0.00ms, min = 9223372036854.78ms, total = 0.00ms
	WorkerInfoGcsService.grpc_server.ReportWorkerFailure - 1 total (0 active), Execution time: mean = 1.66ms, total = 1.66ms, Queueing time: mean = 0.00ms, max = -0.00ms, min = 9223372036854.78ms, total = 0.00ms
	CoreWorkerService.grpc_client.PushTask.OnReplyReceived - 1 total (0 active), Execution time: mean = 0.21ms, total = 0.21ms, Queueing time: mean = 0.02ms, max = 0.02ms, min = 0.02ms, total = 0.02ms
	GcsInMemoryStore.Delete - 1 total (0 active), Execution time: mean = 0.01ms, total = 0.01ms, Queueing time: mean = 0.01ms, max = 0.01ms, min = 0.01ms, total = 0.01ms
	ActorInfoGcsService.grpc_server.RegisterActor - 1 total (0 active), Execution time: mean = 0.77ms, total = 0.77ms, Queueing time: mean = 0.00ms, max = -0.00ms, min = 9223372036854.78ms, total = 0.00ms
	PlacementGroupInfoGcsService.grpc_server.GetPlacementGroup - 1 total (0 active), Execution time: mean = 0.14ms, total = 0.14ms, Queueing time: mean = 0.00ms, max = -0.00ms, min = 9223372036854.78ms, total = 0.00ms
	NodeManager.AddNodeCallback - 1 total (0 active), Execution time: mean = 0.43ms, total = 0.43ms, Queueing time: mean = 0.28ms, max = 0.28ms, min = 0.28ms, total = 0.28ms
	InternalKVGcsService.grpc_server.GetInternalConfig.HandleRequestImpl - 1 total (0 active), Execution time: mean = 0.02ms, total = 0.02ms, Queueing time: mean = 0.02ms, max = 0.02ms, min = 0.02ms, total = 0.02ms
	InternalKVGcsService.grpc_server.InternalKVExists - 1 total (0 active), Execution time: mean = 0.17ms, total = 0.17ms, Queueing time: mean = 0.00ms, max = -0.00ms, min = 9223372036854.78ms, total = 0.00ms
	ActorInfoGcsService.grpc_server.CreateActor - 1 total (0 active), Execution time: mean = 26458.67ms, total = 26458.67ms, Queueing time: mean = 0.00ms, max = -0.00ms, min = 9223372036854.78ms, total = 0.00ms
	InternalKVGcsService.grpc_server.GetInternalConfig - 1 total (0 active), Execution time: mean = 0.27ms, total = 0.27ms, Queueing time: mean = 0.00ms, max = -0.00ms, min = 9223372036854.78ms, total = 0.00ms
	ActorInfoGcsService.grpc_server.RegisterActor.HandleRequestImpl - 1 total (0 active), Execution time: mean = 0.60ms, total = 0.60ms, Queueing time: mean = 0.02ms, max = 0.02ms, min = 0.02ms, total = 0.02ms
	InternalKVGcsService.grpc_server.InternalKVMultiGet.HandleRequestImpl - 1 total (0 active), Execution time: mean = 0.05ms, total = 0.05ms, Queueing time: mean = 0.01ms, max = 0.01ms, min = 0.01ms, total = 0.01ms
	PlacementGroupInfoGcsService.grpc_server.CreatePlacementGroup - 1 total (0 active), Execution time: mean = 0.32ms, total = 0.32ms, Queueing time: mean = 0.00ms, max = -0.00ms, min = 9223372036854.78ms, total = 0.00ms
	InternalKVGcsService.grpc_server.InternalKVDel.HandleRequestImpl - 1 total (0 active), Execution time: mean = 0.03ms, total = 0.03ms, Queueing time: mean = 0.01ms, max = 0.01ms, min = 0.01ms, total = 0.01ms
	CoreWorkerService.grpc_client.WaitForActorRefDeleted - 1 total (1 active), Execution time: mean = 0.00ms, total = 0.00ms, Queueing time: mean = 0.00ms, max = -0.00ms, min = 9223372036854.78ms, total = 0.00ms
	NodeResourceInfoGcsService.grpc_server.GetAllAvailableResources - 1 total (0 active), Execution time: mean = 0.28ms, total = 0.28ms, Queueing time: mean = 0.00ms, max = -0.00ms, min = 9223372036854.78ms, total = 0.00ms
	NodeManagerService.grpc_client.RequestWorkerLease.OnReplyReceived - 1 total (0 active), Execution time: mean = 0.40ms, total = 0.40ms, Queueing time: mean = 0.02ms, max = 0.02ms, min = 0.02ms, total = 0.02ms
	ActorInfoGcsService.grpc_server.GetActorInfo - 1 total (0 active), Execution time: mean = 0.15ms, total = 0.15ms, Queueing time: mean = 0.00ms, max = -0.00ms, min = 9223372036854.78ms, total = 0.00ms
	ActorInfoGcsService.grpc_server.CreateActor.HandleRequestImpl - 1 total (0 active), Execution time: mean = 0.58ms, total = 0.58ms, Queueing time: mean = 0.02ms, max = 0.02ms, min = 0.02ms, total = 0.02ms
	GcsInMemoryStore.Exists - 1 total (0 active), Execution time: mean = 0.01ms, total = 0.01ms, Queueing time: mean = 0.01ms, max = 0.01ms, min = 0.01ms, total = 0.01ms
	WorkerInfoGcsService.grpc_server.ReportWorkerFailure.HandleRequestImpl - 1 total (0 active), Execution time: mean = 0.04ms, total = 0.04ms, Queueing time: mean = 0.03ms, max = 0.03ms, min = 0.03ms, total = 0.03ms
	GcsHealthCheckManager::AddNode - 1 total (0 active), Execution time: mean = 0.01ms, total = 0.01ms, Queueing time: mean = 0.00ms, max = 0.00ms, min = 0.00ms, total = 0.00ms
	PlacementGroupInfoGcsService.grpc_server.CreatePlacementGroup.HandleRequestImpl - 1 total (0 active), Execution time: mean = 0.15ms, total = 0.15ms, Queueing time: mean = 0.01ms, max = 0.01ms, min = 0.01ms, total = 0.01ms
	GcsServer.GetOrGenerateClusterId.continuation - 1 total (0 active), Execution time: mean = 975.13ms, total = 975.13ms, Queueing time: mean = 0.00ms, max = 0.00ms, min = 0.00ms, total = 0.00ms


[2025-11-28 15:45:45,087 I 672498 672498] (gcs_server) gcs_server.cc:944: task_io_context Event stats:


Global stats: 2156 total (1 active)
Queueing time: mean = 0.01ms, max = 0.57ms, min = 0.00ms, total = 21.06ms
Execution time:  mean = 0.08ms, total = 172.82ms
Event stats:
	TaskInfoGcsService.grpc_server.AddTaskEventData.HandleRequestImpl - 995 total (0 active), Execution time: mean = 0.01ms, total = 6.72ms, Queueing time: mean = 0.02ms, max = 0.04ms, min = 0.01ms, total = 18.42ms
	TaskInfoGcsService.grpc_server.AddTaskEventData - 995 total (0 active), Execution time: mean = 0.17ms, total = 164.44ms, Queueing time: mean = 0.00ms, max = -0.00ms, min = 9223372036854.78ms, total = 0.00ms
	GcsTaskManager.GcJobSummary - 109 total (1 active), Execution time: mean = 0.00ms, total = 0.53ms, Queueing time: mean = 0.02ms, max = 0.03ms, min = 0.01ms, total = 1.78ms
	event_loop_lag_probe - 56 total (0 active), Execution time: mean = 0.02ms, total = 1.11ms, Queueing time: mean = 0.02ms, max = 0.57ms, min = 0.00ms, total = 0.85ms
	PeriodicalRunner.RunFnPeriodically - 1 total (0 active), Execution time: mean = 0.02ms, total = 0.02ms, Queueing time: mean = 0.02ms, max = 0.02ms, min = 0.02ms, total = 0.02ms


[2025-11-28 15:45:45,087 I 672498 672498] (gcs_server) gcs_server.cc:944: pubsub_io_context Event stats:


Global stats: 94 total (6 active)
Queueing time: mean = 0.02ms, max = 0.77ms, min = 0.00ms, total = 1.50ms
Execution time:  mean = 732.21ms, total = 68827.77ms
Event stats:
	event_loop_lag_probe - 56 total (0 active), Execution time: mean = 0.02ms, total = 1.01ms, Queueing time: mean = 0.02ms, max = 0.77ms, min = 0.00ms, total = 1.07ms
	InternalPubSubGcsService.grpc_server.GcsSubscriberPoll.HandleRequestImpl - 9 total (0 active), Execution time: mean = 0.03ms, total = 0.27ms, Queueing time: mean = 0.03ms, max = 0.12ms, min = 0.01ms, total = 0.25ms
	InternalPubSubGcsService.grpc_server.GcsSubscriberPoll - 9 total (5 active), Execution time: mean = 7647.18ms, total = 68824.62ms, Queueing time: mean = 0.00ms, max = -0.00ms, min = 9223372036854.78ms, total = 0.00ms
	InternalPubSubGcsService.grpc_server.GcsSubscriberCommandBatch.HandleRequestImpl - 8 total (0 active), Execution time: mean = 0.05ms, total = 0.44ms, Queueing time: mean = 0.02ms, max = 0.02ms, min = 0.01ms, total = 0.13ms
	InternalPubSubGcsService.grpc_server.GcsSubscriberCommandBatch - 8 total (0 active), Execution time: mean = 0.18ms, total = 1.41ms, Queueing time: mean = 0.00ms, max = -0.00ms, min = 9223372036854.78ms, total = 0.00ms
	Publisher.CheckDeadSubscribers - 2 total (1 active), Execution time: mean = 0.00ms, total = 0.01ms, Queueing time: mean = 0.01ms, max = 0.02ms, min = 0.02ms, total = 0.02ms
	RemoveSubscriberFrom - 1 total (0 active), Execution time: mean = 0.01ms, total = 0.01ms, Queueing time: mean = 0.02ms, max = 0.02ms, min = 0.02ms, total = 0.02ms
	PeriodicalRunner.RunFnPeriodically - 1 total (0 active), Execution time: mean = 0.01ms, total = 0.01ms, Queueing time: mean = 0.02ms, max = 0.02ms, min = 0.02ms, total = 0.02ms


[2025-11-28 15:45:45,087 I 672498 672498] (gcs_server) gcs_server.cc:944: ray_syncer_io_context Event stats:


Global stats: 66 total (0 active)
Queueing time: mean = 0.03ms, max = 1.29ms, min = 0.00ms, total = 1.86ms
Execution time:  mean = 0.03ms, total = 1.66ms
Event stats:
	event_loop_lag_probe - 56 total (0 active), Execution time: mean = 0.02ms, total = 1.19ms, Queueing time: mean = 0.03ms, max = 1.29ms, min = 0.00ms, total = 1.70ms
	RaySyncer.BroadcastMessage - 4 total (0 active), Execution time: mean = 0.01ms, total = 0.04ms, Queueing time: mean = 0.00ms, max = 0.00ms, min = 0.00ms, total = 0.00ms
	 - 4 total (0 active), Execution time: mean = 0.10ms, total = 0.42ms, Queueing time: mean = 0.02ms, max = 0.03ms, min = 0.01ms, total = 0.09ms
	RaySyncerRegister - 2 total (0 active), Execution time: mean = 0.00ms, total = 0.01ms, Queueing time: mean = 0.03ms, max = 0.04ms, min = 0.02ms, total = 0.06ms


[2025-11-28 15:45:45,087 I 672498 672498] (gcs_server) gcs_server.cc:944: ray_event_io_context Event stats:


Global stats: 56 total (0 active)
Queueing time: mean = 0.03ms, max = 1.12ms, min = 0.00ms, total = 1.42ms
Execution time:  mean = 0.01ms, total = 0.82ms
Event stats:
	event_loop_lag_probe - 56 total (0 active), Execution time: mean = 0.01ms, total = 0.82ms, Queueing time: mean = 0.03ms, max = 1.12ms, min = 0.00ms, total = 1.42ms


2025-11-28 15:45:46,749	INFO (monitor) autoscaler.py:147 -- The autoscaler took 0.0 seconds to fetch the list of non-terminated nodes.
2025-11-28 15:45:46,749	INFO (monitor) autoscaler.py:408 -- 
======== Autoscaler status: 2025-11-28 15:45:46.749643 ========
Node status
---------------------------------------------------------------
Active:
 1 node_fbb9841b3107256f006a4e24c5be7456a673f220f17e763ce1348e9e
Pending:
 (no pending nodes)
Recent failures:
 (no failures)

Resources
---------------------------------------------------------------
Total Usage:
 1.0/1.0 CPU
 0.0/1.0 GPU
 0B/349.75GiB memory
 0B/149.89GiB object_store_memory

From request_resources:
 (none)
Pending Demands:
 {'CPU': 1.0, 'GPU': 1.0} * 1 (STRICT_PACK): 1+ pending placement groups
2025-11-28 15:45:46,750	INFO (monitor) autoscaler.py:463 -- The autoscaler took 0.001 seconds to complete the update iteration.
[2025-11-28 15:45:47,969 I 672801 672824] (raylet) store.cc:572: Plasma store debug dump: 
Current usage: 0 / 160.946 GB
- num bytes created total: 24
0 pending objects of total size 0MB
- objects spillable: 0
- bytes spillable: 0
- objects unsealed: 0
- bytes unsealed: 0
- objects in use: 0
- bytes in use: 0
- objects evictable: 0
- bytes evictable: 0

- objects created by worker: 0
- bytes created by worker: 0
- objects restored: 0
- bytes restored: 0
- objects received: 0
- bytes received: 0
- objects errored: 0
- bytes errored: 0

[2025-11-28 15:45:49,000 I 672801 672801] (raylet) node_manager.cc:440: [state-dump] NodeManager:
[state-dump] Node ID: fbb9841b3107256f006a4e24c5be7456a673f220f17e763ce1348e9e
[state-dump] Node name: 10.102.35.9
[state-dump] InitialConfigResources: {accelerator_type:A100: 1, CPU: 1, memory: 3.75541e+11, GPU: 1, node:10.102.35.9: 1, object_store_memory: 1.60946e+11, node:__internal_head__: 1}
[state-dump] ClusterLeaseManager:
[state-dump] ========== Node: fbb9841b3107256f006a4e24c5be7456a673f220f17e763ce1348e9e =================
[state-dump] Infeasible queue length: 1
[state-dump] Schedule queue length: 0
[state-dump] Grant queue length: 0
[state-dump] num_waiting_for_resource: 0
[state-dump] num_waiting_for_plasma_memory: 0
[state-dump] num_waiting_for_remote_node_resources: 0
[state-dump] num_worker_not_started_by_job_config_not_exist: 0
[state-dump] num_worker_not_started_by_registration_timeout: 0
[state-dump] num_tasks_waiting_for_workers: 0
[state-dump] num_cancelled_leases: 0
[state-dump] cluster_resource_scheduler state: 
[state-dump] Local id: -6166997991266946165 Local resources: {"total":{GPU: [10000], node:10.102.35.9: [10000], CPU: [10000], node:__internal_head__: [10000], memory: [3755414892550000], object_store_memory: [1609463525370000], accelerator_type:A100: [10000]}}, "available": {GPU: [10000], node:10.102.35.9: [10000], CPU: [0], node:__internal_head__: [10000], memory: [3755414892550000], object_store_memory: [1609463525370000], accelerator_type:A100: [10000]}}, "labels":{"ray.io/node-id":"fbb9841b3107256f006a4e24c5be7456a673f220f17e763ce1348e9e","ray.io/accelerator-type":"A100",} is_draining: 0 is_idle: 0 Cluster resources (at most 20 nodes are shown): node id: -6166997991266946165{"total":{node:10.102.35.9: 10000, GPU: 10000, CPU: 10000, object_store_memory: 1609463525370000, memory: 3755414892550000, accelerator_type:A100: 10000, node:__internal_head__: 10000}}, "available": {object_store_memory: 1609463525370000, memory: 3755414892550000, accelerator_type:A100: 10000, GPU: 10000, node:10.102.35.9: 10000, node:__internal_head__: 10000}}, "labels":{"ray.io/node-id":"fbb9841b3107256f006a4e24c5be7456a673f220f17e763ce1348e9e","ray.io/accelerator-type":"A100",}, "is_draining": 0, "draining_deadline_timestamp_ms": -1} { "placement group locations": [], "node to bundles": []}
[state-dump] Waiting leases size: 0
[state-dump] Number of granted lease arguments: 0
[state-dump] Number of pinned lease arguments: 0
[state-dump] Number of total spilled leases: 0
[state-dump] Number of spilled waiting leases: 0
[state-dump] Number of spilled unschedulable leases: 0
[state-dump] Resource usage {
[state-dump]     - (language=PYTHON actor_or_taskTaskRunner.__init__ pid=673348 worker_id=3293f9baf9f0772a29df934ce9aa40562820dbe52583e5e641f030c5): {CPU: 1}
[state-dump] }
[state-dump] Backlog Size per scheduling descriptor :{workerId: num backlogs}:
[state-dump] 
[state-dump] Granted leases by scheduling class:
[state-dump] ==================================================
[state-dump] 
[state-dump] ClusterResources:
[state-dump] LocalObjectManager:
[state-dump] - num pinned objects: 0
[state-dump] - pinned objects size: 0
[state-dump] - num objects pending restore: 0
[state-dump] - num objects pending spill: 0
[state-dump] - num bytes pending spill: 0
[state-dump] - num bytes currently spilled: 0
[state-dump] - cumulative spill requests: 0
[state-dump] - cumulative restore requests: 0
[state-dump] - spilled objects pending delete: 0
[state-dump] 
[state-dump] ObjectManager:
[state-dump] - num local objects: 0
[state-dump] - num unfulfilled push requests: 0
[state-dump] - num object pull requests: 0
[state-dump] - num chunks received total: 0
[state-dump] - num chunks received failed (all): 0
[state-dump] - num chunks received failed / cancelled: 0
[state-dump] - num chunks received failed / plasma error: 0
[state-dump] Event stats:
[state-dump] Global stats: 0 total (0 active)
[state-dump] Queueing time: mean = -nanms, max = -0.00ms, min = 9223372036854.78ms, total = 0.00ms
[state-dump] Execution time:  mean = -nanms, total = 0.00ms
[state-dump] Event stats:
[state-dump] PushManager:
[state-dump] - num pushes remaining: 0
[state-dump] - num chunks in flight: 0
[state-dump] - num chunks remaining: 0
[state-dump] - max chunks allowed: 409
[state-dump] OwnershipBasedObjectDirectory:
[state-dump] - num listeners: 0
[state-dump] - cumulative location updates: 0
[state-dump] - num location updates per second: 0.000
[state-dump] - num location lookups per second: 0.000
[state-dump] - num locations added per second: 0.000
[state-dump] - num locations removed per second: 0.000
[state-dump] BufferPool:
[state-dump] - create buffer state map size: 0
[state-dump] PullManager:
[state-dump] - num bytes available for pulled objects: 160946352537
[state-dump] - num bytes being pulled (all): 0
[state-dump] - num bytes being pulled / pinned: 0
[state-dump] - get request bundles: BundlePullRequestQueue{0 total, 0 active, 0 inactive, 0 unpullable}
[state-dump] - wait request bundles: BundlePullRequestQueue{0 total, 0 active, 0 inactive, 0 unpullable}
[state-dump] - task request bundles: BundlePullRequestQueue{0 total, 0 active, 0 inactive, 0 unpullable}
[state-dump] - first get request bundle: N/A
[state-dump] - first wait request bundle: N/A
[state-dump] - first task request bundle: N/A
[state-dump] - num objects queued: 0
[state-dump] - num objects actively pulled (all): 0
[state-dump] - num objects actively pulled / pinned: 0
[state-dump] - num bundles being pulled: 0
[state-dump] - num pull retries: 0
[state-dump] - max timeout seconds: 0
[state-dump] - max timeout request is already processed. No entry.
[state-dump] 
[state-dump] WorkerPool:
[state-dump] - registered jobs: 1
[state-dump] - process_failed_job_config_missing: 0
[state-dump] - process_failed_rate_limited: 0
[state-dump] - process_failed_pending_registration: 0
[state-dump] - process_failed_runtime_env_setup_failed: 0
[state-dump] - num JAVA workers: 0
[state-dump] - num JAVA drivers: 0
[state-dump] - num JAVA pending start requests: 0
[state-dump] - num JAVA pending registration requests: 0
[state-dump] - num object spill callbacks queued: 0
[state-dump] - num object restore queued: 0
[state-dump] - num util functions queued: 0
[state-dump] - num PYTHON workers: 1
[state-dump] - num PYTHON drivers: 1
[state-dump] - num PYTHON pending start requests: 0
[state-dump] - num PYTHON pending registration requests: 0
[state-dump] - num object spill callbacks queued: 0
[state-dump] - num object restore queued: 0
[state-dump] - num util functions queued: 0
[state-dump] - num idle workers: 0
[state-dump] LeaseDependencyManager:
[state-dump] - lease deps map size: 0
[state-dump] - get req map size: 0
[state-dump] - wait req map size: 0
[state-dump] - local objects map size: 0
[state-dump] WaitManager:
[state-dump] - num active wait requests: 0
[state-dump] Subscriber:
[state-dump] Channel WORKER_OBJECT_EVICTION
[state-dump] - cumulative subscribe requests: 0
[state-dump] - cumulative unsubscribe requests: 0
[state-dump] - active subscribed publishers: 0
[state-dump] - cumulative published messages: 0
[state-dump] - cumulative processed messages: 0
[state-dump] Channel WORKER_OBJECT_LOCATIONS_CHANNEL
[state-dump] - cumulative subscribe requests: 0
[state-dump] - cumulative unsubscribe requests: 0
[state-dump] - active subscribed publishers: 0
[state-dump] - cumulative published messages: 0
[state-dump] - cumulative processed messages: 0
[state-dump] Channel WORKER_REF_REMOVED_CHANNEL
[state-dump] - cumulative subscribe requests: 0
[state-dump] - cumulative unsubscribe requests: 0
[state-dump] - active subscribed publishers: 0
[state-dump] - cumulative published messages: 0
[state-dump] - cumulative processed messages: 0
[state-dump] num async plasma notifications: 0
[state-dump] Event stats:
[state-dump] Global stats: 26922 total (18 active)
[state-dump] Queueing time: mean = 2.13ms, max = 24446.82ms, min = -0.03ms, total = 57305.09ms
[state-dump] Execution time:  mean = 1.69ms, total = 45451.23ms
[state-dump] Event stats:
[state-dump] 	ObjectManager.UpdateAvailableMemory - 5400 total (0 active), Execution time: mean = 0.00ms, total = 3.64ms, Queueing time: mean = 0.01ms, max = 0.09ms, min = 0.00ms, total = 46.08ms
[state-dump] 	NodeManager.CheckGC - 5400 total (1 active), Execution time: mean = 0.00ms, total = 4.46ms, Queueing time: mean = 0.02ms, max = 6.32ms, min = 0.00ms, total = 99.55ms
[state-dump] 	RaySyncer.OnDemandBroadcasting - 5400 total (1 active), Execution time: mean = 0.00ms, total = 7.37ms, Queueing time: mean = 0.02ms, max = 6.31ms, min = -0.00ms, total = 96.54ms
[state-dump] 	RayletWorkerPool.deadline_timer.kill_idle_workers - 2700 total (1 active), Execution time: mean = 0.00ms, total = 4.21ms, Queueing time: mean = 0.02ms, max = 0.80ms, min = 0.01ms, total = 47.19ms
[state-dump] 	MemoryMonitor.CheckIsMemoryUsageAboveThreshold - 2157 total (1 active), Execution time: mean = 0.39ms, total = 834.47ms, Queueing time: mean = 0.01ms, max = 0.04ms, min = -0.00ms, total = 32.10ms
[state-dump] 	NodeManagerService.grpc_server.ReportWorkerBacklog.HandleRequestImpl - 1001 total (0 active), Execution time: mean = 0.04ms, total = 38.98ms, Queueing time: mean = 0.01ms, max = 0.25ms, min = 0.01ms, total = 14.29ms
[state-dump] 	NodeManagerService.grpc_server.ReportWorkerBacklog - 1001 total (0 active), Execution time: mean = 0.20ms, total = 198.35ms, Queueing time: mean = 0.00ms, max = -0.00ms, min = 9223372036854.78ms, total = 0.00ms
[state-dump] 	NodeManager.deadline_timer.flush_free_objects - 540 total (1 active), Execution time: mean = 0.00ms, total = 0.62ms, Queueing time: mean = 0.09ms, max = 0.97ms, min = 0.01ms, total = 47.40ms
[state-dump] 	NodeManager.CheckForUnexpectedWorkerDisconnects - 540 total (1 active), Execution time: mean = 0.01ms, total = 3.46ms, Queueing time: mean = 0.02ms, max = 1.15ms, min = -0.00ms, total = 9.99ms
[state-dump] 	NodeManagerService.grpc_server.GetResourceLoad.HandleRequestImpl - 540 total (0 active), Execution time: mean = 0.06ms, total = 29.97ms, Queueing time: mean = 0.01ms, max = 0.32ms, min = 0.01ms, total = 8.08ms
[state-dump] 	NodeManagerService.grpc_server.GetResourceLoad - 540 total (0 active), Execution time: mean = 0.25ms, total = 132.48ms, Queueing time: mean = 0.00ms, max = -0.00ms, min = 9223372036854.78ms, total = 0.00ms
[state-dump] 	NodeManager.ScheduleAndGrantLeases - 540 total (1 active), Execution time: mean = 0.01ms, total = 4.02ms, Queueing time: mean = 0.02ms, max = 1.15ms, min = 0.00ms, total = 9.46ms
[state-dump] 	NodeManager.deadline_timer.spill_objects_when_over_threshold - 540 total (1 active), Execution time: mean = 0.00ms, total = 0.62ms, Queueing time: mean = 0.09ms, max = 0.97ms, min = 0.01ms, total = 47.43ms
[state-dump] 	ClusterResourceManager.ResetRemoteNodeView - 181 total (1 active), Execution time: mean = 0.00ms, total = 0.36ms, Queueing time: mean = 0.02ms, max = 0.03ms, min = 0.01ms, total = 2.91ms
[state-dump] 	NodeManager.deadline_timer.record_metrics - 108 total (1 active), Execution time: mean = 0.12ms, total = 13.16ms, Queueing time: mean = 0.32ms, max = 0.94ms, min = 0.01ms, total = 34.75ms
[state-dump] 	event_loop_lag_probe - 56 total (0 active), Execution time: mean = 0.02ms, total = 0.94ms, Queueing time: mean = 0.22ms, max = 12.24ms, min = 0.00ms, total = 12.41ms
[state-dump] 	NodeManager.deadline_timer.debug_state_dump - 54 total (1 active), Execution time: mean = 0.87ms, total = 47.22ms, Queueing time: mean = 0.01ms, max = 0.03ms, min = -0.03ms, total = 0.68ms
[state-dump] 	ReporterService.grpc_client.HealthCheck.OnReplyReceived - 31 total (0 active), Execution time: mean = 0.03ms, total = 0.86ms, Queueing time: mean = 0.02ms, max = 0.24ms, min = 0.00ms, total = 0.54ms
[state-dump] 	ReporterService.grpc_client.HealthCheck - 31 total (0 active), Execution time: mean = 0.16ms, total = 4.89ms, Queueing time: mean = 0.00ms, max = -0.00ms, min = 9223372036854.78ms, total = 0.00ms
[state-dump] 	MetricsAgentClient.WaitForServerReadyWithRetry - 30 total (0 active), Execution time: mean = 0.09ms, total = 2.76ms, Queueing time: mean = 1000.01ms, max = 1000.02ms, min = 1000.01ms, total = 30000.42ms
[state-dump] 	PeriodicalRunner.RunFnPeriodically - 14 total (0 active), Execution time: mean = 0.20ms, total = 2.78ms, Queueing time: mean = 5.10ms, max = 15.84ms, min = 0.04ms, total = 71.38ms
[state-dump] 	ClientConnection.async_read.ProcessMessageHeader - 14 total (2 active), Execution time: mean = 0.00ms, total = 0.06ms, Queueing time: mean = 1908.23ms, max = 24446.82ms, min = 0.03ms, total = 26715.22ms
[state-dump] 	ClientConnection.async_read.ProcessMessage - 12 total (0 active), Execution time: mean = 0.64ms, total = 7.69ms, Queueing time: mean = 0.01ms, max = 0.02ms, min = 0.00ms, total = 0.07ms
[state-dump] 	ray::rpc::NodeInfoGcsService.grpc_client.CheckAlive - 9 total (0 active), Execution time: mean = 0.76ms, total = 6.83ms, Queueing time: mean = 0.00ms, max = -0.00ms, min = 9223372036854.78ms, total = 0.00ms
[state-dump] 	NodeManager.deadline_timer.print_event_loop_stats - 9 total (1 active, 1 running), Execution time: mean = 0.87ms, total = 7.81ms, Queueing time: mean = 0.01ms, max = 0.02ms, min = 0.01ms, total = 0.10ms
[state-dump] 	ray::rpc::NodeInfoGcsService.grpc_client.CheckAlive.OnReplyReceived - 9 total (0 active), Execution time: mean = 0.02ms, total = 0.19ms, Queueing time: mean = 0.02ms, max = 0.03ms, min = 0.01ms, total = 0.18ms
[state-dump] 	NodeManager.GcsCheckAlive - 9 total (1 active), Execution time: mean = 0.15ms, total = 1.36ms, Queueing time: mean = 0.72ms, max = 1.12ms, min = 0.62ms, total = 6.44ms
[state-dump] 	ClientConnection.async_write.DoAsyncWrites - 4 total (0 active), Execution time: mean = 0.00ms, total = 0.00ms, Queueing time: mean = 0.06ms, max = 0.17ms, min = 0.02ms, total = 0.25ms
[state-dump] 	RaySyncer.BroadcastMessage - 4 total (0 active), Execution time: mean = 0.14ms, total = 0.55ms, Queueing time: mean = 0.00ms, max = 0.00ms, min = 0.00ms, total = 0.00ms
[state-dump] 	 - 4 total (0 active), Execution time: mean = 0.00ms, total = 0.00ms, Queueing time: mean = 0.01ms, max = 0.02ms, min = 0.01ms, total = 0.06ms
[state-dump] 	ray::rpc::InternalPubSubGcsService.grpc_client.GcsSubscriberPoll - 3 total (1 active), Execution time: mean = 13680.88ms, total = 41042.65ms, Queueing time: mean = 0.00ms, max = -0.00ms, min = 9223372036854.78ms, total = 0.00ms
[state-dump] 	NodeManagerService.grpc_server.GetSystemConfig - 3 total (0 active), Execution time: mean = 0.33ms, total = 1.00ms, Queueing time: mean = 0.00ms, max = -0.00ms, min = 9223372036854.78ms, total = 0.00ms
[state-dump] 	ObjectManager.ObjectDeleted - 3 total (0 active), Execution time: mean = 0.01ms, total = 0.03ms, Queueing time: mean = 0.02ms, max = 0.02ms, min = 0.02ms, total = 0.06ms
[state-dump] 	NodeManagerService.grpc_server.GetSystemConfig.HandleRequestImpl - 3 total (0 active), Execution time: mean = 0.05ms, total = 0.14ms, Queueing time: mean = 0.01ms, max = 0.02ms, min = 0.01ms, total = 0.04ms
[state-dump] 	ObjectManager.ObjectAdded - 3 total (0 active), Execution time: mean = 0.01ms, total = 0.03ms, Queueing time: mean = 0.01ms, max = 0.01ms, min = 0.01ms, total = 0.03ms
[state-dump] 	RaySyncerRegister - 2 total (0 active), Execution time: mean = 0.00ms, total = 0.00ms, Queueing time: mean = 0.00ms, max = 0.00ms, min = 0.00ms, total = 0.00ms
[state-dump] 	NodeManagerService.grpc_server.RequestWorkerLease - 2 total (1 active), Execution time: mean = 1004.34ms, total = 2008.67ms, Queueing time: mean = 0.00ms, max = -0.00ms, min = 9223372036854.78ms, total = 0.00ms
[state-dump] 	ray::rpc::InternalPubSubGcsService.grpc_client.GcsSubscriberCommandBatch - 2 total (0 active), Execution time: mean = 0.88ms, total = 1.76ms, Queueing time: mean = 0.00ms, max = -0.00ms, min = 9223372036854.78ms, total = 0.00ms
[state-dump] 	ray::rpc::InternalPubSubGcsService.grpc_client.GcsSubscriberCommandBatch.OnReplyReceived - 2 total (0 active), Execution time: mean = 0.10ms, total = 0.19ms, Queueing time: mean = 0.57ms, max = 0.97ms, min = 0.16ms, total = 1.13ms
[state-dump] 	NodeManagerService.grpc_server.RequestWorkerLease.HandleRequestImpl - 2 total (0 active), Execution time: mean = 0.09ms, total = 0.18ms, Queueing time: mean = 0.01ms, max = 0.02ms, min = 0.01ms, total = 0.03ms
[state-dump] 	ray::rpc::InternalPubSubGcsService.grpc_client.GcsSubscriberPoll.OnReplyReceived - 2 total (0 active), Execution time: mean = 0.08ms, total = 0.17ms, Queueing time: mean = 0.02ms, max = 0.04ms, min = 0.01ms, total = 0.05ms
[state-dump] 	ray::rpc::InternalKVGcsService.grpc_client.GetInternalConfig.OnReplyReceived - 1 total (0 active), Execution time: mean = 1023.30ms, total = 1023.30ms, Queueing time: mean = 0.01ms, max = 0.01ms, min = 0.01ms, total = 0.01ms
[state-dump] 	ray::rpc::NodeInfoGcsService.grpc_client.GetAllNodeAddressAndLiveness.OnReplyReceived - 1 total (0 active), Execution time: mean = 0.15ms, total = 0.15ms, Queueing time: mean = 0.01ms, max = 0.01ms, min = 0.01ms, total = 0.01ms
[state-dump] 	ray::rpc::WorkerInfoGcsService.grpc_client.ReportWorkerFailure - 1 total (0 active), Execution time: mean = 2.04ms, total = 2.04ms, Queueing time: mean = 0.00ms, max = -0.00ms, min = 9223372036854.78ms, total = 0.00ms
[state-dump] 	ray::rpc::NodeInfoGcsService.grpc_client.RegisterNode.OnReplyReceived - 1 total (0 active), Execution time: mean = 0.36ms, total = 0.36ms, Queueing time: mean = 0.01ms, max = 0.01ms, min = 0.01ms, total = 0.01ms
[state-dump] 	ray::rpc::JobInfoGcsService.grpc_client.AddJob.OnReplyReceived - 1 total (0 active), Execution time: mean = 0.05ms, total = 0.05ms, Queueing time: mean = 0.02ms, max = 0.02ms, min = 0.02ms, total = 0.02ms
[state-dump] 	ray::rpc::JobInfoGcsService.grpc_client.AddJob - 1 total (0 active), Execution time: mean = 1.76ms, total = 1.76ms, Queueing time: mean = 0.00ms, max = -0.00ms, min = 9223372036854.78ms, total = 0.00ms
[state-dump] 	Subscriber.HandlePublishedMessage_GCS_WORKER_DELTA_CHANNEL - 1 total (0 active), Execution time: mean = 0.00ms, total = 0.00ms, Queueing time: mean = 0.06ms, max = 0.06ms, min = 0.06ms, total = 0.06ms
[state-dump] 	ray::rpc::InternalKVGcsService.grpc_client.GetInternalConfig - 1 total (0 active), Execution time: mean = 1.11ms, total = 1.11ms, Queueing time: mean = 0.00ms, max = -0.00ms, min = 9223372036854.78ms, total = 0.00ms
[state-dump] 	ray::rpc::NodeInfoGcsService.grpc_client.GetAllNodeAddressAndLiveness - 1 total (0 active), Execution time: mean = 0.72ms, total = 0.72ms, Queueing time: mean = 0.00ms, max = -0.00ms, min = 9223372036854.78ms, total = 0.00ms
[state-dump] 	Subscriber.HandlePublishedMessage_GCS_JOB_CHANNEL - 1 total (0 active), Execution time: mean = 0.02ms, total = 0.02ms, Queueing time: mean = 0.11ms, max = 0.11ms, min = 0.11ms, total = 0.11ms
[state-dump] 	ray::rpc::JobInfoGcsService.grpc_client.GetAllJobInfo - 1 total (0 active), Execution time: mean = 0.70ms, total = 0.70ms, Queueing time: mean = 0.00ms, max = -0.00ms, min = 9223372036854.78ms, total = 0.00ms
[state-dump] 	NodeManager.GCTaskFailureReason - 1 total (1 active), Execution time: mean = 0.00ms, total = 0.00ms, Queueing time: mean = 0.00ms, max = -0.00ms, min = 9223372036854.78ms, total = 0.00ms
[state-dump] 	ray::rpc::NodeInfoGcsService.grpc_client.RegisterNode - 1 total (0 active), Execution time: mean = 1.83ms, total = 1.83ms, Queueing time: mean = 0.00ms, max = -0.00ms, min = 9223372036854.78ms, total = 0.00ms
[state-dump] 	CoreWorkerService.grpc_client.Exit.OnReplyReceived - 1 total (0 active), Execution time: mean = 0.02ms, total = 0.02ms, Queueing time: mean = 0.01ms, max = 0.01ms, min = 0.01ms, total = 0.01ms
[state-dump] 	ray::rpc::JobInfoGcsService.grpc_client.GetAllJobInfo.OnReplyReceived - 1 total (0 active), Execution time: mean = 0.01ms, total = 0.01ms, Queueing time: mean = 0.01ms, max = 0.01ms, min = 0.01ms, total = 0.01ms
[state-dump] 	CoreWorkerService.grpc_client.Exit - 1 total (0 active), Execution time: mean = 4.20ms, total = 4.20ms, Queueing time: mean = 0.00ms, max = -0.00ms, min = 9223372036854.78ms, total = 0.00ms
[state-dump] 	ray::rpc::WorkerInfoGcsService.grpc_client.ReportWorkerFailure.OnReplyReceived - 1 total (0 active), Execution time: mean = 0.02ms, total = 0.02ms, Queueing time: mean = 0.02ms, max = 0.02ms, min = 0.02ms, total = 0.02ms
[state-dump] DebugString() time ms: 0
[state-dump] 
[state-dump] 
2025-11-28 15:45:51,752	INFO (monitor) autoscaler.py:147 -- The autoscaler took 0.0 seconds to fetch the list of non-terminated nodes.
2025-11-28 15:45:51,753	INFO (monitor) autoscaler.py:408 -- 
======== Autoscaler status: 2025-11-28 15:45:51.752962 ========
Node status
---------------------------------------------------------------
Active:
 1 node_fbb9841b3107256f006a4e24c5be7456a673f220f17e763ce1348e9e
Pending:
 (no pending nodes)
Recent failures:
 (no failures)

Resources
---------------------------------------------------------------
Total Usage:
 1.0/1.0 CPU
 0.0/1.0 GPU
 0B/349.75GiB memory
 0B/149.89GiB object_store_memory

From request_resources:
 (none)
Pending Demands:
 {'CPU': 1.0, 'GPU': 1.0} * 1 (STRICT_PACK): 1+ pending placement groups
2025-11-28 15:45:51,753	INFO (monitor) autoscaler.py:463 -- The autoscaler took 0.001 seconds to complete the update iteration.
2025-11-28 15:45:56,756	INFO (monitor) autoscaler.py:147 -- The autoscaler took 0.0 seconds to fetch the list of non-terminated nodes.
2025-11-28 15:45:56,756	INFO (monitor) autoscaler.py:408 -- 
======== Autoscaler status: 2025-11-28 15:45:56.756262 ========
Node status
---------------------------------------------------------------
Active:
 1 node_fbb9841b3107256f006a4e24c5be7456a673f220f17e763ce1348e9e
Pending:
 (no pending nodes)
Recent failures:
 (no failures)

Resources
---------------------------------------------------------------
Total Usage:
 1.0/1.0 CPU
 0.0/1.0 GPU
 0B/349.75GiB memory
 0B/149.89GiB object_store_memory

From request_resources:
 (none)
Pending Demands:
 {'CPU': 1.0, 'GPU': 1.0} * 1 (STRICT_PACK): 1+ pending placement groups
2025-11-28 15:45:56,756	INFO (monitor) autoscaler.py:463 -- The autoscaler took 0.001 seconds to complete the update iteration.
2025-11-28 15:46:01,759	INFO (monitor) autoscaler.py:147 -- The autoscaler took 0.0 seconds to fetch the list of non-terminated nodes.
2025-11-28 15:46:01,759	INFO (monitor) autoscaler.py:408 -- 
======== Autoscaler status: 2025-11-28 15:46:01.759381 ========
Node status
---------------------------------------------------------------
Active:
 1 node_fbb9841b3107256f006a4e24c5be7456a673f220f17e763ce1348e9e
Pending:
 (no pending nodes)
Recent failures:
 (no failures)

Resources
---------------------------------------------------------------
Total Usage:
 1.0/1.0 CPU
 0.0/1.0 GPU
 0B/349.75GiB memory
 0B/149.89GiB object_store_memory

From request_resources:
 (none)
Pending Demands:
 {'CPU': 1.0, 'GPU': 1.0} * 1 (STRICT_PACK): 1+ pending placement groups
2025-11-28 15:46:01,760	INFO (monitor) autoscaler.py:463 -- The autoscaler took 0.001 seconds to complete the update iteration.
2025-11-28 15:46:06,762	INFO (monitor) autoscaler.py:147 -- The autoscaler took 0.0 seconds to fetch the list of non-terminated nodes.
2025-11-28 15:46:06,762	INFO (monitor) autoscaler.py:408 -- 
======== Autoscaler status: 2025-11-28 15:46:06.762672 ========
Node status
---------------------------------------------------------------
Active:
 1 node_fbb9841b3107256f006a4e24c5be7456a673f220f17e763ce1348e9e
Pending:
 (no pending nodes)
Recent failures:
 (no failures)

Resources
---------------------------------------------------------------
Total Usage:
 1.0/1.0 CPU
 0.0/1.0 GPU
 0B/349.75GiB memory
 0B/149.89GiB object_store_memory

From request_resources:
 (none)
Pending Demands:
 {'CPU': 1.0, 'GPU': 1.0} * 1 (STRICT_PACK): 1+ pending placement groups
2025-11-28 15:46:06,763	INFO (monitor) autoscaler.py:463 -- The autoscaler took 0.001 seconds to complete the update iteration.
2025-11-28 15:46:11,765	INFO (monitor) autoscaler.py:147 -- The autoscaler took 0.0 seconds to fetch the list of non-terminated nodes.
2025-11-28 15:46:11,765	INFO (monitor) autoscaler.py:408 -- 
======== Autoscaler status: 2025-11-28 15:46:11.765658 ========
Node status
---------------------------------------------------------------
Active:
 1 node_fbb9841b3107256f006a4e24c5be7456a673f220f17e763ce1348e9e
Pending:
 (no pending nodes)
Recent failures:
 (no failures)

Resources
---------------------------------------------------------------
Total Usage:
 1.0/1.0 CPU
 0.0/1.0 GPU
 0B/349.75GiB memory
 0B/149.89GiB object_store_memory

From request_resources:
 (none)
Pending Demands:
 {'CPU': 1.0, 'GPU': 1.0} * 1 (STRICT_PACK): 1+ pending placement groups
2025-11-28 15:46:11,766	INFO (monitor) autoscaler.py:463 -- The autoscaler took 0.001 seconds to complete the update iteration.
2025-11-28 15:46:16,768	INFO (monitor) autoscaler.py:147 -- The autoscaler took 0.0 seconds to fetch the list of non-terminated nodes.
2025-11-28 15:46:16,769	INFO (monitor) autoscaler.py:408 -- 
======== Autoscaler status: 2025-11-28 15:46:16.768965 ========
Node status
---------------------------------------------------------------
Active:
 1 node_fbb9841b3107256f006a4e24c5be7456a673f220f17e763ce1348e9e
Pending:
 (no pending nodes)
Recent failures:
 (no failures)

Resources
---------------------------------------------------------------
Total Usage:
 1.0/1.0 CPU
 0.0/1.0 GPU
 0B/349.75GiB memory
 0B/149.89GiB object_store_memory

From request_resources:
 (none)
Pending Demands:
 {'CPU': 1.0, 'GPU': 1.0} * 1 (STRICT_PACK): 1+ pending placement groups
2025-11-28 15:46:16,769	INFO (monitor) autoscaler.py:463 -- The autoscaler took 0.001 seconds to complete the update iteration.
2025-11-28 15:46:21,772	INFO (monitor) autoscaler.py:147 -- The autoscaler took 0.0 seconds to fetch the list of non-terminated nodes.
2025-11-28 15:46:21,772	INFO (monitor) autoscaler.py:408 -- 
======== Autoscaler status: 2025-11-28 15:46:21.772425 ========
Node status
---------------------------------------------------------------
Active:
 1 node_fbb9841b3107256f006a4e24c5be7456a673f220f17e763ce1348e9e
Pending:
 (no pending nodes)
Recent failures:
 (no failures)

Resources
---------------------------------------------------------------
Total Usage:
 1.0/1.0 CPU
 0.0/1.0 GPU
 0B/349.75GiB memory
 0B/149.89GiB object_store_memory

From request_resources:
 (none)
Pending Demands:
 {'CPU': 1.0, 'GPU': 1.0} * 1 (STRICT_PACK): 1+ pending placement groups
2025-11-28 15:46:21,773	INFO (monitor) autoscaler.py:463 -- The autoscaler took 0.001 seconds to complete the update iteration.
2025-11-28 15:46:26,775	INFO (monitor) autoscaler.py:147 -- The autoscaler took 0.0 seconds to fetch the list of non-terminated nodes.
2025-11-28 15:46:26,775	INFO (monitor) autoscaler.py:408 -- 
======== Autoscaler status: 2025-11-28 15:46:26.775596 ========
Node status
---------------------------------------------------------------
Active:
 1 node_fbb9841b3107256f006a4e24c5be7456a673f220f17e763ce1348e9e
Pending:
 (no pending nodes)
Recent failures:
 (no failures)

Resources
---------------------------------------------------------------
Total Usage:
 1.0/1.0 CPU
 0.0/1.0 GPU
 0B/349.75GiB memory
 0B/149.89GiB object_store_memory

From request_resources:
 (none)
Pending Demands:
 {'CPU': 1.0, 'GPU': 1.0} * 1 (STRICT_PACK): 1+ pending placement groups
2025-11-28 15:46:26,776	INFO (monitor) autoscaler.py:463 -- The autoscaler took 0.001 seconds to complete the update iteration.
[2025-11-28 15:46:28,842 I 672950 673266] (python-core-driver-01000000ffffffffffffffffffffffffffffffffffffffffffffffff) core_worker.cc:455: Event stats:


Global stats: 7314 total (9 active)
Queueing time: mean = 4.12ms, max = 1000.04ms, min = -0.00ms, total = 30103.03ms
Execution time:  mean = 7.30ms, total = 53395.60ms
Event stats:
	CoreWorker.RecoverObjects - 5400 total (1 active), Execution time: mean = 0.00ms, total = 14.19ms, Queueing time: mean = 0.01ms, max = 0.45ms, min = -0.00ms, total = 80.90ms
	CoreWorker.InternalHeartbeat - 540 total (1 active), Execution time: mean = 0.11ms, total = 58.31ms, Queueing time: mean = 0.01ms, max = 0.03ms, min = 0.01ms, total = 7.76ms
	NodeManagerService.grpc_client.ReportWorkerBacklog.OnReplyReceived - 540 total (0 active), Execution time: mean = 0.01ms, total = 7.70ms, Queueing time: mean = 0.01ms, max = 0.04ms, min = 0.01ms, total = 6.48ms
	NodeManagerService.grpc_client.ReportWorkerBacklog - 540 total (0 active), Execution time: mean = 0.49ms, total = 267.16ms, Queueing time: mean = 0.00ms, max = -0.00ms, min = 9223372036854.78ms, total = 0.00ms
	CoreWorker.RecordMetrics - 108 total (1 active), Execution time: mean = 0.04ms, total = 4.18ms, Queueing time: mean = 0.01ms, max = 0.02ms, min = 0.01ms, total = 1.30ms
	CoreWorker.TryDelPendingObjectRefStreams - 54 total (1 active), Execution time: mean = 0.00ms, total = 0.15ms, Queueing time: mean = 0.07ms, max = 0.50ms, min = 0.01ms, total = 3.67ms
	ReporterService.grpc_client.HealthCheck.OnReplyReceived - 31 total (0 active), Execution time: mean = 0.01ms, total = 0.44ms, Queueing time: mean = 0.01ms, max = 0.01ms, min = 0.00ms, total = 0.19ms
	ReporterService.grpc_client.HealthCheck - 31 total (0 active), Execution time: mean = 0.08ms, total = 2.61ms, Queueing time: mean = 0.00ms, max = -0.00ms, min = 9223372036854.78ms, total = 0.00ms
	MetricsAgentClient.WaitForServerReadyWithRetry - 30 total (0 active), Execution time: mean = 0.06ms, total = 1.91ms, Queueing time: mean = 1000.01ms, max = 1000.04ms, min = 1000.01ms, total = 30000.33ms
	CoreWorker.PrintEventStats - 9 total (1 active, 1 running), Execution time: mean = 0.44ms, total = 3.97ms, Queueing time: mean = 0.01ms, max = 0.02ms, min = 0.01ms, total = 0.13ms
	PeriodicalRunner.RunFnPeriodically - 6 total (0 active), Execution time: mean = 0.10ms, total = 0.63ms, Queueing time: mean = 0.27ms, max = 0.59ms, min = 0.01ms, total = 1.60ms
	ray::rpc::InternalPubSubGcsService.grpc_client.GcsSubscriberCommandBatch.OnReplyReceived - 2 total (0 active), Execution time: mean = 0.12ms, total = 0.24ms, Queueing time: mean = 0.01ms, max = 0.01ms, min = 0.01ms, total = 0.02ms
	ray::rpc::InternalPubSubGcsService.grpc_client.GcsSubscriberPoll - 2 total (1 active), Execution time: mean = 13284.78ms, total = 26569.57ms, Queueing time: mean = 0.00ms, max = -0.00ms, min = 9223372036854.78ms, total = 0.00ms
	Publisher.CheckDeadSubscribers - 2 total (1 active), Execution time: mean = 0.00ms, total = 0.00ms, Queueing time: mean = 0.00ms, max = 0.01ms, min = 0.01ms, total = 0.01ms
	ray::rpc::InternalPubSubGcsService.grpc_client.GcsSubscriberCommandBatch - 2 total (0 active), Execution time: mean = 0.34ms, total = 0.67ms, Queueing time: mean = 0.00ms, max = -0.00ms, min = 9223372036854.78ms, total = 0.00ms
	ActorCreator.AsyncRegisterActor - 1 total (0 active), Execution time: mean = 0.39ms, total = 0.39ms, Queueing time: mean = 0.01ms, max = 0.01ms, min = 0.01ms, total = 0.01ms
	ray::rpc::ActorInfoGcsService.grpc_client.RegisterActor.OnReplyReceived - 1 total (0 active), Execution time: mean = 0.14ms, total = 0.14ms, Queueing time: mean = 0.01ms, max = 0.01ms, min = 0.01ms, total = 0.01ms
	ray::rpc::ActorInfoGcsService.grpc_client.GetActorInfo - 1 total (0 active), Execution time: mean = 0.33ms, total = 0.33ms, Queueing time: mean = 0.00ms, max = -0.00ms, min = 9223372036854.78ms, total = 0.00ms
	ray::rpc::ActorInfoGcsService.grpc_client.CreateActor - 1 total (0 active), Execution time: mean = 26458.78ms, total = 26458.78ms, Queueing time: mean = 0.00ms, max = -0.00ms, min = 9223372036854.78ms, total = 0.00ms
	ActorTaskSubmitter::SubmitTask - 1 total (0 active), Execution time: mean = 0.01ms, total = 0.01ms, Queueing time: mean = 0.01ms, max = 0.01ms, min = 0.01ms, total = 0.01ms
	ray::rpc::NodeInfoGcsService.grpc_client.GetAllNodeAddressAndLiveness - 1 total (0 active), Execution time: mean = 0.33ms, total = 0.33ms, Queueing time: mean = 0.00ms, max = -0.00ms, min = 9223372036854.78ms, total = 0.00ms
	CoreWorkerService.grpc_server.WaitForActorRefDeleted - 1 total (1 active), Execution time: mean = 0.00ms, total = 0.00ms, Queueing time: mean = 0.00ms, max = -0.00ms, min = 9223372036854.78ms, total = 0.00ms
	ray::rpc::InternalPubSubGcsService.grpc_client.GcsSubscriberPoll.OnReplyReceived - 1 total (0 active), Execution time: mean = 0.29ms, total = 0.29ms, Queueing time: mean = 0.02ms, max = 0.02ms, min = 0.02ms, total = 0.02ms
	ray::rpc::ActorInfoGcsService.grpc_client.RegisterActor - 1 total (0 active), Execution time: mean = 1.04ms, total = 1.04ms, Queueing time: mean = 0.00ms, max = -0.00ms, min = 9223372036854.78ms, total = 0.00ms
	ray::rpc::WorkerInfoGcsService.grpc_client.AddWorkerInfo - 1 total (0 active), Execution time: mean = 0.47ms, total = 0.47ms, Queueing time: mean = 0.00ms, max = -0.00ms, min = 9223372036854.78ms, total = 0.00ms
	CoreWorkerService.grpc_client.PushTask - 1 total (1 active), Execution time: mean = 0.00ms, total = 0.00ms, Queueing time: mean = 0.00ms, max = -0.00ms, min = 9223372036854.78ms, total = 0.00ms
	Subscriber.HandlePublishedMessage_GCS_ACTOR_CHANNEL - 1 total (0 active), Execution time: mean = 1.10ms, total = 1.10ms, Queueing time: mean = 0.11ms, max = 0.11ms, min = 0.11ms, total = 0.11ms
	ray::rpc::ActorInfoGcsService.grpc_client.CreateActor.OnReplyReceived - 1 total (0 active), Execution time: mean = 0.19ms, total = 0.19ms, Queueing time: mean = 0.01ms, max = 0.01ms, min = 0.01ms, total = 0.01ms
	ray::rpc::NodeInfoGcsService.grpc_client.GetAllNodeAddressAndLiveness.OnReplyReceived - 1 total (0 active), Execution time: mean = 0.04ms, total = 0.04ms, Queueing time: mean = 0.45ms, max = 0.45ms, min = 0.45ms, total = 0.45ms
	CoreWorkerService.grpc_server.WaitForActorRefDeleted.HandleRequestImpl - 1 total (0 active), Execution time: mean = 0.04ms, total = 0.04ms, Queueing time: mean = 0.01ms, max = 0.01ms, min = 0.01ms, total = 0.01ms
	ray::rpc::WorkerInfoGcsService.grpc_client.AddWorkerInfo.OnReplyReceived - 1 total (0 active), Execution time: mean = 0.03ms, total = 0.03ms, Queueing time: mean = 0.01ms, max = 0.01ms, min = 0.01ms, total = 0.01ms
	ray::rpc::ActorInfoGcsService.grpc_client.GetActorInfo.OnReplyReceived - 1 total (0 active), Execution time: mean = 0.66ms, total = 0.66ms, Queueing time: mean = 0.01ms, max = 0.01ms, min = 0.01ms, total = 0.01ms

-----------------
Task execution event stats:

Global stats: 0 total (0 active)
Queueing time: mean = -nanms, max = -0.00ms, min = 9223372036854.78ms, total = 0.00ms
Execution time:  mean = -nanms, total = 0.00ms
Event stats:

-----------------
Task Event stats:

IO Service Stats:

Global stats: 1621 total (1 active)
Queueing time: mean = 0.01ms, max = 0.08ms, min = 0.01ms, total = 16.21ms
Execution time:  mean = 0.18ms, total = 298.82ms
Event stats:
	CoreWorker.deadline_timer.flush_task_events - 540 total (1 active), Execution time: mean = 0.12ms, total = 62.72ms, Queueing time: mean = 0.02ms, max = 0.04ms, min = 0.01ms, total = 9.58ms
	ray::rpc::TaskInfoGcsService.grpc_client.AddTaskEventData.OnReplyReceived - 540 total (0 active), Execution time: mean = 0.02ms, total = 9.06ms, Queueing time: mean = 0.01ms, max = 0.08ms, min = 0.01ms, total = 6.62ms
	ray::rpc::TaskInfoGcsService.grpc_client.AddTaskEventData - 540 total (0 active), Execution time: mean = 0.42ms, total = 226.68ms, Queueing time: mean = 0.00ms, max = -0.00ms, min = 9223372036854.78ms, total = 0.00ms
	PeriodicalRunner.RunFnPeriodically - 1 total (0 active), Execution time: mean = 0.37ms, total = 0.37ms, Queueing time: mean = 0.01ms, max = 0.01ms, min = 0.01ms, total = 0.01ms
Other Stats:
	gcs_grpc_in_progress:0
	event_aggregator_grpc_in_progress:0
	current number of task status events in buffer: 0
	current number of profile events in buffer: 0
	current number of dropped task attempts tracked: 0
	total task events sent: 0.00124359 MiB
	total number of task attempts sent: 5
	total number of task attempts dropped reported: 0
	total number of sent failure: 0
	num status task events dropped: 0
	num profile task events dropped: 0
	num ray task events reported to aggregator: 0
	num ray task events failed to report to aggregator: 0
	num of task attempts dropped reported to aggregator: 0
	num of failed requests to aggregator: 0

[2025-11-28 15:46:30,962 I 673348 673427] (python-core-worker-3293f9baf9f0772a29df934ce9aa40562820dbe52583e5e641f030c5) core_worker.cc:455: Event stats:


Global stats: 7846 total (10 active)
Queueing time: mean = 3.84ms, max = 1000.44ms, min = -0.01ms, total = 30140.38ms
Execution time:  mean = 3.17ms, total = 24888.22ms
Event stats:
	CoreWorker.RecoverObjects - 5399 total (1 active), Execution time: mean = 0.00ms, total = 15.37ms, Queueing time: mean = 0.02ms, max = 1.00ms, min = -0.01ms, total = 103.20ms
	NodeManagerService.grpc_client.ReportWorkerBacklog.OnReplyReceived - 540 total (0 active), Execution time: mean = 0.02ms, total = 12.68ms, Queueing time: mean = 0.02ms, max = 0.07ms, min = 0.00ms, total = 8.46ms
	CoreWorker.ExitIfParentRayletDies - 540 total (1 active), Execution time: mean = 0.01ms, total = 3.24ms, Queueing time: mean = 0.02ms, max = 0.07ms, min = 0.00ms, total = 8.34ms
	CoreWorker.InternalHeartbeat - 540 total (1 active), Execution time: mean = 0.18ms, total = 98.77ms, Queueing time: mean = 0.02ms, max = 0.82ms, min = -0.00ms, total = 8.94ms
	NodeManagerService.grpc_client.ReportWorkerBacklog - 540 total (0 active), Execution time: mean = 0.53ms, total = 285.47ms, Queueing time: mean = 0.00ms, max = -0.00ms, min = 9223372036854.78ms, total = 0.00ms
	CoreWorker.RecordMetrics - 108 total (1 active), Execution time: mean = 0.07ms, total = 7.06ms, Queueing time: mean = 0.01ms, max = 0.02ms, min = 0.01ms, total = 1.41ms
	CoreWorker.TryDelPendingObjectRefStreams - 54 total (1 active), Execution time: mean = 0.00ms, total = 0.16ms, Queueing time: mean = 0.07ms, max = 0.50ms, min = 0.01ms, total = 3.65ms
	ReporterService.grpc_client.HealthCheck.OnReplyReceived - 31 total (0 active), Execution time: mean = 0.03ms, total = 1.02ms, Queueing time: mean = 0.02ms, max = 0.08ms, min = 0.01ms, total = 0.60ms
	ReporterService.grpc_client.HealthCheck - 31 total (0 active), Execution time: mean = 0.16ms, total = 5.00ms, Queueing time: mean = 0.00ms, max = -0.00ms, min = 9223372036854.78ms, total = 0.00ms
	MetricsAgentClient.WaitForServerReadyWithRetry - 30 total (0 active), Execution time: mean = 0.11ms, total = 3.16ms, Queueing time: mean = 1000.05ms, max = 1000.44ms, min = 1000.01ms, total = 30001.61ms
	CoreWorker.PrintEventStats - 9 total (1 active, 1 running), Execution time: mean = 0.47ms, total = 4.23ms, Queueing time: mean = 0.01ms, max = 0.02ms, min = 0.01ms, total = 0.11ms
	PeriodicalRunner.RunFnPeriodically - 7 total (0 active), Execution time: mean = 0.14ms, total = 0.96ms, Queueing time: mean = 0.36ms, max = 0.92ms, min = 0.02ms, total = 2.49ms
	CoreWorkerService.grpc_server.PushTask.HandleRequestImpl - 2 total (0 active), Execution time: mean = 0.23ms, total = 0.46ms, Queueing time: mean = 0.02ms, max = 0.02ms, min = 0.02ms, total = 0.04ms
	Publisher.CheckDeadSubscribers - 2 total (1 active), Execution time: mean = 0.00ms, total = 0.00ms, Queueing time: mean = 0.01ms, max = 0.01ms, min = 0.01ms, total = 0.01ms
	CoreWorkerService.grpc_server.PushTask - 2 total (1 active), Execution time: mean = 12223.26ms, total = 24446.51ms, Queueing time: mean = 0.00ms, max = -0.00ms, min = 9223372036854.78ms, total = 0.00ms
	ray::rpc::InternalPubSubGcsService.grpc_client.GcsSubscriberCommandBatch - 1 total (0 active), Execution time: mean = 0.60ms, total = 0.60ms, Queueing time: mean = 0.00ms, max = -0.00ms, min = 9223372036854.78ms, total = 0.00ms
	ray::rpc::WorkerInfoGcsService.grpc_client.AddWorkerInfo.OnReplyReceived - 1 total (0 active), Execution time: mean = 0.08ms, total = 0.08ms, Queueing time: mean = 0.79ms, max = 0.79ms, min = 0.79ms, total = 0.79ms
	CoreWorker.SubmitTask - 1 total (0 active), Execution time: mean = 0.59ms, total = 0.59ms, Queueing time: mean = 0.03ms, max = 0.03ms, min = 0.03ms, total = 0.03ms
	NodeManagerService.grpc_client.RequestWorkerLease - 1 total (1 active), Execution time: mean = 0.00ms, total = 0.00ms, Queueing time: mean = 0.00ms, max = -0.00ms, min = 9223372036854.78ms, total = 0.00ms
	ray::rpc::InternalPubSubGcsService.grpc_client.GcsSubscriberPoll - 1 total (1 active), Execution time: mean = 0.00ms, total = 0.00ms, Queueing time: mean = 0.00ms, max = -0.00ms, min = 9223372036854.78ms, total = 0.00ms
	ray::rpc::PlacementGroupInfoGcsService.grpc_client.CreatePlacementGroup.OnReplyReceived - 1 total (0 active), Execution time: mean = 0.08ms, total = 0.08ms, Queueing time: mean = 0.03ms, max = 0.03ms, min = 0.03ms, total = 0.03ms
	ray::rpc::InternalPubSubGcsService.grpc_client.GcsSubscriberCommandBatch.OnReplyReceived - 1 total (0 active), Execution time: mean = 0.27ms, total = 0.27ms, Queueing time: mean = 0.64ms, max = 0.64ms, min = 0.64ms, total = 0.64ms
	ray::rpc::NodeInfoGcsService.grpc_client.GetAllNodeAddressAndLiveness.OnReplyReceived - 1 total (0 active), Execution time: mean = 0.07ms, total = 0.07ms, Queueing time: mean = 0.02ms, max = 0.02ms, min = 0.02ms, total = 0.02ms
	ray::rpc::WorkerInfoGcsService.grpc_client.AddWorkerInfo - 1 total (0 active), Execution time: mean = 0.78ms, total = 0.78ms, Queueing time: mean = 0.00ms, max = -0.00ms, min = 9223372036854.78ms, total = 0.00ms
	ray::rpc::NodeInfoGcsService.grpc_client.GetAllNodeAddressAndLiveness - 1 total (0 active), Execution time: mean = 0.93ms, total = 0.93ms, Queueing time: mean = 0.00ms, max = -0.00ms, min = 9223372036854.78ms, total = 0.00ms
	ray::rpc::PlacementGroupInfoGcsService.grpc_client.CreatePlacementGroup - 1 total (0 active), Execution time: mean = 0.72ms, total = 0.72ms, Queueing time: mean = 0.00ms, max = -0.00ms, min = 9223372036854.78ms, total = 0.00ms

-----------------
Task execution event stats:

Global stats: 5 total (2 active)
Queueing time: mean = 4887.30ms, max = 24436.48ms, min = 0.00ms, total = 24436.50ms
Execution time:  mean = 4889.22ms, total = 24446.10ms
Event stats:
	CoreWorker.CheckSignal - 2 total (1 active), Execution time: mean = 0.01ms, total = 0.01ms, Queueing time: mean = 12218.24ms, max = 24436.48ms, min = 24436.48ms, total = 24436.48ms
	PeriodicalRunner.RunFnPeriodically - 1 total (0 active), Execution time: mean = 0.01ms, total = 0.01ms, Queueing time: mean = 0.00ms, max = 0.00ms, min = 0.00ms, total = 0.00ms
	CoreWorker.HandlePushTask - 1 total (0 active), Execution time: mean = 24446.07ms, total = 24446.07ms, Queueing time: mean = 0.02ms, max = 0.02ms, min = 0.02ms, total = 0.02ms
	CoreWorker.HandlePushTaskActor - 1 total (1 active, 1 running), Execution time: mean = 0.00ms, total = 0.00ms, Queueing time: mean = 0.00ms, max = -0.00ms, min = 9223372036854.78ms, total = 0.00ms

-----------------
Task Event stats:

IO Service Stats:

Global stats: 1621 total (1 active)
Queueing time: mean = 0.01ms, max = 0.14ms, min = 0.01ms, total = 21.35ms
Execution time:  mean = 0.24ms, total = 395.62ms
Event stats:
	CoreWorker.deadline_timer.flush_task_events - 540 total (1 active), Execution time: mean = 0.18ms, total = 97.18ms, Queueing time: mean = 0.02ms, max = 0.14ms, min = 0.02ms, total = 13.29ms
	ray::rpc::TaskInfoGcsService.grpc_client.AddTaskEventData.OnReplyReceived - 540 total (0 active), Execution time: mean = 0.03ms, total = 14.23ms, Queueing time: mean = 0.01ms, max = 0.04ms, min = 0.01ms, total = 8.04ms
	ray::rpc::TaskInfoGcsService.grpc_client.AddTaskEventData - 540 total (0 active), Execution time: mean = 0.53ms, total = 283.73ms, Queueing time: mean = 0.00ms, max = -0.00ms, min = 9223372036854.78ms, total = 0.00ms
	PeriodicalRunner.RunFnPeriodically - 1 total (0 active), Execution time: mean = 0.49ms, total = 0.49ms, Queueing time: mean = 0.02ms, max = 0.02ms, min = 0.02ms, total = 0.02ms
Other Stats:
	gcs_grpc_in_progress:0
	event_aggregator_grpc_in_progress:0
	current number of task status events in buffer: 0
	current number of profile events in buffer: 0
	current number of dropped task attempts tracked: 0
	total task events sent: 0.00118923 MiB
	total number of task attempts sent: 5
	total number of task attempts dropped reported: 0
	total number of sent failure: 0
	num status task events dropped: 0
	num profile task events dropped: 0
	num ray task events reported to aggregator: 0
	num ray task events failed to report to aggregator: 0
	num of task attempts dropped reported to aggregator: 0
	num of failed requests to aggregator: 0

2025-11-28 15:46:31,778	INFO (monitor) autoscaler.py:147 -- The autoscaler took 0.0 seconds to fetch the list of non-terminated nodes.
2025-11-28 15:46:31,778	INFO (monitor) autoscaler.py:408 -- 
======== Autoscaler status: 2025-11-28 15:46:31.778916 ========
Node status
---------------------------------------------------------------
Active:
 1 node_fbb9841b3107256f006a4e24c5be7456a673f220f17e763ce1348e9e
Pending:
 (no pending nodes)
Recent failures:
 (no failures)

Resources
---------------------------------------------------------------
Total Usage:
 1.0/1.0 CPU
 0.0/1.0 GPU
 0B/349.75GiB memory
 0B/149.89GiB object_store_memory

From request_resources:
 (none)
Pending Demands:
 {'CPU': 1.0, 'GPU': 1.0} * 1 (STRICT_PACK): 1+ pending placement groups
2025-11-28 15:46:31,779	INFO (monitor) autoscaler.py:463 -- The autoscaler took 0.001 seconds to complete the update iteration.
2025-11-28 15:46:36,782	INFO (monitor) autoscaler.py:147 -- The autoscaler took 0.0 seconds to fetch the list of non-terminated nodes.
2025-11-28 15:46:36,782	INFO (monitor) autoscaler.py:408 -- 
======== Autoscaler status: 2025-11-28 15:46:36.782633 ========
Node status
---------------------------------------------------------------
Active:
 1 node_fbb9841b3107256f006a4e24c5be7456a673f220f17e763ce1348e9e
Pending:
 (no pending nodes)
Recent failures:
 (no failures)

Resources
---------------------------------------------------------------
Total Usage:
 1.0/1.0 CPU
 0.0/1.0 GPU
 0B/349.75GiB memory
 0B/149.89GiB object_store_memory

From request_resources:
 (none)
Pending Demands:
 {'CPU': 1.0, 'GPU': 1.0} * 1 (STRICT_PACK): 1+ pending placement groups
2025-11-28 15:46:36,783	INFO (monitor) autoscaler.py:463 -- The autoscaler took 0.001 seconds to complete the update iteration.
2025-11-28 15:46:41,786	INFO (monitor) autoscaler.py:147 -- The autoscaler took 0.0 seconds to fetch the list of non-terminated nodes.
2025-11-28 15:46:41,786	INFO (monitor) autoscaler.py:408 -- 
======== Autoscaler status: 2025-11-28 15:46:41.786421 ========
Node status
---------------------------------------------------------------
Active:
 1 node_fbb9841b3107256f006a4e24c5be7456a673f220f17e763ce1348e9e
Pending:
 (no pending nodes)
Recent failures:
 (no failures)

Resources
---------------------------------------------------------------
Total Usage:
 1.0/1.0 CPU
 0.0/1.0 GPU
 0B/349.75GiB memory
 0B/149.89GiB object_store_memory

From request_resources:
 (none)
Pending Demands:
 {'CPU': 1.0, 'GPU': 1.0} * 1 (STRICT_PACK): 1+ pending placement groups
2025-11-28 15:46:41,787	INFO (monitor) autoscaler.py:463 -- The autoscaler took 0.001 seconds to complete the update iteration.
[2025-11-28 15:46:45,087 I 672498 672498] (gcs_server) gcs_server.cc:926: Gcs Debug state:

GcsNodeManager: 
- RegisterNode request count: 1
- DrainNode request count: 0
- GetAllNodeInfo request count: 11

GcsActorManager: 
- RegisterActor request count: 1
- CreateActor request count: 1
- GetActorInfo request count: 1
- GetNamedActorInfo request count: 0
- GetAllActorInfo request count: 0
- KillActor request count: 0
- ListNamedActors request count: 0
- Registered actors count: 1
- Destroyed actors count: 0
- Named actors count: 0
- Unresolved actors count: 0
- Pending actors count: 0
- Created actors count: 1
- owners_: 1
- actor_to_register_callbacks_: 0
- actor_to_restart_for_lineage_reconstruction_callbacks_: 0
- actor_to_create_callbacks_: 0
- sorted_destroyed_actor_list_: 0

GcsResourceManager: 
- GetAllAvailableResources request count: 1
- GetAllTotalResources request count: 0
- GetAllResourceUsage request count: 120

GcsPlacementGroupManager: 
- CreatePlacementGroup request count: 1
- RemovePlacementGroup request count: 0
- GetPlacementGroup request count: 1
- GetAllPlacementGroup request count: 0
- WaitPlacementGroupUntilReady request count: 0
- GetNamedPlacementGroup request count: 0
- Scheduling pending placement group count: 964
- Registered placement groups count: 1
- Named placement group count: 1
- Pending placement groups count: 1
- Infeasible placement groups count: 0

Publisher:
GCS_NODE_INFO_CHANNEL
- cumulative published messages: 1
- cumulative published bytes: 585
- current buffered bytes: 0
GCS_ACTOR_CHANNEL
- cumulative published messages: 3
- cumulative published bytes: 1321
- current buffered bytes: 169
GCS_JOB_CHANNEL
- cumulative published messages: 1
- cumulative published bytes: 2122
- current buffered bytes: 2122
GCS_WORKER_DELTA_CHANNEL
- cumulative published messages: 1
- cumulative published bytes: 96
- current buffered bytes: 96
GCS_NODE_ADDRESS_AND_LIVENESS_CHANNEL
- cumulative published messages: 1
- cumulative published bytes: 89
- current buffered bytes: 0

[runtime env manager] ID to URIs table:
[runtime env manager] URIs reference table:

GcsTaskManager: 
-Total num task events reported: 10
-Total num status task events dropped: 0
-Total num profile events dropped: 0
-Current num of task events stored: 4
-Total num of actor creation tasks: 1
-Total num of actor tasks: 1
-Total num of normal tasks: 1
-Total num of driver tasks: 1

GcsAutoscalerStateManager: 
- last_seen_autoscaler_state_version_: 0
- last_cluster_resource_state_version_: 120
- pending demands:
	{bundle_group_adfc0b96fa53e5a35df41c354c0e01000000: 0.001, label_selectors: [{}, ]} * 1



[2025-11-28 15:46:45,088 I 672498 672498] (gcs_server) gcs_server.cc:940: Main service Event stats:


Global stats: 7671 total (6 active)
Queueing time: mean = 4.44ms, max = 1000.05ms, min = -0.00ms, total = 34078.16ms
Execution time:  mean = 7.26ms, total = 55714.85ms
Event stats:
	GcsInMemoryStore.Put - 1591 total (0 active), Execution time: mean = 0.62ms, total = 985.53ms, Queueing time: mean = 0.64ms, max = 977.34ms, min = 0.00ms, total = 1024.50ms
	InternalKVGcsService.grpc_server.InternalKVPut - 857 total (0 active), Execution time: mean = 0.20ms, total = 170.23ms, Queueing time: mean = 0.00ms, max = -0.00ms, min = 9223372036854.78ms, total = 0.00ms
	InternalKVGcsService.grpc_server.InternalKVPut.HandleRequestImpl - 857 total (0 active), Execution time: mean = 0.04ms, total = 32.04ms, Queueing time: mean = 0.02ms, max = 0.08ms, min = 0.01ms, total = 13.16ms
	RayletLoadPulled - 600 total (1 active), Execution time: mean = 0.12ms, total = 71.73ms, Queueing time: mean = 0.02ms, max = 0.04ms, min = -0.00ms, total = 10.09ms
	NodeManagerService.grpc_client.GetResourceLoad.OnReplyReceived - 596 total (0 active), Execution time: mean = 0.03ms, total = 20.32ms, Queueing time: mean = 0.02ms, max = 0.05ms, min = 0.01ms, total = 11.02ms
	NodeManagerService.grpc_client.GetResourceLoad - 596 total (0 active), Execution time: mean = 0.58ms, total = 348.43ms, Queueing time: mean = 0.00ms, max = -0.00ms, min = 9223372036854.78ms, total = 0.00ms
	GcsPlacementGroupManager.SchedulePendingPlacementGroups - 482 total (0 active), Execution time: mean = 0.00ms, total = 0.12ms, Queueing time: mean = 0.00ms, max = 0.07ms, min = 0.00ms, total = 2.25ms
	ClusterResourceManager.ResetRemoteNodeView - 201 total (1 active), Execution time: mean = 0.00ms, total = 0.97ms, Queueing time: mean = 0.02ms, max = 0.04ms, min = 0.01ms, total = 4.18ms
	HealthCheck - 196 total (0 active), Execution time: mean = 0.00ms, total = 0.84ms, Queueing time: mean = 0.02ms, max = 0.04ms, min = 0.01ms, total = 3.96ms
	GcsInMemoryStore.Get - 165 total (0 active), Execution time: mean = 0.02ms, total = 2.51ms, Queueing time: mean = 0.01ms, max = 0.03ms, min = 0.00ms, total = 1.05ms
	InternalKVGcsService.grpc_server.InternalKVGet.HandleRequestImpl - 163 total (0 active), Execution time: mean = 0.03ms, total = 4.88ms, Queueing time: mean = 0.02ms, max = 0.37ms, min = 0.01ms, total = 2.47ms
	InternalKVGcsService.grpc_server.InternalKVGet - 163 total (0 active), Execution time: mean = 0.21ms, total = 33.47ms, Queueing time: mean = 0.00ms, max = -0.00ms, min = 9223372036854.78ms, total = 0.00ms
	NodeInfoGcsService.grpc_server.CheckAlive.HandleRequestImpl - 129 total (0 active), Execution time: mean = 0.01ms, total = 1.44ms, Queueing time: mean = 0.02ms, max = 0.04ms, min = 0.01ms, total = 2.48ms
	NodeInfoGcsService.grpc_server.CheckAlive - 129 total (0 active), Execution time: mean = 0.20ms, total = 25.33ms, Queueing time: mean = 0.00ms, max = -0.00ms, min = 9223372036854.78ms, total = 0.00ms
	AutoscalerStateService.grpc_server.GetClusterResourceState - 120 total (0 active), Execution time: mean = 0.17ms, total = 20.88ms, Queueing time: mean = 0.00ms, max = -0.00ms, min = 9223372036854.78ms, total = 0.00ms
	NodeResourceInfoGcsService.grpc_server.GetAllResourceUsage.HandleRequestImpl - 120 total (0 active), Execution time: mean = 0.05ms, total = 5.88ms, Queueing time: mean = 0.02ms, max = 0.03ms, min = 0.01ms, total = 2.38ms
	NodeResourceInfoGcsService.grpc_server.GetAllResourceUsage - 120 total (0 active), Execution time: mean = 0.26ms, total = 31.49ms, Queueing time: mean = 0.00ms, max = -0.00ms, min = 9223372036854.78ms, total = 0.00ms
	GCSServer.deadline_timer.metrics_report - 120 total (1 active), Execution time: mean = 0.09ms, total = 11.34ms, Queueing time: mean = 0.02ms, max = 0.49ms, min = 0.00ms, total = 2.27ms
	AutoscalerStateService.grpc_server.GetClusterResourceState.HandleRequestImpl - 120 total (0 active), Execution time: mean = 0.04ms, total = 4.56ms, Queueing time: mean = 0.01ms, max = 0.04ms, min = 0.01ms, total = 1.67ms
	event_loop_lag_probe - 62 total (0 active), Execution time: mean = 0.01ms, total = 0.40ms, Queueing time: mean = 0.56ms, max = 34.33ms, min = 0.00ms, total = 34.66ms
	GCSServer.deadline_timer.gcs_global_gc - 60 total (1 active), Execution time: mean = 0.00ms, total = 0.21ms, Queueing time: mean = 0.15ms, max = 1.15ms, min = 0.01ms, total = 9.26ms
	ReporterService.grpc_client.HealthCheck.OnReplyReceived - 31 total (0 active), Execution time: mean = 0.03ms, total = 0.92ms, Queueing time: mean = 31.36ms, max = 971.79ms, min = 0.01ms, total = 972.29ms
	ReporterService.grpc_client.HealthCheck - 31 total (0 active), Execution time: mean = 0.20ms, total = 6.17ms, Queueing time: mean = 0.00ms, max = -0.00ms, min = 9223372036854.78ms, total = 0.00ms
	MetricsAgentClient.WaitForServerReadyWithRetry - 30 total (0 active), Execution time: mean = 0.08ms, total = 2.51ms, Queueing time: mean = 1000.02ms, max = 1000.05ms, min = 1000.01ms, total = 30000.54ms
	NodeInfoGcsService.grpc_server.GetClusterId - 10 total (0 active), Execution time: mean = 1.54ms, total = 15.35ms, Queueing time: mean = 0.00ms, max = -0.00ms, min = 9223372036854.78ms, total = 0.00ms
	NodeInfoGcsService.grpc_server.GetClusterId.HandleRequestImpl - 10 total (0 active), Execution time: mean = 0.38ms, total = 3.85ms, Queueing time: mean = 0.87ms, max = 8.47ms, min = 0.01ms, total = 8.66ms
	GCSServer.deadline_timer.debug_state_event_stats_print - 10 total (1 active, 1 running), Execution time: mean = 0.92ms, total = 9.23ms, Queueing time: mean = 0.01ms, max = 0.01ms, min = 0.01ms, total = 0.11ms
	GcsInMemoryStore.GetAll - 8 total (0 active), Execution time: mean = 0.02ms, total = 0.13ms, Queueing time: mean = 0.05ms, max = 0.10ms, min = 0.00ms, total = 0.38ms
	NodeInfoGcsService.grpc_server.GetAllNodeInfo.HandleRequestImpl - 7 total (0 active), Execution time: mean = 0.02ms, total = 0.13ms, Queueing time: mean = 0.01ms, max = 0.02ms, min = 0.01ms, total = 0.08ms
	NodeInfoGcsService.grpc_server.GetAllNodeInfo - 7 total (0 active), Execution time: mean = 0.15ms, total = 1.07ms, Queueing time: mean = 0.00ms, max = -0.00ms, min = 9223372036854.78ms, total = 0.00ms
	PeriodicalRunner.RunFnPeriodically - 5 total (0 active), Execution time: mean = 0.13ms, total = 0.64ms, Queueing time: mean = 393.88ms, max = 978.61ms, min = 3.95ms, total = 1969.40ms
	NodeInfoGcsService.grpc_server.GetAllNodeAddressAndLiveness - 4 total (0 active), Execution time: mean = 0.24ms, total = 0.95ms, Queueing time: mean = 0.00ms, max = -0.00ms, min = 9223372036854.78ms, total = 0.00ms
	NodeInfoGcsService.grpc_server.GetAllNodeAddressAndLiveness.HandleRequestImpl - 4 total (0 active), Execution time: mean = 0.01ms, total = 0.03ms, Queueing time: mean = 0.12ms, max = 0.45ms, min = 0.01ms, total = 0.48ms
	GcsResourceManager::Update - 4 total (0 active), Execution time: mean = 0.04ms, total = 0.18ms, Queueing time: mean = 0.01ms, max = 0.01ms, min = 0.01ms, total = 0.04ms
	GcsHealthCheckManager::MarkNodeHealthy - 4 total (0 active), Execution time: mean = 0.00ms, total = 0.00ms, Queueing time: mean = 0.01ms, max = 0.01ms, min = 0.01ms, total = 0.05ms
	WorkerInfoGcsService.grpc_server.AddWorkerInfo - 3 total (0 active), Execution time: mean = 0.19ms, total = 0.57ms, Queueing time: mean = 0.00ms, max = -0.00ms, min = 9223372036854.78ms, total = 0.00ms
	GcsInMemoryStore.Keys - 3 total (0 active), Execution time: mean = 0.01ms, total = 0.03ms, Queueing time: mean = 0.01ms, max = 0.01ms, min = 0.01ms, total = 0.02ms
	InternalKVGcsService.grpc_server.InternalKVKeys - 3 total (0 active), Execution time: mean = 0.18ms, total = 0.55ms, Queueing time: mean = 0.00ms, max = -0.00ms, min = 9223372036854.78ms, total = 0.00ms
	InternalKVGcsService.grpc_server.InternalKVKeys.HandleRequestImpl - 3 total (0 active), Execution time: mean = 0.04ms, total = 0.11ms, Queueing time: mean = 0.01ms, max = 0.02ms, min = 0.01ms, total = 0.04ms
	WorkerInfoGcsService.grpc_server.AddWorkerInfo.HandleRequestImpl - 3 total (0 active), Execution time: mean = 0.03ms, total = 0.08ms, Queueing time: mean = 0.01ms, max = 0.02ms, min = 0.01ms, total = 0.04ms
	JobInfoGcsService.grpc_server.GetAllJobInfo - 2 total (0 active), Execution time: mean = 0.17ms, total = 0.34ms, Queueing time: mean = 0.00ms, max = -0.00ms, min = 9223372036854.78ms, total = 0.00ms
	JobInfoGcsService.grpc_server.GetAllJobInfo.HandleRequestImpl - 2 total (0 active), Execution time: mean = 0.02ms, total = 0.04ms, Queueing time: mean = 0.01ms, max = 0.01ms, min = 0.01ms, total = 0.03ms
	GcsInMemoryStore.GetNextJobID - 1 total (0 active), Execution time: mean = 0.00ms, total = 0.00ms, Queueing time: mean = 0.00ms, max = 0.00ms, min = 0.00ms, total = 0.00ms
	NodeInfoGcsService.grpc_server.RegisterNode.HandleRequestImpl - 1 total (0 active), Execution time: mean = 0.09ms, total = 0.09ms, Queueing time: mean = 0.02ms, max = 0.02ms, min = 0.02ms, total = 0.02ms
	NodeManagerService.grpc_client.RequestWorkerLease - 1 total (0 active), Execution time: mean = 2009.14ms, total = 2009.14ms, Queueing time: mean = 0.00ms, max = -0.00ms, min = 9223372036854.78ms, total = 0.00ms
	InternalKVGcsService.grpc_server.InternalKVExists.HandleRequestImpl - 1 total (0 active), Execution time: mean = 0.04ms, total = 0.04ms, Queueing time: mean = 0.01ms, max = 0.01ms, min = 0.01ms, total = 0.01ms
	PlacementGroupInfoGcsService.grpc_server.GetPlacementGroup.HandleRequestImpl - 1 total (0 active), Execution time: mean = 0.02ms, total = 0.02ms, Queueing time: mean = 0.01ms, max = 0.01ms, min = 0.01ms, total = 0.01ms
	JobInfoGcsService.grpc_server.GetNextJobID - 1 total (0 active), Execution time: mean = 0.12ms, total = 0.12ms, Queueing time: mean = 0.00ms, max = -0.00ms, min = 9223372036854.78ms, total = 0.00ms
	GcsInitData::AsyncLoad - 1 total (0 active), Execution time: mean = 0.01ms, total = 0.01ms, Queueing time: mean = 0.00ms, max = 0.00ms, min = 0.00ms, total = 0.00ms
	ActorInfoGcsService.grpc_server.GetActorInfo.HandleRequestImpl - 1 total (0 active), Execution time: mean = 0.02ms, total = 0.02ms, Queueing time: mean = 0.01ms, max = 0.01ms, min = 0.01ms, total = 0.01ms
	JobInfoGcsService.grpc_server.GetNextJobID.HandleRequestImpl - 1 total (0 active), Execution time: mean = 0.01ms, total = 0.01ms, Queueing time: mean = 0.01ms, max = 0.01ms, min = 0.01ms, total = 0.01ms
	JobInfoGcsService.grpc_server.AddJob.HandleRequestImpl - 1 total (0 active), Execution time: mean = 0.10ms, total = 0.10ms, Queueing time: mean = 0.03ms, max = 0.03ms, min = 0.03ms, total = 0.03ms
	CoreWorkerService.grpc_client.PushTask - 1 total (0 active), Execution time: mean = 24448.09ms, total = 24448.09ms, Queueing time: mean = 0.00ms, max = -0.00ms, min = 9223372036854.78ms, total = 0.00ms
	InternalKVGcsService.grpc_server.InternalKVMultiGet - 1 total (0 active), Execution time: mean = 0.18ms, total = 0.18ms, Queueing time: mean = 0.00ms, max = -0.00ms, min = 9223372036854.78ms, total = 0.00ms
	NodeInfoGcsService.grpc_server.RegisterNode - 1 total (0 active), Execution time: mean = 0.53ms, total = 0.53ms, Queueing time: mean = 0.00ms, max = -0.00ms, min = 9223372036854.78ms, total = 0.00ms
	InternalKVGcsService.grpc_server.InternalKVDel - 1 total (0 active), Execution time: mean = 0.50ms, total = 0.50ms, Queueing time: mean = 0.00ms, max = -0.00ms, min = 9223372036854.78ms, total = 0.00ms
	NodeResourceInfoGcsService.grpc_server.GetAllAvailableResources.HandleRequestImpl - 1 total (0 active), Execution time: mean = 0.03ms, total = 0.03ms, Queueing time: mean = 0.02ms, max = 0.02ms, min = 0.02ms, total = 0.02ms
	JobInfoGcsService.grpc_server.AddJob - 1 total (0 active), Execution time: mean = 0.39ms, total = 0.39ms, Queueing time: mean = 0.00ms, max = -0.00ms, min = 9223372036854.78ms, total = 0.00ms
	WorkerInfoGcsService.grpc_server.ReportWorkerFailure - 1 total (0 active), Execution time: mean = 1.66ms, total = 1.66ms, Queueing time: mean = 0.00ms, max = -0.00ms, min = 9223372036854.78ms, total = 0.00ms
	CoreWorkerService.grpc_client.PushTask.OnReplyReceived - 1 total (0 active), Execution time: mean = 0.21ms, total = 0.21ms, Queueing time: mean = 0.02ms, max = 0.02ms, min = 0.02ms, total = 0.02ms
	GcsInMemoryStore.Delete - 1 total (0 active), Execution time: mean = 0.01ms, total = 0.01ms, Queueing time: mean = 0.01ms, max = 0.01ms, min = 0.01ms, total = 0.01ms
	ActorInfoGcsService.grpc_server.RegisterActor - 1 total (0 active), Execution time: mean = 0.77ms, total = 0.77ms, Queueing time: mean = 0.00ms, max = -0.00ms, min = 9223372036854.78ms, total = 0.00ms
	PlacementGroupInfoGcsService.grpc_server.GetPlacementGroup - 1 total (0 active), Execution time: mean = 0.14ms, total = 0.14ms, Queueing time: mean = 0.00ms, max = -0.00ms, min = 9223372036854.78ms, total = 0.00ms
	NodeManager.AddNodeCallback - 1 total (0 active), Execution time: mean = 0.43ms, total = 0.43ms, Queueing time: mean = 0.28ms, max = 0.28ms, min = 0.28ms, total = 0.28ms
	InternalKVGcsService.grpc_server.GetInternalConfig.HandleRequestImpl - 1 total (0 active), Execution time: mean = 0.02ms, total = 0.02ms, Queueing time: mean = 0.02ms, max = 0.02ms, min = 0.02ms, total = 0.02ms
	InternalKVGcsService.grpc_server.InternalKVExists - 1 total (0 active), Execution time: mean = 0.17ms, total = 0.17ms, Queueing time: mean = 0.00ms, max = -0.00ms, min = 9223372036854.78ms, total = 0.00ms
	ActorInfoGcsService.grpc_server.CreateActor - 1 total (0 active), Execution time: mean = 26458.67ms, total = 26458.67ms, Queueing time: mean = 0.00ms, max = -0.00ms, min = 9223372036854.78ms, total = 0.00ms
	InternalKVGcsService.grpc_server.GetInternalConfig - 1 total (0 active), Execution time: mean = 0.27ms, total = 0.27ms, Queueing time: mean = 0.00ms, max = -0.00ms, min = 9223372036854.78ms, total = 0.00ms
	ActorInfoGcsService.grpc_server.RegisterActor.HandleRequestImpl - 1 total (0 active), Execution time: mean = 0.60ms, total = 0.60ms, Queueing time: mean = 0.02ms, max = 0.02ms, min = 0.02ms, total = 0.02ms
	InternalKVGcsService.grpc_server.InternalKVMultiGet.HandleRequestImpl - 1 total (0 active), Execution time: mean = 0.05ms, total = 0.05ms, Queueing time: mean = 0.01ms, max = 0.01ms, min = 0.01ms, total = 0.01ms
	PlacementGroupInfoGcsService.grpc_server.CreatePlacementGroup - 1 total (0 active), Execution time: mean = 0.32ms, total = 0.32ms, Queueing time: mean = 0.00ms, max = -0.00ms, min = 9223372036854.78ms, total = 0.00ms
	InternalKVGcsService.grpc_server.InternalKVDel.HandleRequestImpl - 1 total (0 active), Execution time: mean = 0.03ms, total = 0.03ms, Queueing time: mean = 0.01ms, max = 0.01ms, min = 0.01ms, total = 0.01ms
	CoreWorkerService.grpc_client.WaitForActorRefDeleted - 1 total (1 active), Execution time: mean = 0.00ms, total = 0.00ms, Queueing time: mean = 0.00ms, max = -0.00ms, min = 9223372036854.78ms, total = 0.00ms
	NodeResourceInfoGcsService.grpc_server.GetAllAvailableResources - 1 total (0 active), Execution time: mean = 0.28ms, total = 0.28ms, Queueing time: mean = 0.00ms, max = -0.00ms, min = 9223372036854.78ms, total = 0.00ms
	NodeManagerService.grpc_client.RequestWorkerLease.OnReplyReceived - 1 total (0 active), Execution time: mean = 0.40ms, total = 0.40ms, Queueing time: mean = 0.02ms, max = 0.02ms, min = 0.02ms, total = 0.02ms
	ActorInfoGcsService.grpc_server.GetActorInfo - 1 total (0 active), Execution time: mean = 0.15ms, total = 0.15ms, Queueing time: mean = 0.00ms, max = -0.00ms, min = 9223372036854.78ms, total = 0.00ms
	ActorInfoGcsService.grpc_server.CreateActor.HandleRequestImpl - 1 total (0 active), Execution time: mean = 0.58ms, total = 0.58ms, Queueing time: mean = 0.02ms, max = 0.02ms, min = 0.02ms, total = 0.02ms
	GcsInMemoryStore.Exists - 1 total (0 active), Execution time: mean = 0.01ms, total = 0.01ms, Queueing time: mean = 0.01ms, max = 0.01ms, min = 0.01ms, total = 0.01ms
	WorkerInfoGcsService.grpc_server.ReportWorkerFailure.HandleRequestImpl - 1 total (0 active), Execution time: mean = 0.04ms, total = 0.04ms, Queueing time: mean = 0.03ms, max = 0.03ms, min = 0.03ms, total = 0.03ms
	GcsHealthCheckManager::AddNode - 1 total (0 active), Execution time: mean = 0.01ms, total = 0.01ms, Queueing time: mean = 0.00ms, max = 0.00ms, min = 0.00ms, total = 0.00ms
	PlacementGroupInfoGcsService.grpc_server.CreatePlacementGroup.HandleRequestImpl - 1 total (0 active), Execution time: mean = 0.15ms, total = 0.15ms, Queueing time: mean = 0.01ms, max = 0.01ms, min = 0.01ms, total = 0.01ms
	GcsServer.GetOrGenerateClusterId.continuation - 1 total (0 active), Execution time: mean = 975.13ms, total = 975.13ms, Queueing time: mean = 0.00ms, max = 0.00ms, min = 0.00ms, total = 0.00ms


[2025-11-28 15:46:45,088 I 672498 672498] (gcs_server) gcs_server.cc:944: task_io_context Event stats:


Global stats: 2414 total (1 active)
Queueing time: mean = 0.01ms, max = 0.57ms, min = 0.00ms, total = 23.53ms
Execution time:  mean = 0.08ms, total = 194.81ms
Event stats:
	TaskInfoGcsService.grpc_server.AddTaskEventData.HandleRequestImpl - 1115 total (0 active), Execution time: mean = 0.01ms, total = 7.60ms, Queueing time: mean = 0.02ms, max = 0.04ms, min = 0.01ms, total = 20.64ms
	TaskInfoGcsService.grpc_server.AddTaskEventData - 1115 total (0 active), Execution time: mean = 0.17ms, total = 185.44ms, Queueing time: mean = 0.00ms, max = -0.00ms, min = 9223372036854.78ms, total = 0.00ms
	GcsTaskManager.GcJobSummary - 121 total (1 active), Execution time: mean = 0.00ms, total = 0.59ms, Queueing time: mean = 0.02ms, max = 0.03ms, min = 0.01ms, total = 2.00ms
	event_loop_lag_probe - 62 total (0 active), Execution time: mean = 0.02ms, total = 1.17ms, Queueing time: mean = 0.01ms, max = 0.57ms, min = 0.00ms, total = 0.87ms
	PeriodicalRunner.RunFnPeriodically - 1 total (0 active), Execution time: mean = 0.02ms, total = 0.02ms, Queueing time: mean = 0.02ms, max = 0.02ms, min = 0.02ms, total = 0.02ms


[2025-11-28 15:46:45,088 I 672498 672498] (gcs_server) gcs_server.cc:944: pubsub_io_context Event stats:


Global stats: 111 total (6 active)
Queueing time: mean = 0.02ms, max = 0.77ms, min = 0.00ms, total = 1.95ms
Execution time:  mean = 25362.49ms, total = 2815236.90ms
Event stats:
	event_loop_lag_probe - 62 total (0 active), Execution time: mean = 0.02ms, total = 1.07ms, Queueing time: mean = 0.02ms, max = 0.77ms, min = 0.00ms, total = 1.09ms
	InternalPubSubGcsService.grpc_server.GcsSubscriberPoll.HandleRequestImpl - 14 total (0 active), Execution time: mean = 0.04ms, total = 0.55ms, Queueing time: mean = 0.04ms, max = 0.15ms, min = 0.01ms, total = 0.61ms
	InternalPubSubGcsService.grpc_server.GcsSubscriberPoll - 14 total (5 active), Execution time: mean = 201088.10ms, total = 2815233.36ms, Queueing time: mean = 0.00ms, max = -0.00ms, min = 9223372036854.78ms, total = 0.00ms
	InternalPubSubGcsService.grpc_server.GcsSubscriberCommandBatch.HandleRequestImpl - 8 total (0 active), Execution time: mean = 0.05ms, total = 0.44ms, Queueing time: mean = 0.02ms, max = 0.02ms, min = 0.01ms, total = 0.13ms
	InternalPubSubGcsService.grpc_server.GcsSubscriberCommandBatch - 8 total (0 active), Execution time: mean = 0.18ms, total = 1.41ms, Queueing time: mean = 0.00ms, max = -0.00ms, min = 9223372036854.78ms, total = 0.00ms
	Publisher.CheckDeadSubscribers - 3 total (1 active), Execution time: mean = 0.02ms, total = 0.05ms, Queueing time: mean = 0.02ms, max = 0.06ms, min = 0.02ms, total = 0.07ms
	RemoveSubscriberFrom - 1 total (0 active), Execution time: mean = 0.01ms, total = 0.01ms, Queueing time: mean = 0.02ms, max = 0.02ms, min = 0.02ms, total = 0.02ms
	PeriodicalRunner.RunFnPeriodically - 1 total (0 active), Execution time: mean = 0.01ms, total = 0.01ms, Queueing time: mean = 0.02ms, max = 0.02ms, min = 0.02ms, total = 0.02ms


[2025-11-28 15:46:45,088 I 672498 672498] (gcs_server) gcs_server.cc:944: ray_syncer_io_context Event stats:


Global stats: 72 total (0 active)
Queueing time: mean = 0.03ms, max = 1.29ms, min = 0.00ms, total = 1.91ms
Execution time:  mean = 0.02ms, total = 1.77ms
Event stats:
	event_loop_lag_probe - 62 total (0 active), Execution time: mean = 0.02ms, total = 1.30ms, Queueing time: mean = 0.03ms, max = 1.29ms, min = 0.00ms, total = 1.75ms
	RaySyncer.BroadcastMessage - 4 total (0 active), Execution time: mean = 0.01ms, total = 0.04ms, Queueing time: mean = 0.00ms, max = 0.00ms, min = 0.00ms, total = 0.00ms
	 - 4 total (0 active), Execution time: mean = 0.10ms, total = 0.42ms, Queueing time: mean = 0.02ms, max = 0.03ms, min = 0.01ms, total = 0.09ms
	RaySyncerRegister - 2 total (0 active), Execution time: mean = 0.00ms, total = 0.01ms, Queueing time: mean = 0.03ms, max = 0.04ms, min = 0.02ms, total = 0.06ms


[2025-11-28 15:46:45,088 I 672498 672498] (gcs_server) gcs_server.cc:944: ray_event_io_context Event stats:


Global stats: 62 total (0 active)
Queueing time: mean = 0.02ms, max = 1.12ms, min = 0.00ms, total = 1.45ms
Execution time:  mean = 0.01ms, total = 0.89ms
Event stats:
	event_loop_lag_probe - 62 total (0 active), Execution time: mean = 0.01ms, total = 0.89ms, Queueing time: mean = 0.02ms, max = 1.12ms, min = 0.00ms, total = 1.45ms


slurmstepd: error: *** STEP 16349220.2 ON gpu-b10-2 CANCELLED AT 2025-11-28T15:46:46 DUE TO TIME LIMIT ***
slurmstepd: error: *** STEP 16349220.1 ON gpu-b10-2 CANCELLED AT 2025-11-28T15:46:46 DUE TO TIME LIMIT ***
slurmstepd: error: *** JOB 16349220 ON gpu-b10-2 CANCELLED AT 2025-11-28T15:46:46 DUE TO TIME LIMIT ***
*** SIGTERM received at time=1764362806 on cpu 96 ***
srun: Job step aborted: Waiting up to 32 seconds for job step to finish.
srun: Job step aborted: Waiting up to 32 seconds for job step to finish.
[2025-11-28 15:46:46,023 I 672801 672801] (raylet) main.cc:1033: received SIGTERM. Existing local drain request = None
[2025-11-28 15:46:46,023 I 672801 672801] (raylet) main.cc:415: Raylet graceful shutdown triggered with death info: reason: EXPECTED_TERMINATION
reason_message: "received SIGTERM"

[2025-11-28 15:46:46,023 I 672801 672801] (raylet) accessor.cc:186: Unregistering node node_id=fbb9841b3107256f006a4e24c5be7456a673f220f17e763ce1348e9e
[2025-11-28 15:46:46,023 I 672498 672498] (gcs_server) gcs_node_manager.cc:597: , death reason = EXPECTED_TERMINATION, death message = received SIGTERM node_id=fbb9841b3107256f006a4e24c5be7456a673f220f17e763ce1348e9e node_name=10.102.35.9
[2025-11-28 15:46:46,023 I 672498 672498] (gcs_server) gcs_placement_group_manager.cc:685: Node is dead, rescheduling the placement groups on the dead node. node_id=fbb9841b3107256f006a4e24c5be7456a673f220f17e763ce1348e9e
[2025-11-28 15:46:46,023 I 672498 672498] (gcs_server) gcs_actor_manager.cc:1312: Node died; killing actors that were owned by workers on it: b2c310e681da2f9843c73f7501000000 node_id=fbb9841b3107256f006a4e24c5be7456a673f220f17e763ce1348e9e
[2025-11-28 15:46:46,023 I 672498 672498] (gcs_server) gcs_actor_manager.cc:989: Destroying actor, force_kill=1, timeout_ms=-1 job_id=01000000 actor_id=b2c310e681da2f9843c73f7501000000
[2025-11-28 15:46:46,023 I 672801 672801] (raylet) accessor.cc:194: Finished unregistering node info, status = OK node_id=fbb9841b3107256f006a4e24c5be7456a673f220f17e763ce1348e9e
[2025-11-28 15:46:46,023 I 672498 672498] (gcs_server) gcs_job_manager.cc:489: Node is dead, marking all jobs with drivers on this node as finished. node_id=fbb9841b3107256f006a4e24c5be7456a673f220f17e763ce1348e9e
[2025-11-28 15:46:46,025 I 672950 673266] (python-core-driver-01000000ffffffffffffffffffffffffffffffffffffffffffffffff) accessor.cc:540: Received address and liveness notification for node, IsAlive = 0 node_id=fbb9841b3107256f006a4e24c5be7456a673f220f17e763ce1348e9e
[2025-11-28 15:46:46,025 I 672950 673266] (python-core-driver-01000000ffffffffffffffffffffffffffffffffffffffffffffffff) core_worker.cc:740: Node failure. All objects pinned on that node will be lost if object reconstruction is not enabled. node_id=fbb9841b3107256f006a4e24c5be7456a673f220f17e763ce1348e9e
[2025-11-28 15:46:46,023 W 672801 672824] (raylet) store.cc:365: Disconnecting client due to connection error with code 2: End of file
[2025-11-28 15:46:46,025 I 672950 673266] (python-core-driver-01000000ffffffffffffffffffffffffffffffffffffffffffffffff) normal_task_submitter.cc:824: Number of alive nodes:0
[2025-11-28 15:46:46,024 I 672498 672498] (gcs_server) gcs_job_manager.cc:157: Marking job as finished. job_id=01000000
[2025-11-28 15:46:46,025 I 672950 673266] (python-core-driver-01000000ffffffffffffffffffffffffffffffffffffffffffffffff) actor_manager.cc:236: received notification on actor, state: DEAD, ip address: 10.102.35.9, port: 10004, num_restarts: 0, death context type=ActorDiedErrorContext actor_id=b2c310e681da2f9843c73f7501000000 worker_id=3293f9baf9f0772a29df934ce9aa40562820dbe52583e5e641f030c5 node_id=fbb9841b3107256f006a4e24c5be7456a673f220f17e763ce1348e9e
[2025-11-28 15:46:46,025 I 672950 673266] (python-core-driver-01000000ffffffffffffffffffffffffffffffffffffffffffffffff) actor_task_submitter.cc:423: Failing pending tasks for actor because the actor is already dead. actor_id=b2c310e681da2f9843c73f7501000000
PC: @     0x14e871847628  (unknown)  pthread_cond_timedwait@@GLIBC_2.3.2
[2025-11-28 15:46:46,025 I 672498 672498] (gcs_server) gcs_placement_group_manager.cc:766: Removed placement group because its job finished. placement_group_id=adfc0b96fa53e5a35df41c354c0e01000000
[2025-11-28 15:46:46,025 I 672801 672801] (raylet) agent_manager.cc:116: Killing agent dashboard_agent, pid 672898.
    @     0x14e87184b990  (unknown)  (unknown)
[2025-11-28 15:46:46,025 I 673348 673427] (python-core-worker-3293f9baf9f0772a29df934ce9aa40562820dbe52583e5e641f030c5) accessor.cc:540: Received address and liveness notification for node, IsAlive = 0 node_id=fbb9841b3107256f006a4e24c5be7456a673f220f17e763ce1348e9e
[2025-11-28 15:46:46,025 I 673348 673427] (python-core-worker-3293f9baf9f0772a29df934ce9aa40562820dbe52583e5e641f030c5) core_worker.cc:740: Node failure. All objects pinned on that node will be lost if object reconstruction is not enabled. node_id=fbb9841b3107256f006a4e24c5be7456a673f220f17e763ce1348e9e
[2025-11-28 15:46:46,025 I 673348 673427] (python-core-worker-3293f9baf9f0772a29df934ce9aa40562820dbe52583e5e641f030c5) normal_task_submitter.cc:824: Number of alive nodes:0
[failure_signal_handler.cc : 345] RAW: Signal 15 raised at PC=0x14e8718485fa while already in AbslFailureSignalHandler()
*** SIGTERM received at time=1764362806 on cpu 96 ***
PC: @     0x14e8718485fa  (unknown)  pthread_sigmask
    @     0x14e87184b990       3664  (unknown)
[2025-11-28 15:46:46,036 I 672801 672899] (raylet) agent_manager.cc:83: Agent process with name dashboard_agent exited, exit code 0.
[2025-11-28 15:46:46,036 I 672801 672801] (raylet) agent_manager.cc:116: Killing agent runtime_env_agent, pid 672900.
[2025-11-28 15:46:46,042 I 672801 672901] (raylet) agent_manager.cc:83: Agent process with name runtime_env_agent exited, exit code 0.
[2025-11-28 15:46:46,042 I 672801 672801] (raylet) stats.h:149: Stats module has shutdown.
[2025-11-28 15:46:46,045 I 672498 672498] (gcs_server) gcs_actor_manager.cc:1846: Node with actor is already dead, return status: RpcError: RPC error: Cancelling all calls rpc_code: 14 actor_id=b2c310e681da2f9843c73f7501000000 node_id=fbb9841b3107256f006a4e24c5be7456a673f220f17e763ce1348e9e
[2025-11-28 15:46:46,065 W 672950 673266] (python-core-driver-01000000ffffffffffffffffffffffffffffffffffffffffffffffff) task_manager.cc:1351: Task attempt 16310a0f0a45af5cb2c310e681da2f9843c73f7501000000 failed with error ACTOR_DIED Fail immediately? 0, status IOError: The actor was restarted, error info actor_died_error {
  actor_died_error_context {
    error_message: "The actor is dead because its owner has died. Owner Id: 01000000ffffffffffffffffffffffffffffffffffffffffffffffff Owner Ip address: 10.102.35.9 Owner worker exit type: SYSTEM_ERROR Worker exit detail: Owner\'s node has crashed."
    owner_id: "\001\000\000\000\377\377\377\377\377\377\377\377\377\377\377\377\377\377\377\377\377\377\377\377\377\377\377\377"
    owner_ip_address: "10.102.35.9"
    node_ip_address: "10.102.35.9"
    pid: 673348
    ray_namespace: "8c5a0486-e2d0-48ee-ae89-371b33f39c61"
    class_name: "TaskRunner"
    actor_id: "\262\303\020\346\201\332/\230C\307?u\001\000\000\000"
    reason: OWNER_DIED
  }
}
error_message: "The actor is dead because its owner has died. Owner Id: 01000000ffffffffffffffffffffffffffffffffffffffffffffffff Owner Ip address: 10.102.35.9 Owner worker exit type: SYSTEM_ERROR Worker exit detail: Owner\'s node has crashed."
error_type: ACTOR_DIED

[2025-11-28 15:46:46,068 I 672498 672524] (gcs_server) ray_syncer_bidi_reactor_base.h:186: Failed to read a message from node: fbb9841b3107256f006a4e24c5be7456a673f220f17e763ce1348e9e
[2025-11-28 15:46:46,068 I 672498 672524] (gcs_server) ray_syncer.cc:245: Connection is broken. node_id=fbb9841b3107256f006a4e24c5be7456a673f220f17e763ce1348e9e
[2025-11-28 15:46:46,073 I 672950 673266] (python-core-driver-01000000ffffffffffffffffffffffffffffffffffffffffffffffff) task_manager.cc:1232: task 16310a0f0a45af5cb2c310e681da2f9843c73f7501000000 retries left: 0, oom retries left: 0, task failed due to oom: 0
[2025-11-28 15:46:46,075 I 672950 673266] (python-core-driver-01000000ffffffffffffffffffffffffffffffffffffffffffffffff) task_manager.cc:1246: No retries left for task 16310a0f0a45af5cb2c310e681da2f9843c73f7501000000, not going to resubmit.
[2025-11-28 15:46:46,085 I 672950 673266] (python-core-driver-01000000ffffffffffffffffffffffffffffffffffffffffffffffff) task_manager.cc:1322: Task failed: IOError: The actor was restarted: Type=ACTOR_TASK, Language=PYTHON, Resources: {}, function_descriptor={type=PythonFunctionDescriptor, module_name=main_ppo, class_name=TaskRunner, function_name=run, function_hash=}, task_id=16310a0f0a45af5cb2c310e681da2f9843c73f7501000000, task_name=TaskRunner.run, job_id=01000000, num_args=2, num_returns=1, max_retries=0, depth=1, attempt_number=0, actor_task_spec={actor_id=b2c310e681da2f9843c73f7501000000, actor_caller_id=ffffffffffffffffffffffffffffffffffffffff01000000, seq_no=0, retry_exceptions=0}, runtime_env_hash=-1580796864, eager_install=1, setup_timeout_seconds=600
